isco4_code,isco4_label,isco2_code,isco2_label,employment_estonia,felten_aei_isco4_exposure,ilo_wp140_exposure,demirev_ai_products_exposure,felten_aei_isco4_z,ilo_wp140_z,demirev_ai_products_z,felten_aei_isco4_quintile,ilo_wp140_quintile,demirev_ai_products_quintile,ensemble_z_mean,ensemble_z_sd,n_models,top_quintile_count,bottom_quintile_count,tier_label_quintile,tier_label_ensemble,tootukassa_balance_national,tootukassa_demand_national,notes
0110,Commissioned armed forces officers,01,Armed forces officers,0,,0.0,0.0976,,-0.6854777735548961,-0.5356417123143259,,2,2,-0.610559742934611,0.07491803062028513,2,0,0,Mixed,Mixed,,,partial_coverage|no_employment_signal
0210,Non-commissioned armed forces officers,02,Armed forces NCOs,0,,0.0,0.1824,,-0.6854777735548961,-0.02087300690079241,,2,3,-0.3531753902278443,0.33230238332705186,2,0,0,Mixed,Mixed,,,partial_coverage|no_employment_signal
0211,Physical and earth science professionals,02,Armed forces NCOs,0,0.9142,,,1.2134782232931451,,,5,,,1.2134782232931451,0.0,1,1,0,Insufficient coverage,Insufficient coverage,,,partial_coverage|no_employment_signal
0310,"Armed forces occupations, other ranks",03,"Armed forces, other",0,,0.0,0.0829,,-0.6854777735548961,-0.6248763817669077,,2,2,-0.6551770776609019,0.0303006958939942,2,0,0,Mixed,Mixed,,,partial_coverage|no_employment_signal
0315,Ship and aircraft controllers and technicians,03,"Armed forces, other",0,0.7306,,,0.5191467258188965,,,4,,,0.5191467258188965,0.0,1,0,0,Insufficient coverage,Insufficient coverage,,,partial_coverage|no_employment_signal
1111,Legislators,11,Chief executives & legislators,114,,0.0,0.2263,,-0.6854777735548961,0.2456169243215439,,2,4,-0.2199304246166761,0.46554734893822003,2,0,0,Mixed,Mixed,,,partial_coverage
1112,Senior government officials,11,Chief executives & legislators,722,0.8694,0.0,0.1627,1.0440552870902782,-0.6854777735548961,-0.14045960473860616,4,2,3,0.0727059695989253,0.7219883764198947,3,0,0,Mixed,Mixed,,,
1113,Traditional chiefs and heads of villages,11,Chief executives & legislators,0,0.9686,0.66,,1.4192060743966264,1.5398503414965126,,5,5,,1.4795282079465695,0.06032213354994309,2,2,0,Robust High,Robust High,,,partial_coverage|no_employment_signal
1114,Senior officials of special-interest organizations,11,Chief executives & legislators,160,0.8594,0.0,0.2193,1.0062376674021387,-0.6854777735548961,0.20312422458221915,4,2,4,0.17462803947648722,0.6909338162792433,3,0,0,Mixed,Mixed,,,
1120,Managing directors and chief executives,11,Chief executives & legislators,1386,0.8622,0.0,0.2017,1.0168266009148175,-0.6854777735548961,0.09628543666620273,4,2,4,0.14254475467537467,0.6957322230148061,3,0,0,Mixed,Mixed,2.0,3.0,
1211,Finance managers,12,Administrative & commercial mgrs,1361,1.0,0.0,0.3795,1.5379534002173856,-0.6854777735548961,1.17560001004505,5,2,5,0.6760252122358464,0.9740269606399256,3,2,0,Contested High,Contested High,3.0,3.0,
1212,Human resource managers,12,Administrative & commercial mgrs,1252,0.9593,0.0,0.1791,1.3840356880866564,-0.6854777735548961,-0.04090527963504546,5,2,3,0.21921754496557164,0.8646654092335576,3,1,0,Contested High,Mixed,3.0,3.0,
1213,Policy and planning managers,12,Administrative & commercial mgrs,696,0.8651,0.0,0.3074,1.0277937106243782,-0.6854777735548961,0.7379252027300057,4,2,5,0.3600803799331626,0.7487321849683621,3,1,0,Contested High,Mixed,,,
1219,Business services and administration managers not elsewhere classified,12,Administrative & commercial mgrs,6349,0.8571,0.0,0.1788,0.9975396148738662,-0.6854777735548961,-0.042726395338159515,4,2,3,0.08977848199360351,0.6934479261035261,3,0,0,Mixed,Mixed,3.0,3.0,
1221,Sales and marketing managers,12,Administrative & commercial mgrs,5137,0.9564,0.0,0.5125,1.3730685783770957,-0.6854777735548961,1.982961305092219,5,2,5,0.8901840366381396,1.1416435198433872,3,2,0,Contested High,Contested High,3.0,3.0,
1222,Advertising and public relations managers,12,Administrative & commercial mgrs,334,0.9574,0.0,0.2478,1.3768503403459098,-0.6854777735548961,0.3761302163780411,5,2,4,0.3558342610563516,0.8420642321890608,3,1,0,Contested High,Mixed,,,
1223,Research and development managers,12,Administrative & commercial mgrs,1629,0.8981,0.0,0.3615,1.15259185559524,-0.6854777735548961,1.066333067858215,5,2,5,0.5111490499661863,0.846875418107875,3,2,0,Contested High,Contested High,3.0,3.0,
1311,Agricultural and forestry production managers,13,Production & specialized services mgrs,824,0.5543,0.0,0.0,-0.14757790928301015,-0.6854777735548961,-1.128111354394053,3,2,1,-0.6537223457439865,0.40093038850646967,3,0,1,Mixed,Mixed,,,
1312,Aquaculture and fisheries production managers,13,Production & specialized services mgrs,37,0.5543,0.0,0.051,-0.14757790928301015,-0.6854777735548961,-0.8185216848646876,3,2,2,-0.5505257892341979,0.2900579436963352,3,0,0,Mixed,Mixed,,,
1321,Manufacturing managers,13,Production & specialized services mgrs,3683,0.7373,0.0,0.2394,0.54448453100995,-0.6854777735548961,0.3251389766908515,4,2,4,0.06138191138196845,0.5356476825849137,3,0,0,Mixed,Mixed,3.0,3.0,
1322,Mining managers,13,Production & specialized services mgrs,89,0.8651,0.66,0.254,1.0277937106243782,1.5398503414965126,0.41376660757572875,4,5,4,0.9938035532322065,0.460349607761972,3,1,0,Contested High,Contested High,,,
1323,Construction managers,13,Production & specialized services mgrs,4917,0.8831,0.33,0.2005,1.09586542606303,0.42718628397080827,0.0890009738537472,4,4,4,0.5373508946291952,0.4183668146191093,3,0,0,Mixed,Contested High,3.0,3.0,
1324,"Supply, distribution and related managers",13,Production & specialized services mgrs,2453,0.8444,0.66,0.2129,0.9495112378699287,1.5398503414965126,0.16427375624912235,4,5,4,0.8845451118718546,0.5634525615143455,3,1,0,Contested High,Contested High,3.0,3.0,
1330,Information and communications technology service managers,13,Production & specialized services mgrs,2240,0.8917,0.0,0.2812,1.1283885789948305,-0.6854777735548961,0.5788810979913904,5,2,4,0.3405973011437749,0.7594349487648033,3,1,0,Contested High,Mixed,3.0,3.0,
1341,Child care services managers,13,Production & specialized services mgrs,358,0.8296,0.0,0.027,0.8935411607314816,-0.6854777735548961,-0.9642109411138008,4,2,1,-0.25204918464573844,0.8180081394218026,3,0,1,Mixed,Mixed,,,
1342,Health services managers,13,Production & specialized services mgrs,868,0.9479,0.0,0.4949,1.3409236016421766,-0.6854777735548961,1.8761225171762028,5,2,5,0.8438561150878278,1.10325460253153,3,2,0,Contested High,Contested High,,,
1343,Aged care services managers,13,Production & specialized services mgrs,124,0.8519,0.0,0.0638,0.9778744526360335,-0.6854777735548961,-0.7408207481984938,4,2,2,-0.14947468970578548,0.7974763435424387,3,0,0,Mixed,Mixed,,,
1344,Social welfare managers,13,Production & specialized services mgrs,213,0.9187,0.0,0.075,1.230496152152808,-0.6854777735548961,-0.6728324286155742,5,2,2,-0.042604683339220815,0.9002330361949009,3,1,0,Contested High,Mixed,,,
1345,Education managers,13,Production & specialized services mgrs,1939,0.8623,0.0,0.0313,1.017204777111699,-0.6854777735548961,-0.9381082827025014,4,2,1,-0.20212709304856616,0.8683444787753464,3,0,1,Mixed,Mixed,3.0,3.0,
1346,Financial and insurance services branch managers,13,Production & specialized services mgrs,479,0.8779,0.33,0.3631,1.0762002638251973,0.42718628397080827,1.0760456849414892,4,4,5,0.8598107442458316,0.3059116960767701,3,1,0,Contested High,Contested High,3.0,3.0,
1349,Professional services managers not elsewhere classified,13,Production & specialized services mgrs,1525,0.8651,0.0,0.1965,1.0277937106243782,-0.6854777735548961,0.06471943114556164,4,2,4,0.13567845607168125,0.7012375641389598,3,0,0,Mixed,Mixed,3.0,3.0,
1411,Hotel managers,14,"Hospitality, retail & other svc mgrs",340,0.7075,0.33,0.254,0.4317880243392933,0.42718628397080827,0.41376660757572875,4,4,4,0.42424697196194344,0.007645152357566814,3,0,0,Mixed,Mixed,,,
1412,Restaurant managers,14,"Hospitality, retail & other svc mgrs",1096,0.5608,0.33,0.0532,-0.12299645648571939,0.42718628397080827,-0.8051668363751855,3,4,2,-0.16699233629669888,0.5040669805934416,3,0,0,Mixed,Mixed,3.0,3.0,
1420,Retail and wholesale trade managers,14,"Hospitality, retail & other svc mgrs",4560,0.7559,0.33,0.2701,0.6148253036298904,0.42718628397080827,0.5114998169761756,4,4,4,0.5178371348589582,0.07673426710892568,3,0,0,Mixed,Contested High,3.0,3.0,
1431,"Sports, recreation and cultural centre managers",14,"Hospitality, retail & other svc mgrs",650,0.8462,0.0,0.0817,0.9563184094137936,-0.6854777735548961,-0.6321608445793635,4,2,2,-0.12044006957348867,0.7616942913803411,3,0,0,Mixed,Mixed,,,
1439,Services managers not elsewhere classified,14,"Hospitality, retail & other svc mgrs",1685,0.8651,0.0,0.2703,1.0277937106243782,-0.6854777735548961,0.5127138941115847,4,2,4,0.28500994372702226,0.7177332890849334,3,0,0,Mixed,Mixed,3.0,3.0,
2111,Physicists and astronomers,21,Science & engineering professionals,207,0.9758,0.66,0.0621,1.446434760572087,1.5398503414965126,-0.7511404038494726,5,5,2,0.745048232739709,1.058652270541436,3,2,0,Contested High,Contested High,,,
2112,Meteorologists,21,Science & engineering professionals,0,0.9797,0.33,0.2858,1.4611836322504617,0.42718628397080827,0.6068048721058038,5,4,4,0.831724929442358,0.45109452313718595,3,1,0,Contested High,Contested High,,,|no_employment_signal
2113,Chemists,21,Science & engineering professionals,425,0.8097,0.0,0.135,0.818284097552083,-0.6854777735548961,-0.3086092879927911,4,2,3,-0.05860098799853475,0.6388547324696512,3,0,0,Mixed,Mixed,,,
2114,Geologists and geophysicists,21,Science & engineering professionals,135,0.7846,0.0,0.1166,0.7233618721348518,-0.6854777735548961,-0.42030438445044466,4,2,2,-0.12747342862349634,0.6112935810419827,3,0,0,Mixed,Mixed,,,
2120,"Mathematicians, actuaries and statisticians",21,Science & engineering professionals,900,0.9981,0.33,0.188,1.530768052476639,0.42718628397080827,0.013121152890667313,5,4,3,0.6570251631127049,0.6405375142433791,3,1,0,Contested High,Contested High,3.0,3.0,
2131,"Biologists, botanists, zoologists and related professionals",21,Science & engineering professionals,802,0.8474,0.66,0.0909,0.9608565237763708,1.5398503414965126,-0.5763132963505367,4,5,2,0.6414645229741155,0.8929522470131929,3,1,0,Contested High,Contested High,,,
2132,"Farming, forestry and fisheries advisers",21,Science & engineering professionals,499,0.717,0.0,0.0703,0.46771476304302606,-0.6854777735548961,-0.7013632412976922,4,2,2,-0.3063754172698541,0.5474028330604878,3,0,0,Mixed,Mixed,,,
2133,Environmental protection professionals,21,Science & engineering professionals,704,0.7465,0.0,0.089,0.5792767411230391,-0.6854777735548961,-0.5878470291369249,4,2,2,-0.23134935385626065,0.5745832924592357,3,0,0,Mixed,Mixed,,,
2141,Industrial and production engineers,21,Science & engineering professionals,2903,0.9136,0.0,0.1445,1.2112091661118567,-0.6854777735548961,-0.2509406240608505,5,2,3,0.09159692283203669,0.811317576558508,3,1,0,Contested High,Mixed,4.0,3.0,
2142,Civil engineers,21,Science & engineering professionals,1929,0.9542,0.0,0.0736,1.364748702045705,-0.6854777735548961,-0.6813309685634392,5,2,2,-0.000686680024210129,0.9655101021236462,3,1,0,Contested High,Mixed,4.0,2.0,
2143,Environmental engineers,21,Science & engineering professionals,159,0.9712,0.0,0.2552,1.4290386555155425,-0.6854777735548961,0.4210510703881843,5,2,4,0.38820398411627693,0.8635601235619963,3,1,0,Contested High,Mixed,,,
2144,Mechanical engineers,21,Science & engineering professionals,1160,0.8632,0.0,0.1774,1.0206083628836315,-0.6854777735548961,-0.05122493528602436,4,2,3,0.09463521801423702,0.7041017277247739,3,0,0,Mixed,Mixed,,,
2145,Chemical engineers,21,Science & engineering professionals,276,0.9706,0.0,0.1369,1.4267695983342543,-0.6854777735548961,-0.297075555206403,5,2,3,0.14807208985765172,0.9179740589808665,3,1,0,Contested High,Mixed,,,
2146,"Mining engineers, metallurgists and related professionals",21,Science & engineering professionals,44,0.9215,0.0,0.2504,1.2410850856654874,-0.6854777735548961,0.3919132191383618,5,2,4,0.31584017708298434,0.7883533232536133,3,1,0,Contested High,Mixed,,,
2149,Engineering professionals not elsewhere classified,21,Science & engineering professionals,644,0.8811,0.0,0.1708,1.0883019021254021,-0.6854777735548961,-0.09128948075453047,4,2,3,0.10384488260532516,0.7371710110447092,3,0,0,Mixed,Mixed,,,
2151,Electrical engineers,21,Science & engineering professionals,1391,0.9105,0.0,0.1525,1.1994857040085334,-0.6854777735548961,-0.20237753864447938,5,2,3,0.10387679726971928,0.7994229654931069,3,1,0,Contested High,Mixed,,,
2152,Electronics engineers,21,Science & engineering professionals,937,0.848,0.0,0.2679,0.9631255809576589,-0.6854777735548961,0.49814496848667367,4,2,4,0.25859759196314547,0.6940271197040219,3,0,0,Mixed,Mixed,,,
2153,Telecommunications engineers,21,Science & engineering professionals,408,0.7812,0.0,0.0548,0.7105038814408844,-0.6854777735548961,-0.7954542192919113,4,2,2,-0.256809370468641,0.6854657298236834,3,0,0,Mixed,Mixed,,,
2161,Building architects,21,Science & engineering professionals,1070,0.8882,0.66,0.1335,1.1151524121039813,1.5398503414965126,-0.31771486650836067,5,5,3,0.7790959623640443,0.7947064777037306,3,2,0,Contested High,Contested High,3.0,3.0,
2162,Landscape architects,21,Science & engineering professionals,130,0.8846,0.66,0.0975,1.1015380690162513,1.5398503414965126,-0.5362487508820305,4,5,2,0.7017132198769112,0.8934732948203599,3,1,0,Contested High,Contested High,,,
2163,Product and garment designers,21,Science & engineering professionals,489,0.7975,0.66,0.1056,0.7721466015325523,1.5398503414965126,-0.48707862689795484,4,5,2,0.6083061053770367,0.8355609061640487,3,1,0,Contested High,Contested High,,,
2164,Town and traffic planners,21,Science & engineering professionals,316,0.9387,0.33,0.2322,1.306131391529088,0.42718628397080827,0.2814321998161175,5,4,4,0.6715832917720045,0.4526216458522042,3,1,0,Contested High,Contested High,,,
2165,Cartographers and surveyors,21,Science & engineering professionals,709,0.7297,0.66,0.0491,0.5157431400469639,1.5398503414965126,-0.8300554176510756,4,5,2,0.4085126879641335,0.9704765510478663,3,1,0,Contested High,Mixed,,,
2166,Graphic and multimedia designers,21,Science & engineering professionals,1414,0.7939,0.33,0.1613,0.7585322584448222,0.42718628397080827,-0.14895814468647117,4,4,3,0.3455867992430531,0.3749476095623011,3,0,0,Mixed,Mixed,2.0,3.0,
2211,Generalist medical practitioners ,22,Health professionals,1667,0.8689,0.0,0.0,1.0421644061058715,-0.6854777735548961,-1.128111354394053,4,2,1,-0.2571415739476926,0.9363504130661904,3,0,1,Mixed,Mixed,4.0,3.0,
2212,Specialist medical practitioners ,22,Health professionals,4059,0.7323,0.66,0.0,0.52557572116588,1.5398503414965126,-1.128111354394053,4,5,1,0.3124382360894465,1.0995682768988158,3,1,1,Contested High,Mixed,4.0,3.0,
2221,Nursing professionals,22,Health professionals,10832,0.6565,0.0,0.179,0.23891816392977958,-0.6854777735548961,-0.041512318202750205,3,2,3,-0.16269064260928892,0.386988459809872,3,0,0,Mixed,Mixed,4.0,3.0,
2222,Midwifery professionals,22,Health professionals,502,0.6499,0.0,0.078,0.21395853493560746,-0.6854777735548961,-0.6546212715844351,3,2,2,-0.37538017006790786,0.4169157491547332,3,0,0,Mixed,Mixed,,,
2230,Traditional and complementary medicine professionals,22,Health professionals,0,0.794,0.66,0.2172,0.7589104346417036,1.5398503414965126,0.1903764146604218,4,5,4,0.8297123969328792,0.5531905387241154,3,1,0,Contested High,Contested High,,,|no_employment_signal
2240,Paramedical practitioners,22,Health professionals,0,0.6245,0.0,,0.11790178092773218,-0.6854777735548961,,3,2,,-0.283787996313582,0.40168977724131416,2,0,0,Mixed,Mixed,,,partial_coverage|no_employment_signal
2250,Veterinarians,22,Health professionals,451,0.5738,0.0,0.0112,-0.07383355089113747,-0.6854777735548961,-1.0601230348111337,3,2,1,-0.6064781197523891,0.40650743781508686,3,0,1,Mixed,Mixed,,,
2261,Dentists,22,Health professionals,1552,0.5657,0.0,0.1755,-0.10446582283853077,-0.6854777735548961,-0.06275866807241257,3,2,3,-0.28423408815527984,0.28423258433246873,3,0,0,Mixed,Mixed,3.0,3.0,
2262,Pharmacists,22,Health professionals,1552,0.7645,0.66,0.2952,0.6473484565616906,1.5398503414965126,0.6638664974700399,4,5,5,0.9503550985094144,0.41689062718109965,3,2,0,Robust High,Contested High,3.0,3.0,
2263,Environmental and occupational health and hygiene professionals,22,Health professionals,207,0.8086,0.0,0.337,0.8141241593863877,-0.6854777735548961,0.9176086187705789,4,2,5,0.34875166820069015,0.7325299365800979,3,1,0,Contested High,Mixed,,,
2264,Physiotherapists ,22,Health professionals,881,0.5399,0.0,0.2347,-0.2020352816339315,-0.6854777735548961,0.29660816400873347,3,2,4,-0.19696829706003138,0.40095091381993586,3,0,0,Mixed,Mixed,,,
2265,Dieticians and nutritionists,22,Health professionals,0,0.971,0.66,0.391,1.4282823031217797,1.5398503414965126,1.2454094453310836,5,5,5,1.4045140299831254,0.12137423790264143,3,3,0,Robust High,Robust High,,,|no_employment_signal
2266,Audiologists and speech therapists,22,Health professionals,749,0.844,0.0,0.2131,0.9479985330824029,-0.6854777735548961,0.16548783338453166,4,2,4,0.14266953097067947,0.6670590764843072,3,0,0,Mixed,Mixed,5.0,3.0,
2267,Optometrists and ophthalmic opticians,22,Health professionals,0,0.736,0.0,0.254,0.5395682404504919,-0.6854777735548961,0.41376660757572875,4,2,4,0.08928569149044151,0.5502425724383037,3,0,0,Mixed,Mixed,,,|no_employment_signal
2269,Health professionals not elsewhere classified,22,Health professionals,907,0.7353,0.0,0.2774,0.536921007072322,-0.6854777735548961,0.555813632418614,4,2,4,0.13575228864534664,0.5807485652840247,3,0,0,Mixed,Mixed,5.0,2.0,
2310,University and higher education teachers,23,Teaching professionals,4703,0.9422,0.0,0.0932,1.3193675584199371,-0.6854777735548961,-0.5623514092933299,5,2,2,0.02384612519057035,0.9174500398247207,3,1,0,Contested High,Mixed,3.0,3.0,
2320,Vocational education teachers,23,Teaching professionals,1654,0.6934,0.66,0.2935,0.378465180579016,1.5398503414965126,0.6535468418190609,4,5,5,0.8572874546315298,0.49553778933043385,3,2,0,Robust High,Contested High,4.0,3.0,
2330,Secondary education teachers,23,Teaching professionals,5524,0.9286,0.66,0.2424,1.2679355956440665,1.5398503414965126,0.3433501337219907,5,5,4,1.0503786902875234,0.5121207163045027,3,2,0,Robust High,Contested High,5.0,3.0,
2341,Primary school teachers,23,Teaching professionals,11026,0.8993,0.66,0.2149,1.1571299699578166,1.5398503414965126,0.17641452760321513,5,5,4,0.9577982796858481,0.5741887881824987,3,2,0,Robust High,Contested High,4.0,3.0,
2342,Early childhood educators,23,Teaching professionals,7009,0.6501,0.0,0.1908,0.2147148873293702,-0.6854777735548961,0.030118232786397175,3,2,4,-0.14688155114637627,0.38822965652790303,3,0,0,Mixed,Mixed,4.0,3.0,
2351,Education methods specialists,23,Teaching professionals,493,0.9595,0.66,0.0,1.384792040480419,1.5398503414965126,-1.128111354394053,5,5,1,0.5988436758609594,1.2227812632330766,3,2,1,Contested High,Contested High,,,
2352,Special needs teachers,23,Teaching professionals,1790,0.7462,0.0,0.2053,0.5781422125323946,-0.6854777735548961,0.11813882510356984,4,2,4,0.0036010880270227704,0.522189644491203,3,0,0,Mixed,Mixed,4.0,3.0,
2353,Other language teachers,23,Teaching professionals,247,0.8937,0.33,0.2228,1.1359521029324586,0.42718628397080827,0.22437057445188152,5,4,4,0.5958363204517162,0.3907918003835333,3,1,0,Contested High,Contested High,4.0,3.0,
2354,Other music teachers,23,Teaching professionals,1799,0.7423,0.0,0.277,0.5633933408540199,-0.6854777735548961,0.5533854781477957,4,2,4,0.14376701514897317,0.5863788474034969,3,0,0,Mixed,Mixed,,,
2355,Other arts teachers,23,Teaching professionals,536,0.8542,0.33,0.1535,0.9865725051643056,0.42718628397080827,-0.196307152967433,4,4,3,0.4058172120558936,0.4831449398343754,3,0,0,Mixed,Mixed,,,
2356,Information technology trainers,23,Teaching professionals,66,0.9306,0.33,0.5264,1.2754991195816945,0.42718628397080827,2.0673396660031638,5,4,5,1.2566750231852222,0.6697221011244895,3,2,0,Robust High,Contested High,,,
2359,Teaching professionals not elsewhere classified,23,Teaching professionals,2669,0.9169,0.33,0.211,1.223688980608943,0.42718628397080827,0.15274002346273413,5,4,4,0.6012050960141618,0.4541988018565388,3,1,0,Contested High,Contested High,3.0,3.0,
2411,Accountants,24,Business & administration professionals,7291,0.9944,0.33,0.3296,1.5167755331920272,0.42718628397080827,0.8726877647604355,5,4,5,0.9388831939744237,0.4472788534693117,3,2,0,Robust High,Contested High,3.0,3.0,
2412,Financial and investment advisers,24,Business & administration professionals,651,0.9844,0.33,0.4369,1.4789579135038875,0.42718628397080827,1.524040147907513,5,4,5,1.1433947817940695,0.5067702051425907,3,2,0,Robust High,Contested High,3.0,3.0,
2413,Financial analysts,24,Business & administration professionals,1776,0.9919,0.33,0.5626,1.5073211282699923,0.42718628397080827,2.287087627512243,5,4,5,1.407198346584348,0.7625949910169277,3,2,0,Robust High,Contested High,3.0,3.0,
2421,Management and organization analysts,24,Business & administration professionals,4664,0.9772,0.33,0.4498,1.4517292273284264,0.42718628397080827,1.6023481231414107,5,4,5,1.160421211480215,0.5221089331635526,3,2,0,Robust High,Contested High,3.0,3.0,
2422,Policy administration professionals,24,Business & administration professionals,3045,0.8883,0.33,0.148,1.1155305883008628,0.42718628397080827,-0.22969427419118815,5,4,3,0.437674199360161,0.549235820599009,3,1,0,Contested High,Mixed,3.0,3.0,
2423,Personnel and careers professionals,24,Business & administration professionals,1241,0.9527,0.33,0.2648,1.3590760590924837,0.42718628397080827,0.4793267728878296,5,4,4,0.7551963719837071,0.42753765138138955,3,1,0,Contested High,Contested High,3.0,3.0,
2424,Training and staff development professionals,24,Business & administration professionals,709,0.9306,0.33,0.1451,1.2754991195816945,0.42718628397080827,-0.24729839265462258,5,4,3,0.48512900363262673,0.6230281346721752,3,1,0,Contested High,Mixed,3.0,3.0,
2431,Advertising and marketing professionals,24,Business & administration professionals,3969,0.9331,0.33,0.5908,1.2849535245037298,0.42718628397080827,2.458272503604951,5,4,5,1.3901374373598296,0.8325164861389505,3,2,0,Contested High,Contested High,2.0,3.0,
2432,Public relations professionals,24,Business & administration professionals,1185,0.9548,0.0,0.1579,1.3670177592269932,-0.6854777735548961,-0.16959745598842882,5,2,3,0.1706475098945561,0.8717834041507244,3,1,0,Contested High,Mixed,3.0,3.0,
2433,Technical and medical sales professionals (excluding ICT),24,Business & administration professionals,1009,0.904,0.33,0.6043,1.1749042512112426,0.42718628397080827,2.540222710245077,5,4,5,1.3807710818090426,0.8748396419328405,3,2,0,Contested High,Contested High,4.0,3.0,
2434,Information and communications technology sales professionals,24,Business & administration professionals,599,0.9079,0.33,0.5337,1.1896531228896172,0.42718628397080827,2.111653481445602,5,4,5,1.2428309627686758,0.688708136940847,3,2,0,Robust High,Contested High,,,
2511,Systems analysts,25,ICT professionals,3852,0.9243,0.0,0.3436,1.2516740191781666,-0.6854777735548961,0.957673164239085,5,2,5,0.5079564699541185,0.852378279037024,3,2,0,Contested High,Contested High,3.0,3.0,
2512,Software developers,25,ICT professionals,9633,0.9428,0.0,0.3435,1.3216366156012251,-0.6854777735548961,0.9570661256713804,5,2,5,0.5310749892392365,0.8730133175877862,3,2,0,Contested High,Contested High,3.0,3.0,
2513,Web and multimedia developers,25,ICT professionals,572,0.9,0.0,0.3022,1.1597772033359866,-0.6854777735548961,0.7063591972093647,5,2,5,0.393552875663485,0.7851230597956991,3,2,0,Contested High,Mixed,3.0,3.0,
2514,Applications programmers,25,ICT professionals,933,0.951,1.0,0.4665,1.3526470637455,2.686231491674511,1.7037235639480857,5,5,5,1.9142007064560322,0.5644096191256961,3,3,0,Robust High,Contested High,3.0,3.0,
2519,Software and applications developers and analysts not elsewhere classified,25,ICT professionals,2067,0.9402,0.66,0.3521,1.311804034482309,1.5398503414965126,1.0092714424939793,5,5,5,1.286975272824267,0.21731826517926653,3,3,0,Robust High,Robust High,3.0,3.0,
2521,Database designers and administrators,25,ICT professionals,1027,0.9548,0.0,0.3076,1.3670177592269932,-0.6854777735548961,0.7391392798654149,5,2,5,0.47355975517917065,0.8587137050930039,3,2,0,Contested High,Mixed,,,
2522,Systems administrators,25,ICT professionals,1613,0.816,0.33,0.272,0.842109197955611,0.42718628397080827,0.5230335497625638,4,4,4,0.5974430105629943,0.17737499265655254,3,0,0,Mixed,Contested High,3.0,3.0,
2523,Computer network professionals,25,ICT professionals,230,0.7574,0.66,0.4937,0.6204979465831112,1.5398503414965126,1.8688380543637473,4,5,5,1.3430621141477903,0.5282880912221612,3,2,0,Robust High,Contested High,,,
2529,Database and network professionals not elsewhere classified,25,ICT professionals,751,0.9426,0.33,0.4913,1.3208802632074625,0.42718628397080827,1.8542691287388362,5,4,5,1.2007785586390358,0.58876122836454,3,2,0,Robust High,Contested High,,,
2611,Lawyers,26,"Legal, social & cultural professionals",1186,0.9671,0.0,0.2818,1.4135334314434052,-0.6854777735548961,0.5825233293976182,5,2,4,0.43685966242870905,0.863085719027269,3,1,0,Contested High,Mixed,3.0,3.0,
2612,Judges,26,"Legal, social & cultural professionals",132,0.997,0.0,0.0,1.5266081143109436,-0.6854777735548961,-1.128111354394053,5,2,1,-0.09566033787933521,1.1612629102118392,3,1,1,Contested High,Mixed,,,
2619,Legal professionals not elsewhere classified,26,"Legal, social & cultural professionals",1969,0.9959,0.0,0.2823,1.5224481761452482,-0.6854777735548961,0.5855585222361415,5,2,4,0.4741763082754978,0.9048162789686099,3,1,0,Contested High,Mixed,3.0,3.0,
2621,Archivists and curators,26,"Legal, social & cultural professionals",580,0.7928,0.33,0.0382,0.7543723202791265,0.42718628397080827,-0.8962226215308813,4,4,1,0.09511199423968453,0.7135922813051901,3,0,1,Mixed,Mixed,,,
2622,Librarians and related information professionals,26,"Legal, social & cultural professionals",1349,0.8032,1.0,0.1462,0.7937026447547922,2.686231491674511,-0.24062096840987163,4,5,3,1.0797710560064773,1.2118835705112236,3,1,0,Contested High,Contested High,,,
2631,Economists,26,"Legal, social & cultural professionals",198,0.9881,0.33,0.4468,1.492950432788499,0.42718628397080827,1.5841369661102715,5,4,5,1.168091227623193,0.5252198572097962,3,2,0,Robust High,Contested High,,,
2632,"Sociologists, anthropologists and related professionals",26,"Legal, social & cultural professionals",273,0.9258,0.33,0.0613,1.2573466621313873,0.42718628397080827,-0.7559967123911098,5,4,2,0.3095120779036953,0.8261449832459002,3,1,0,Contested High,Mixed,,,
2633,"Philosophers, historians and political scientists",26,"Legal, social & cultural professionals",216,0.954,0.33,0.1371,1.363992349651942,0.42718628397080827,-0.2958614780709937,5,4,3,0.49843905185058546,0.6795029556224742,3,1,0,Contested High,Mixed,,,
2634,Psychologists,26,"Legal, social & cultural professionals",848,0.9916,0.33,0.19,1.5061865996793482,0.42718628397080827,0.025261924244760096,5,4,3,0.6528782692983055,0.6252930660943771,3,1,0,Contested High,Contested High,5.0,3.0,
2635,Social work and counselling professionals,26,"Legal, social & cultural professionals",2345,0.861,0.0,0.0414,1.0122884865522408,-0.6854777735548961,-0.8767973873643329,4,2,1,-0.18332889145566275,0.8490294398519282,3,0,1,Mixed,Mixed,3.0,3.0,
2636,Religious professionals,26,"Legal, social & cultural professionals",236,0.9441,0.0,0.0745,1.3265529061606838,-0.6854777735548961,-0.6758676214540974,5,2,2,-0.011597496282769923,0.9462233575027033,3,1,0,Contested High,Mixed,,,
2641,Authors and related writers,26,"Legal, social & cultural professionals",265,0.903,1.0,0.1532,1.1711224892424286,2.686231491674511,-0.1981282686705469,5,5,3,1.219741904082131,1.1780366979000743,3,2,0,Contested High,Contested High,,,
2642,Journalists,26,"Legal, social & cultural professionals",1185,0.9191,0.33,0.0261,1.2320088569403338,0.42718628397080827,-0.9696742882231424,5,4,1,0.22984028422933322,0.9096011032808854,3,1,1,Contested High,Mixed,2.0,3.0,
2643,"Translators, interpreters and other linguists",26,"Legal, social & cultural professionals",563,0.9365,0.33,0.5636,1.2978115151976972,0.42718628397080827,2.2931580131892892,5,4,5,1.3393852707859315,0.7623467742989121,3,2,0,Robust High,Contested High,2.0,4.0,
2651,Visual artists,26,"Legal, social & cultural professionals",290,0.3848,0.0,0.0437,-0.7885865629969818,-0.6854777735548961,-0.8628355003071262,2,2,2,-0.7789666122863347,0.07272481648165746,3,0,0,Mixed,Mixed,,,
2652,"Musicians, singers and composers",26,"Legal, social & cultural professionals",1123,0.7179,0.66,0.0258,0.4711183488149587,1.5398503414965126,-0.9714954039262564,4,5,1,0.34649109546173823,1.0290329853709053,3,1,1,Contested High,Mixed,,,
2653,Dancers and choreographers,26,"Legal, social & cultural professionals",195,0.0,0.0,0.0,-2.2438085685966054,-0.6854777735548961,-1.128111354394053,1,2,1,-1.352465898848518,0.6556675671440314,3,0,2,Consensus Low,Consensus Low,,,
2654,"Film, stage and related directors and producers",26,"Legal, social & cultural professionals",515,0.87,0.0,0.1458,1.0463243442715668,-0.6854777735548961,-0.24304912268069007,4,2,3,0.03926581601199355,0.7346477329459091,3,0,0,Mixed,Mixed,,,
2655,Actors,26,"Legal, social & cultural professionals",283,0.6394,0.66,0.0585,0.17425003426306032,1.5398503414965126,-0.7729937922868396,3,5,2,0.31370219449091113,0.9493496635550666,3,1,0,Contested High,Mixed,,,
2656,"Announcers on radio, television and other media",26,"Legal, social & cultural professionals",237,0.8449,0.33,0.1387,0.9514021188543356,0.42718628397080827,-0.2861488609877195,4,4,3,0.36414651394580816,0.5071907046865188,3,0,0,Mixed,Mixed,,,
2659,Creative and performing artists not elsewhere classified,26,"Legal, social & cultural professionals",108,,0.0,0.0329,,-0.6854777735548961,-0.928395665619227,,2,1,-0.8069367195870616,0.12145894603216545,2,0,1,Mixed,Mixed,,,partial_coverage
3111,Chemical and physical science technicians,31,Science & engineering technicians,543,0.6505,0.0,0.1461,0.21622759211689563,-0.6854777735548961,-0.24122800697757618,3,2,3,-0.23682606280519222,0.36813283332215607,3,0,0,Mixed,Mixed,,,
3112,Civil engineering technicians,31,Science & engineering technicians,1946,0.6381,0.0,0.2356,0.16933374370360224,-0.6854777735548961,0.3020715111180753,3,2,4,-0.07135750624440622,0.43761673167714193,3,0,0,Mixed,Mixed,3.0,3.0,
3113,Electrical engineering technicians,31,Science & engineering technicians,795,0.6014,0.0,0.1622,0.03054307944812895,-0.6854777735548961,-0.14349479757712938,3,2,3,-0.26614316389463216,0.30490810834748144,3,0,0,Mixed,Mixed,4.0,3.0,
3114,Electronics engineering technicians,31,Science & engineering technicians,544,0.6933,0.0,0.1858,0.37808700438213466,-0.6854777735548961,-0.00023369559883478047,3,2,3,-0.10254148825719876,0.4401838044469087,3,0,0,Mixed,Mixed,4.0,3.0,
3115,Mechanical engineering technicians,31,Science & engineering technicians,2092,0.6061,0.0,0.2772,0.04831736070155443,-0.6854777735548961,0.5545995552832049,3,2,4,-0.02752028585671225,0.5090916465308137,3,0,0,Mixed,Mixed,4.0,3.0,
3116,Chemical engineering technicians,31,Science & engineering technicians,116,0.6492,0.66,0.2466,0.21131130155743755,1.5398503414965126,0.3688457535655856,3,5,4,0.7066691322065118,0.5926479964407416,3,1,0,Contested High,Contested High,,,
3117,Mining and metallurgical technicians,31,Science & engineering technicians,0,0.6336,0.0,0.2641,0.1523158148439395,-0.6854777735548961,0.4750775029138972,3,2,4,-0.019361485265686467,0.4890991439811137,3,0,0,Mixed,Mixed,,,|no_employment_signal
3118,Draughtspersons,31,Science & engineering technicians,587,0.7423,0.33,0.0287,0.5633933408540199,0.42718628397080827,-0.9538912854628219,4,4,1,0.01222944645400211,0.6854098735140511,3,0,1,Mixed,Mixed,,,
3119,Physical and engineering science technicians not elsewhere classified,31,Science & engineering technicians,616,0.633,0.33,0.3248,0.15004675766265094,0.42718628397080827,0.8435499135106127,3,4,5,0.4735943183813573,0.2850168837527099,3,1,0,Contested High,Mixed,,,
3121,Mining supervisors,31,Science & engineering technicians,195,0.5092,0.0,0.195,-0.31813537407652126,-0.6854777735548961,0.05561385262999205,3,2,4,-0.3159997650004751,0.30255315810606986,3,0,0,Mixed,Mixed,,,
3122,Manufacturing supervisors,31,Science & engineering technicians,2320,0.5711,0.66,0.1891,-0.08404430820693495,1.5398503414965126,0.019798577135418275,3,5,3,0.49186820347499866,0.742246929899641,3,1,0,Contested High,Mixed,3.0,3.0,
3123,Construction supervisors,31,Science & engineering technicians,2130,0.5092,0.0,0.07,-0.31813537407652126,-0.6854777735548961,-0.7031843570008062,3,2,2,-0.5689325015440745,0.17748761484267733,3,0,0,Mixed,Mixed,3.0,3.0,
3131,Power production plant operators,31,Science & engineering technicians,200,0.6535,0.66,0.1898,0.2275728780233376,1.5398503414965126,0.024047847109350783,3,5,3,0.5971570222097337,0.6717433191445864,3,1,0,Contested High,Contested High,,,
3132,Incinerator and water treatment plant operators,31,Science & engineering technicians,272,0.4517,0.0,0.1305,-0.5355866872833257,-0.6854777735548961,-0.3359260235394998,2,2,3,-0.5189968281259073,0.1431852507647669,3,0,0,Mixed,Mixed,,,
3133,Chemical processing plant controllers,31,Science & engineering technicians,71,0.4874,0.66,0.2937,-0.4005777849966662,1.5398503414965126,0.6547609189544703,3,5,5,0.5980111584847722,0.7931921709171882,3,2,0,Contested High,Contested High,,,
3134,Petroleum and natural gas refining plant operators,31,Science & engineering technicians,0,0.4406,0.0,0.3866,-0.577564245137161,-0.6854777735548961,1.2186997483520794,2,2,5,-0.014780756779992613,0.8733143572275087,3,1,0,Contested High,Mixed,,,|no_employment_signal
3135,Metal production process controllers,31,Science & engineering technicians,0,0.2677,0.33,0.3509,-1.2314308895451,0.42718628397080827,1.0019869796815235,1,4,5,0.06591412470241058,0.9468991584612855,3,1,1,Contested High,Mixed,,,|no_employment_signal
3139,Process control technicians not elsewhere classified,31,Science & engineering technicians,827,0.588,0.0,0.1724,-0.020132530933978824,-0.6854777735548961,-0.08157686367125631,3,2,3,-0.26239572272004374,0.3002139990188674,3,0,0,Mixed,Mixed,,,
3141,Life science technicians (excluding medical),31,Science & engineering technicians,506,0.6394,0.66,0.2526,0.17425003426306032,1.5398503414965126,0.40526806762786377,3,5,4,0.7064561477958122,0.5967979806184924,3,1,0,Contested High,Contested High,,,
3142,Agricultural technicians,31,Science & engineering technicians,153,0.6216,0.0,0.1374,0.10693467121817156,-0.6854777735548961,-0.29404036236787984,3,2,3,-0.2908611549015348,0.3235088367447305,3,0,0,Mixed,Mixed,,,
3143,Forestry technicians,31,Science & engineering technicians,309,0.4078,0.0,0.0,-0.7016060377142599,-0.6854777735548961,-1.128111354394053,2,2,1,-0.838398388554403,0.20496378892852143,3,0,1,Mixed,Mixed,,,
3151,Ships' engineers,31,Science & engineering technicians,0,0.5416,0.0,0.0,-0.195606286286948,-0.6854777735548961,-1.128111354394053,3,2,1,-0.669731804745299,0.3808563833972711,3,0,1,Mixed,Mixed,,,|no_employment_signal
3152,Ships' deck officers and pilots,31,Science & engineering technicians,421,0.5553,0.66,0.0195,-0.14379614731419615,1.5398503414965126,-1.0097388336916486,3,5,1,0.12877178683022258,1.0585591463878243,3,1,1,Contested High,Mixed,,,
3153,Aircraft pilots and related associate professionals,31,Science & engineering technicians,39,0.5722,0.0,0.0626,-0.0798843700412396,-0.6854777735548961,-0.7481052110109494,3,2,2,-0.5044891182023618,0.3013275549976641,3,0,0,Mixed,Mixed,,,
3154,Air traffic controllers,31,Science & engineering technicians,0,0.7768,0.0,0.1567,0.693864128778103,-0.6854777735548961,-0.17688191880088452,4,2,3,-0.05616518785922589,0.5695468477832968,3,0,0,Mixed,Mixed,,,|no_employment_signal
3155,Air traffic safety electronics technicians,31,Science & engineering technicians,0,0.6933,0.0,0.0,0.37808700438213466,-0.6854777735548961,-1.128111354394053,3,2,1,-0.4785007078556049,0.6320801654268953,3,0,1,Mixed,Mixed,,,|no_employment_signal
3211,Medical imaging and therapeutic equipment technicians,32,Health associate professionals,539,0.5373,0.0,0.3384,-0.21186786275284805,-0.6854777735548961,0.9261071587184435,3,2,5,0.009587174136899764,0.6763052804296277,3,1,0,Contested High,Mixed,,,
3212,Medical and pathology laboratory technicians ,32,Health associate professionals,823,0.6164,0.66,0.2393,0.08726950898033844,1.5398503414965126,0.32453193812314696,3,5,4,0.6505505961999992,0.6362462273936713,3,1,0,Contested High,Contested High,,,
3213,Pharmaceutical technicians and assistants,32,Health associate professionals,154,0.5967,0.66,0.4396,0.012768798194703054,1.5398503414965126,1.5404301892355377,3,5,5,1.0310164429755844,0.720009853466006,3,2,0,Robust High,Contested High,,,
3214,Medical and dental prosthetic technicians,32,Health associate professionals,310,0.6044,0.0,0.1653,0.04188836535457094,-0.6854777735548961,-0.12467660197828562,3,2,3,-0.2560886700595369,0.3111454362363471,3,0,0,Mixed,Mixed,,,
3221,Nursing associate professionals,32,Health associate professionals,0,0.4508,0.0,,-0.5389902730552584,-0.6854777735548961,,2,2,,-0.6122340233050773,0.07324375024981888,2,0,0,Mixed,Mixed,4.0,3.0,partial_coverage|no_employment_signal
3222,Midwifery associate professionals,32,Health associate professionals,0,0.6591,0.0,0.2599,0.24875074504869613,-0.6854777735548961,0.44958188307030256,3,2,4,0.004284951521367504,0.4945791134410742,3,0,0,Mixed,Mixed,,,|no_employment_signal
3230,Traditional and complementary medicine associate professionals,32,Health associate professionals,0,0.6591,0.0,0.4387,0.24875074504869613,-0.6854777735548961,1.5349668421261957,3,2,5,0.36607993787333193,0.9102813401886432,3,1,0,Contested High,Mixed,,,|no_employment_signal
3240,Veterinary technicians and assistants,32,Health associate professionals,188,0.4356,0.0,0.039,-0.5964730549812309,-0.6854777735548961,-0.8913663129892441,2,2,1,-0.7244390471751236,0.12350167080172865,3,0,1,Mixed,Mixed,,,
3251,Dental assistants and therapists,32,Health associate professionals,1295,0.4626,0.0,0.1554,-0.49436548182325313,-0.6854777735548961,-0.18477342018104478,2,2,3,-0.45487222518639797,0.2063104462724723,3,0,0,Mixed,Mixed,,,
3252,Medical records and health information technicians,32,Health associate professionals,200,0.7556,0.33,1.0,0.6136907750392464,0.42718628397080827,4.942274322652332,4,4,5,1.9943837938874622,2.0858635155866727,3,1,0,Contested High,Contested High,,,
3253,Community health workers,32,Health associate professionals,53,0.6052,0.66,0.117,0.04491377492962179,1.5398503414965126,-0.417876230179626,3,5,3,0.38896262874883614,0.8354442102747647,3,1,0,Contested High,Mixed,,,
3254,Dispensing opticians,32,Health associate professionals,260,0.6232,0.0,0.0731,0.1129854903682737,-0.6854777735548961,-0.6843661614019624,3,2,2,-0.4189528148628616,0.3761374565674309,3,0,0,Mixed,Mixed,,,
3255,Physiotherapy technicians and assistants,32,Health associate professionals,582,0.4799,0.0,0.2795,-0.42894099976277117,-0.6854777735548961,0.5685614423404117,3,2,4,-0.18195244365908522,0.5409288917442338,3,0,0,Mixed,Mixed,3.0,3.0,
3256,Medical assistants,32,Health associate professionals,44,0.6268,0.66,0.5317,0.12659983345600423,1.5398503414965126,2.0995127100915094,3,5,5,1.255320961681342,0.8301863367871297,3,2,0,Contested High,Contested High,,,
3257,Environmental and occupational health inspectors and associates,32,Health associate professionals,395,0.6321,0.0,0.3735,0.1466431718907183,-0.6854777735548961,1.1391776959827717,3,2,5,0.20011436477286462,0.7458714241206329,3,1,0,Contested High,Mixed,,,
3258,Ambulance workers,32,Health associate professionals,761,0.4025,0.0,0.2239,-0.721649376148974,-0.6854777735548961,0.23104799869663248,2,2,4,-0.3920263836690792,0.4408275253647892,3,0,0,Mixed,Mixed,,,
3259,Health associate professionals not elsewhere classified,32,Health associate professionals,200,0.555,0.0,0.452,-0.1449306759048402,-0.6854777735548961,1.6157029716309133,3,2,5,0.26176484072372563,0.9824829558955247,3,1,0,Contested High,Mixed,,,
3311,Securities and finance dealers and brokers,33,Business & administration assoc professionals,68,0.9552,1.0,0.6713,1.368530464014519,2.686231491674511,2.9469385506071855,5,5,5,2.333900168765405,0.6908671086793471,3,3,0,Robust High,Contested High,,,
3312,Credit and loans officers,33,Business & administration assoc professionals,1109,0.983,0.33,0.4902,1.4736634467475478,0.42718628397080827,1.8475917044940853,5,4,5,1.249480478404147,0.601155216858575,3,2,0,Robust High,Contested High,,,
3313,Accounting associate professionals,33,Business & administration assoc professionals,4605,0.8861,0.33,0.0418,1.107210711969472,0.42718628397080827,-0.8743692330935142,5,4,1,0.22000925428225537,0.8221340162008809,3,1,1,Contested High,Mixed,2.0,4.0,
3314,"Statistical, mathematical and related associate professionals",33,Business & administration assoc professionals,544,0.9077,0.33,0.7896,1.188896770495854,0.42718628397080827,3.6650651762017725,5,4,5,1.7603827435561448,1.3822474677717698,3,2,0,Contested High,Contested High,,,
3315,Valuers and loss assessors,33,Business & administration assoc professionals,454,0.8543,0.66,0.3902,0.9869506813611869,1.5398503414965126,1.2405531367894465,4,5,5,1.2557847198823822,0.22597715133331128,3,2,0,Robust High,Robust High,,,
3321,Insurance representatives,33,Business & administration assoc professionals,454,0.9669,0.33,0.6889,1.4127770790496423,0.42718628397080827,3.053777338523201,5,4,5,1.6312469005145507,1.0833718780215298,3,2,0,Contested High,Contested High,,,
3322,Commercial sales representatives,33,Business & administration assoc professionals,9801,0.8983,0.33,0.5699,1.1533482079890027,0.42718628397080827,2.3314014429546814,5,4,5,1.3039786449714974,0.7846553338186762,3,2,0,Contested High,Contested High,2.0,3.0,
3323,Buyers,33,Business & administration assoc professionals,2999,0.884,0.33,0.2276,1.0992690118349626,0.42718628397080827,0.2535084257017042,4,4,4,0.5933212405024917,0.3647175711884988,3,0,0,Mixed,Contested High,3.0,3.0,
3324,Trade brokers,33,Business & administration assoc professionals,30,0.9663,0.33,0.5328,1.4105080218683543,0.42718628397080827,2.106190134336261,5,4,5,1.3146281467251413,0.6887951776973145,3,2,0,Robust High,Contested High,,,
3331,Clearing and forwarding agents,33,Business & administration assoc professionals,307,0.6871,0.33,0.0046,0.354640080175488,0.42718628397080827,-1.1001875802796397,3,4,1,-0.10612040537778115,0.7035353102175231,3,0,1,Mixed,Mixed,,,
3332,Conference and event planners,33,Business & administration assoc professionals,379,0.6996,0.33,0.071,0.4019121047856627,0.42718628397080827,-0.6971139713237599,4,4,2,0.04399480581090368,0.5241446115293615,3,0,0,Mixed,Mixed,,,
3333,Employment agents and contractors,33,Business & administration assoc professionals,265,0.7243,0.33,0.0,0.4953216254153685,0.42718628397080827,-1.128111354394053,4,4,1,-0.0685344816692921,0.7497501664324946,3,0,1,Mixed,Mixed,2.0,4.0,
3334,Real estate agents and property managers,33,Business & administration assoc professionals,1614,0.9132,0.66,0.3345,1.2096964613243313,1.5398503414965126,0.9024326545779628,5,5,5,1.2173264857996022,0.26028060480216153,3,3,0,Robust High,Robust High,3.0,3.0,
3339,Business services agents not elsewhere classified,33,Business & administration assoc professionals,371,0.9333,0.33,0.3128,1.2857098768974924,0.42718628397080827,0.7707052853860563,5,4,5,0.8278671487514524,0.35281373638270647,3,2,0,Robust High,Contested High,,,
3341,Office supervisors,33,Business & administration assoc professionals,1980,0.8858,0.33,0.3516,1.106076183378828,0.42718628397080827,1.006236249655456,4,4,5,0.8464995723350307,0.29928774163624433,3,1,0,Contested High,Contested High,2.0,4.0,
3342,Legal secretaries,33,Business & administration assoc professionals,192,0.879,0.33,0.1253,1.0803602019908927,0.42718628397080827,-0.3674920290601411,4,4,3,0.38001815230051994,0.5920234484229,3,0,0,Mixed,Mixed,,,
3343,Administrative and executive secretaries,33,Business & administration assoc professionals,5974,0.863,0.33,0.1914,1.0198520104898687,0.42718628397080827,0.03376046419262494,4,4,4,0.49359958621776734,0.40530003656240626,3,0,0,Mixed,Mixed,2.0,4.0,
3344,Medical secretaries,33,Business & administration assoc professionals,709,0.9143,0.33,0.7145,1.2138563994900267,0.42718628397080827,3.2091792118555893,5,4,5,1.6167406317721413,1.1709278204815177,3,2,0,Contested High,Contested High,,,
3351,Customs and border inspectors,33,Business & administration assoc professionals,329,0.5796,0.66,0.2762,-0.05189933147201621,1.5398503414965126,0.5485291696061585,3,5,4,0.6788267265435516,0.65632809140792,3,1,0,Contested High,Contested High,,,
3352,Government tax and excise officials,33,Business & administration assoc professionals,316,0.9777,0.33,0.0731,1.4536201083128337,0.42718628397080827,-0.6843661614019624,5,4,2,0.39881341029389317,0.8730597869343435,3,1,0,Contested High,Mixed,,,
3353,Government social benefits officials,33,Business & administration assoc professionals,0,0.8644,0.33,0.3054,1.0251464772462082,0.42718628397080827,0.725784431375913,4,4,5,0.7260390641976432,0.2441162930707328,3,1,0,Contested High,Contested High,,,|no_employment_signal
3354,Government licensing officials,33,Business & administration assoc professionals,260,0.856,1.0,0.1625,0.9933796767081708,2.686231491674511,-0.1416736818740155,4,5,3,1.1793124955028889,1.1619495621509977,3,1,0,Contested High,Contested High,,,
3355,Police inspectors and detectives,33,Business & administration assoc professionals,0,0.5995,0.0,0.1316,0.023357731707382322,-0.6854777735548961,-0.32924859929474887,3,2,3,-0.33045621371408757,0.28938214311361915,3,0,0,Mixed,Mixed,,,|no_employment_signal
3359,Regulatory government associate professionals not elsewhere classified,33,Business & administration assoc professionals,867,0.6425,0.33,0.1998,0.18597349636638366,0.42718628397080827,0.08475170387981469,3,4,4,0.2326371614056689,0.14363955731087852,3,0,0,Mixed,Mixed,2.0,4.0,
3411,Legal and related associate professionals,34,"Legal, social, cultural assoc professionals",541,0.8283,0.66,0.251,0.8886248701720235,1.5398503414965126,0.39555545054458957,4,5,4,0.9413435540710419,0.4686414009941942,3,1,0,Contested High,Contested High,,,
3412,Social work associate professionals,34,"Legal, social, cultural assoc professionals",4003,0.7251,0.0,0.081,0.4983470349904193,-0.6854777735548961,-0.6364101145532959,4,2,2,-0.27451361770592425,0.5468620180354077,3,0,0,Mixed,Mixed,4.0,3.0,
3413,Religious associate professionals,34,"Legal, social, cultural assoc professionals",24,,0.0,0.0975,,-0.6854777735548961,-0.5362487508820305,,2,2,-0.6108632622184633,0.07461451133643282,2,0,0,Mixed,Mixed,,,partial_coverage
3421,Athletes and sports players,34,"Legal, social, cultural assoc professionals",253,0.0864,0.0,0.0,-1.9170643344910765,-0.6854777735548961,-1.128111354394053,1,2,1,-1.2435511541466753,0.509376170621049,3,0,2,Consensus Low,Consensus Low,,,
3422,"Sports coaches, instructors and officials",34,"Legal, social, cultural assoc professionals",3145,0.6518,0.66,0.1858,0.2211438826763541,1.5398503414965126,-0.00023369559883478047,3,5,3,0.586920176191344,0.6798573051271611,3,1,0,Contested High,Contested High,3.0,3.0,
3423,Fitness and recreation instructors and program leaders,34,"Legal, social, cultural assoc professionals",213,0.4907,0.66,0.1125,-0.38809797049957995,1.5398503414965126,-0.44519296572633477,3,5,2,0.23551980175686596,0.9225954611107096,3,1,0,Contested High,Mixed,,,
3431,Photographers,34,"Legal, social, cultural assoc professionals",377,0.5477,0.66,0.0,-0.17253753827718268,1.5398503414965126,-1.128111354394053,3,5,1,0.07973381627509224,1.103701508540102,3,1,1,Contested High,Mixed,,,
3432,Interior designers and decorators,34,"Legal, social, cultural assoc professionals",416,0.6012,0.66,0.0571,0.029786727054365816,1.5398503414965126,-0.7814923322347045,3,5,2,0.26271491210539133,0.9618903633868648,3,1,0,Contested High,Mixed,,,
3433,"Gallery, museum and library technicians",34,"Legal, social, cultural assoc professionals",150,0.503,0.33,0.0487,-0.34158229828316794,0.42718628397080827,-0.8324835719218943,3,4,2,-0.24895986207808463,0.5184118203562421,3,0,0,Mixed,Mixed,,,
3434,Chefs,34,"Legal, social, cultural assoc professionals",1099,0.5212,0.0,0.1173,-0.2727542304507533,-0.6854777735548961,-0.4160551144765121,3,2,3,-0.45809570616072054,0.17109595605970754,3,0,0,Mixed,Mixed,3.0,3.0,
3435,Other artistic and cultural associate professionals,34,"Legal, social, cultural assoc professionals",1043,0.4678,0.0,0.0629,-0.47470031958542047,-0.6854777735548961,-0.7462840953078355,2,2,2,-0.635487396149384,0.11637214782403879,3,0,0,Mixed,Mixed,,,
3511,Information and communications technology operations technicians,35,ICT technicians,362,0.792,0.33,0.4387,0.7513469107040757,0.42718628397080827,1.5349668421261957,4,4,5,0.9045000122670266,0.4650350134814432,3,1,0,Contested High,Contested High,,,
3512,Information and communications technology user support technicians,35,ICT technicians,2618,0.6787,0.33,0.3941,0.32287327963745016,0.42718628397080827,1.2642276409299273,3,4,5,0.6714290681793953,0.4213295714042739,3,1,0,Contested High,Contested High,3.0,3.0,
3513,Computer network and systems technicians,35,ICT technicians,1068,0.815,0.33,0.3107,0.838327435986797,0.42718628397080827,0.7579574754642586,4,4,5,0.6744903984739548,0.17792194248459556,3,1,0,Contested High,Contested High,,,
3514,Web technicians,35,ICT technicians,317,0.858,0.33,0.1595,1.0009432006457988,0.42718628397080827,-0.15988483890515465,4,4,3,0.42274821523715084,0.47391645303962665,3,0,0,Mixed,Mixed,,,
3521,Broadcasting and audio-visual technicians,35,ICT technicians,675,0.6542,0.66,0.0703,0.23022011140150753,1.5398503414965126,-0.7013632412976922,3,5,2,0.35623573720010926,0.919300289852512,3,1,0,Contested High,Mixed,,,
3522,Telecommunications engineering technicians,35,ICT technicians,335,0.6933,0.66,0.0,0.37808700438213466,1.5398503414965126,-1.128111354394053,3,5,1,0.26327533049486473,1.0922121872696147,3,1,1,Contested High,Mixed,4.0,3.0,
4110,General office clerks,41,General & keyboard clerks,2350,0.9418,0.33,0.2681,1.3178548536324113,0.42718628397080827,0.49935904562208283,5,4,4,0.7481333944084341,0.40392997141114806,3,1,0,Contested High,Contested High,,,
4120,Secretaries (general),41,General & keyboard clerks,2678,0.9027,1.0,0.3509,1.169987960651784,2.686231491674511,1.0019869796815235,5,5,5,1.6194021440026063,0.7574737510049613,3,3,0,Robust High,Contested High,,,
4131,Typists and word processing operators,41,General & keyboard clerks,0,0.769,1.0,0.3509,0.6643663854213537,2.686231491674511,1.0019869796815235,4,5,5,1.4508616189257963,0.8843456934512015,3,2,0,Contested High,Contested High,,,|no_employment_signal
4132,Data entry clerks,41,General & keyboard clerks,1992,0.6819,1.0,0.8773,0.3349749179376549,2.686231491674511,4.197438000078741,3,5,5,2.406214803230302,1.5892267038995518,3,2,0,Contested High,Contested High,2.0,4.0,
4211,Bank tellers and related clerks,42,Customer services clerks,772,0.5883,1.0,0.7311,-0.018998002343334333,2.686231491674511,3.309947614094559,3,5,5,1.9923937011419117,1.4448824378886647,3,2,0,Contested High,Contested High,,,
4212,"Bookmakers, croupiers and related gaming workers",42,Customer services clerks,721,0.7024,0.33,0.1344,0.41250103829834195,0.42718628397080827,-0.312251519399019,4,4,3,0.17581193429004371,0.3451650476996834,3,0,0,Mixed,Mixed,2.0,3.0,
4213,Pawnbrokers and money-lenders,42,Customer services clerks,106,,0.33,0.5013,,0.42718628397080827,1.9149729855092994,,4,5,1.1710796347400538,0.7438933507692456,2,1,0,Contested High,Contested High,,,partial_coverage
4214,Debt-collectors and related workers,42,Customer services clerks,176,0.9471,0.33,0.3481,1.3378981920671258,0.42718628397080827,0.9849898997857938,5,4,5,0.9166914586079092,0.3749200383082643,3,2,0,Robust High,Contested High,,,
4221,Travel consultants and clerks,42,Customer services clerks,930,0.8448,1.0,0.3899,0.9510239426574542,2.686231491674511,1.2387320210863326,4,5,5,1.6253291518060993,0.7593107908500588,3,2,0,Robust High,Contested High,,,
4222,Contact centre information clerks,42,Customer services clerks,2769,0.8707,1.0,0.4387,1.0489715776497366,2.686231491674511,1.5349668421261957,4,5,5,1.7567233038168144,0.6865551459978824,3,2,0,Robust High,Contested High,2.0,4.0,
4223,Telephone switchboard operators,42,Customer services clerks,21,0.8754,0.33,0.3107,1.0667458589031622,0.42718628397080827,0.7579574754642586,4,4,5,0.7506298727794096,0.26115050933991246,3,1,0,Contested High,Contested High,,,
4224,Hotel receptionists,42,Customer services clerks,1041,0.7996,1.0,0.289,0.7800883016670618,2.686231491674511,0.6262301062723521,4,5,5,1.3641832998713082,0.9369370851023449,3,2,0,Contested High,Contested High,3.0,3.0,
4225,Enquiry clerks,42,Customer services clerks,3820,0.8978,1.0,0.3342,1.1514573270045958,2.686231491674511,0.9006115388748488,5,5,5,1.579433452517985,0.7892960268349497,3,3,0,Contested High,Contested High,3.0,3.0,
4226,Receptionists (general),42,Customer services clerks,2629,0.8787,0.33,0.4401,1.0792256734002486,0.42718628397080827,1.5434653820740611,4,4,5,1.0166257798150393,0.45786374699846577,3,1,0,Contested High,Robust High,2.0,3.0,
4227,Survey and market research interviewers,42,Customer services clerks,45,0.9582,1.0,0.5515,1.379875749920961,2.686231491674511,2.2197063464970284,5,5,5,2.0952711960308332,0.5405271568920939,3,3,0,Robust High,Contested High,,,
4229,Client information workers not elsewhere classified,42,Customer services clerks,2181,0.9384,0.33,0.4073,1.3049968629384439,0.42718628397080827,1.3443567318669396,5,4,5,1.0255132929253972,0.42338611774905555,3,2,0,Robust High,Robust High,,,
4311,Accounting and bookkeeping clerks,43,Numerical & material recording clerks,6278,0.9273,1.0,0.0877,1.2630193050846086,2.686231491674511,-0.5957385305170851,5,5,2,1.1178374220806782,1.3437857321774436,3,2,0,Contested High,Contested High,2.0,4.0,
4312,"Statistical, finance and insurance clerks",43,Numerical & material recording clerks,449,0.9514,1.0,0.1258,1.3541597685330258,2.686231491674511,-0.3644568362216179,5,5,3,1.225311474661973,1.2487663861095157,3,2,0,Contested High,Contested High,,,
4313,Payroll clerks,43,Numerical & material recording clerks,197,0.9472,0.33,0.2193,1.338276368264007,0.42718628397080827,0.20312422458221915,5,4,4,0.6561956256056781,0.49090158976001635,3,1,0,Contested High,Contested High,,,
4321,Stock clerks,43,Numerical & material recording clerks,6803,0.434,0.66,0.403,-0.6025238741313333,1.5398503414965126,1.3182540734556403,2,5,5,0.7518601802736065,0.9619575013558491,3,2,0,Contested High,Contested High,3.0,3.0,
4322,Production clerks,43,Numerical & material recording clerks,1089,0.7909,0.33,0.319,0.7471869725383803,0.42718628397080827,0.8083416765837438,4,4,5,0.6609049776976441,0.16713925392668408,3,1,0,Contested High,Contested High,,,
4323,Transport clerks,43,Numerical & material recording clerks,3536,0.9407,0.33,0.0767,1.313694915466716,0.42718628397080827,-0.6625127729645953,5,4,2,0.35945614215764293,0.8082036608167029,3,1,0,Contested High,Mixed,3.0,3.0,
4411,Library clerks,44,Other clerical support workers,225,0.6287,0.33,0.0,0.13378518119675087,0.42718628397080827,-1.128111354394053,3,4,1,-0.18904662974216466,0.6747359827327049,3,0,1,Mixed,Mixed,,,
4412,Mail carriers and sorting clerks,44,Other clerical support workers,1627,0.34,0.33,0.1845,-0.9580094991998483,0.42718628397080827,-0.008125196978995055,2,4,3,-0.1796494707360117,0.5783639406661669,3,0,0,Mixed,Mixed,3.0,3.0,
4413,"Coding, proof-reading and related clerks",44,Other clerical support workers,48,0.9558,0.33,0.0,1.370799521195807,0.42718628397080827,-1.128111354394053,5,4,1,0.22329148359085407,1.0303134501214688,3,1,1,Contested High,Mixed,,,
4414,Scribes and related workers,44,Other clerical support workers,0,0.5747,1.0,,-0.07042996511920482,2.686231491674511,,3,5,,1.3079007632776531,1.378330728396858,2,1,0,Contested High,Contested High,,,partial_coverage|no_employment_signal
4415,Filing and copying clerks,44,Other clerical support workers,344,0.5621,0.33,0.1595,-0.1180801659262609,0.42718628397080827,-0.15988483890515465,3,4,3,0.049740426379797566,0.267439637089915,3,0,0,Mixed,Mixed,,,
4416,Personnel clerks,44,Other clerical support workers,865,0.9739,1.0,0.2339,1.4392494128313404,2.686231491674511,0.29175185546709637,5,5,4,1.4724109199909823,0.9778234149445808,3,2,0,Contested High,Contested High,,,
4419,Clerical support workers not elsewhere classified,44,Other clerical support workers,3552,0.8734,1.0,0.6684,1.0591823349655343,2.686231491674511,2.9293344321437504,4,5,5,2.224916086261265,0.8302514254122906,3,2,0,Contested High,Contested High,,,
5111,Travel attendants and travel stewards,51,Personal service workers,463,0.5022,0.66,0.0,-0.3446077078582192,1.5398503414965126,-1.128111354394053,3,5,1,0.022377093081413408,1.1196765264353041,3,1,1,Contested High,Mixed,,,
5112,Transport conductors,51,Personal service workers,108,0.5628,0.66,0.1672,-0.1154329325480914,1.5398503414965126,-0.11314286919189759,3,5,3,0.4370915132521745,0.7797688059293229,3,1,0,Contested High,Mixed,,,
5113,Travel guides,51,Personal service workers,284,0.7251,0.33,0.0853,0.4983470349904193,0.42718628397080827,-0.6103074561419964,4,4,2,0.10507528760641038,0.5066855143388042,3,0,0,Mixed,Mixed,,,
5120,Cooks,51,Personal service workers,8075,0.4258,0.0,0.1332,-0.633534322275608,-0.6854777735548961,-0.31953598221147456,2,2,3,-0.5461826926806596,0.1616603003370089,3,0,0,Mixed,Mixed,3.0,3.0,
5131,Waiters,51,Personal service workers,3703,0.3601,0.66,0.1733,-0.8819960836266874,1.5398503414965126,-0.0761135165619145,2,5,3,0.19391358043597026,1.0069826220133542,3,1,0,Contested High,Mixed,3.0,3.0,
5132,Bartenders,51,Personal service workers,1259,0.4222,0.0,0.0684,-0.6471486653633384,-0.6854777735548961,-0.7128969740840804,2,2,2,-0.6818411376674383,0.026964530595369903,3,0,0,Mixed,Mixed,3.0,3.0,
5141,Hairdressers,51,Personal service workers,1791,0.5031,0.66,0.1412,-0.3412041220862866,1.5398503414965126,-0.27097289679510356,3,5,3,0.30922444087170753,0.8706561459489177,3,1,0,Contested High,Mixed,3.0,3.0,
5142,Beauticians and related workers,51,Personal service workers,2231,0.5086,0.0,0.1958,-0.3204044312578094,-0.6854777735548961,0.06047016117162913,3,2,4,-0.3151373478803588,0.3045547427050085,3,0,0,Mixed,Mixed,3.0,3.0,
5151,"Cleaning and housekeeping supervisors in offices, hotels and other establishments",51,Personal service workers,1753,0.4308,0.0,0.236,-0.6146255124315381,-0.6854777735548961,0.3044996653888937,2,2,4,-0.33186787353251346,0.4509085230001311,3,0,0,Mixed,Mixed,3.0,3.0,
5152,Domestic housekeepers,51,Personal service workers,33,0.4308,0.0,0.2444,-0.6146255124315381,-0.6854777735548961,0.3554909050760835,2,2,4,-0.31487079363678355,0.4748990180747017,3,0,0,Mixed,Mixed,,,
5153,Building caretakers,51,Personal service workers,2049,0.1924,0.66,0.0627,-1.5161975657967934,1.5398503414965126,-0.7474981724432448,1,5,2,-0.24128179891450854,1.297959543678561,3,1,1,Contested High,Mixed,,,
5161,"Astrologers, fortune-tellers and related workers",51,Personal service workers,0,,0.33,0.0,,0.42718628397080827,-1.128111354394053,,4,1,-0.3504625352116224,0.7776488191824307,2,0,1,Mixed,Mixed,,,partial_coverage|no_employment_signal
5162,Companions and valets,51,Personal service workers,0,0.5747,0.0,0.117,-0.07042996511920482,-0.6854777735548961,-0.417876230179626,3,2,3,-0.39126132295124233,0.2517965006779196,3,0,0,Mixed,Mixed,,,|no_employment_signal
5163,Undertakers and embalmers,51,Personal service workers,97,0.4579,0.0,0.0731,-0.5121397630766791,-0.6854777735548961,-0.6843661614019624,2,2,2,-0.6273278993445125,0.08145157650627914,3,0,0,Mixed,Mixed,,,
5164,Pet groomers and animal care workers,51,Personal service workers,508,0.4442,0.0,0.0236,-0.5639499020494306,-0.6854777735548961,-0.9848502524157584,2,2,1,-0.7447593093400284,0.1768709540850001,3,0,1,Mixed,Mixed,,,
5165,Driving instructors,51,Personal service workers,307,0.7423,0.66,0.275,0.5633933408540199,1.5398503414965126,0.541244706793703,4,5,4,0.8814961297147451,0.4656145341558678,3,1,0,Contested High,Contested High,,,
5169,Personal services workers not elsewhere classified,51,Personal service workers,384,0.6371,0.0,0.0949,0.16555198173478827,-0.6854777735548961,-0.5520317536423511,3,2,2,-0.3573191818208197,0.37371794205088354,3,0,0,Mixed,Mixed,,,
5211,Stall and market salespersons,52,Sales workers,420,0.905,0.66,0.195,1.1786860131800565,1.5398503414965126,0.05561385262999205,5,5,4,0.9247167357688538,0.6319888100920146,3,2,0,Robust High,Contested High,3.0,3.0,
5212,Street food salespersons,52,Sales workers,53,0.648,0.0,0.1595,0.20677318719486085,-0.6854777735548961,-0.15988483890515465,3,2,3,-0.21286314175506335,0.3661811661544584,3,0,0,Mixed,Mixed,,,
5221,Shopkeepers,52,Sales workers,583,0.7559,0.33,0.7629,0.6148253036298904,0.42718628397080827,3.502985878624634,4,4,5,1.514999155408444,1.4078045577393519,3,1,0,Contested High,Contested High,,,
5222,Shop supervisors,52,Sales workers,3049,0.6002,0.33,0.0439,0.026004965085551824,0.42718628397080827,-0.8616214231717169,3,4,2,-0.13614339137178558,0.538501249533589,3,0,0,Mixed,Mixed,4.0,3.0,
5223,Shop sales assistants,52,Sales workers,23694,0.5904,0.33,0.344,-0.011056302208824986,0.42718628397080827,0.9601013185099032,3,4,5,0.4587437667572955,0.3971008999485142,3,1,0,Contested High,Mixed,3.0,3.0,
5230,Cashiers and ticket clerks,52,Sales workers,3843,0.553,0.0,0.3663,-0.1524941998424682,-0.6854777735548961,1.0954709191080378,3,2,5,0.08583298190355786,0.7463441769245187,3,1,0,Contested High,Mixed,3.0,3.0,
5241,Fashion and other models,52,Sales workers,0,0.2804,0.0,0.0,-1.1834025125411625,-0.6854777735548961,-1.128111354394053,1,2,1,-0.998997213496704,0.22283791936200442,3,0,2,Consensus Low,Mixed,,,|no_employment_signal
5242,Sales demonstrators,52,Sales workers,286,0.6294,0.33,0.4785,0.13643241457492036,0.42718628397080827,1.7765681920726424,3,4,5,0.7800622968727904,0.7145639474617669,3,1,0,Contested High,Contested High,,,
5243,Door to door salespersons,52,Sales workers,0,0.905,0.33,0.329,1.1786860131800565,0.42718628397080827,0.8690455333542078,5,4,5,0.8249726101683574,0.3083772339943431,3,2,0,Robust High,Contested High,,,|no_employment_signal
5244,Contact centre salespersons,52,Sales workers,962,0.9081,1.0,0.0,1.1904094752833798,2.686231491674511,-1.128111354394053,5,5,1,0.9161765375212791,1.5692260544514363,3,2,1,Contested High,Contested High,3.0,3.0,
5245,Service station attendants,52,Sales workers,737,0.4442,0.66,0.3249,-0.5639499020494306,1.5398503414965126,0.8441569520783176,2,5,5,0.6066857971751332,0.8751336196049462,3,2,0,Contested High,Contested High,3.0,3.0,
5246,Food service counter attendants,52,Sales workers,4534,0.3199,0.0,0.0877,-1.0340229147730096,-0.6854777735548961,-0.5957385305170851,2,2,2,-0.7717464062816637,0.18904145597382976,3,0,0,Mixed,Mixed,3.0,3.0,
5249,Sales workers not elsewhere classified,52,Sales workers,3671,0.6168,0.0,0.5125,0.0887822137678643,-0.6854777735548961,1.982961305092219,3,2,5,0.46208858176839573,1.1209103480073914,3,1,0,Contested High,Mixed,,,
5311,Child care workers,53,Personal care workers,1212,0.6013,0.0,0.0137,0.030164903251247176,-0.6854777735548961,-1.0449470706185178,3,2,1,-0.5667533136407222,0.44686915469442867,3,0,1,Mixed,Mixed,3.0,3.0,
5312,Teachers' aides,53,Personal care workers,7420,0.7213,0.66,0.1207,0.4839763395089265,1.5398503414965126,-0.39541580317455444,4,5,3,0.5428036259436283,0.7911633838424091,3,1,0,Contested High,Contested High,3.0,3.0,
5321,Health care assistants,53,Personal care workers,7780,0.3986,0.0,0.2855,-0.7363982478273485,-0.6854777735548961,0.6049837564026898,2,2,4,-0.2722974216598516,0.6206796934072266,3,0,0,Mixed,Mixed,4.0,3.0,
5322,Home-based personal care workers,53,Personal care workers,721,0.5211,0.0,0.0923,-0.27313240664763466,-0.6854777735548961,-0.5678147564026718,3,2,2,-0.5088083122017343,0.17343297599822205,3,0,0,Mixed,Mixed,4.0,2.0,
5329,Personal care workers in health services not elsewhere classified,53,Personal care workers,1145,0.4246,0.0,0.2684,-0.6380724366381849,-0.6854777735548961,0.5011801613251968,2,2,4,-0.27412334962262813,0.548563862619516,3,0,0,Mixed,Mixed,,,
5411,Fire-fighters,54,Protective services workers,0,0.3267,0.0,0.2163,-1.0083069333850747,-0.6854777735548961,0.18491306755107997,2,2,4,-0.5029572131296304,0.5039370389853506,3,0,0,Mixed,Mixed,3.0,3.0,|no_employment_signal
5412,Police officers,54,Protective services workers,0,0.4378,0.0,0.1595,-0.5881531786498401,-0.6854777735548961,-0.15988483890515465,2,2,3,-0.4778385970366303,0.22831113774234346,3,0,0,Mixed,Mixed,3.0,3.0,|no_employment_signal
5413,Prison guards,54,Protective services workers,528,0.3922,0.0,0.2193,-0.7606015244277582,-0.6854777735548961,0.20312422458221915,2,2,4,-0.41431835780014503,0.43767369991090693,3,0,0,Mixed,Mixed,,,
5414,Security guards,54,Protective services workers,4066,0.579,0.0,0.2843,-0.054168388653304776,-0.6854777735548961,0.5976992935902342,3,2,4,-0.04731562287265556,0.5238772545236959,3,0,0,Mixed,Mixed,4.0,3.0,
5419,Protective services workers not elsewhere classified,54,Protective services workers,104,0.5253,0.0,0.2715,-0.257249006378616,-0.6854777735548961,0.5199983569240406,3,2,4,-0.1409094743364905,0.49896181572371057,3,0,0,Mixed,Mixed,3.0,3.0,
6111,Field crop and vegetable growers,61,Market-oriented skilled agricultural,479,0.3672,0.0,0.0,-0.8551455736481078,-0.6854777735548961,-1.128111354394053,2,2,1,-0.8895782338656857,0.18233728415378644,3,0,1,Mixed,Mixed,,,
6112,Tree and shrub crop growers,61,Market-oriented skilled agricultural,0,0.3672,0.0,0.0119,-0.8551455736481078,-0.6854777735548961,-1.0558737648372012,2,2,1,-0.865499037346735,0.1513906497496228,3,0,1,Mixed,Mixed,,,|no_employment_signal
6113,"Gardeners, horticultural and nursery growers",61,Market-oriented skilled agricultural,532,0.2747,0.0,0.0225,-1.2049585557634022,-0.6854777735548961,-0.9915276766605096,1,2,1,-0.9606546686596026,0.21319776067970062,3,0,2,Consensus Low,Mixed,3.0,3.0,
6114,Mixed crop growers,61,Market-oriented skilled agricultural,138,0.3672,0.0,0.0,-0.8551455736481078,-0.6854777735548961,-1.128111354394053,2,2,1,-0.8895782338656857,0.18233728415378644,3,0,1,Mixed,Mixed,,,
6121,Livestock and dairy producers,61,Market-oriented skilled agricultural,1584,0.3813,0.0,0.0,-0.8018227298878308,-0.6854777735548961,-1.128111354394053,2,2,1,-0.8718039526122601,0.1873573241556149,3,0,1,Mixed,Mixed,3.0,3.0,
6122,Poultry producers,61,Market-oriented skilled agricultural,110,0.3813,0.0,0.0,-0.8018227298878308,-0.6854777735548961,-1.128111354394053,2,2,1,-0.8718039526122601,0.1873573241556149,3,0,1,Mixed,Mixed,,,
6123,Apiarists and sericulturists,61,Market-oriented skilled agricultural,45,0.3813,0.66,0.0,-0.8018227298878308,1.5398503414965126,-1.128111354394053,2,5,1,-0.13002791426179042,1.1882721653480275,3,1,1,Contested High,Mixed,,,
6129,Animal producers not elsewhere classified,61,Market-oriented skilled agricultural,79,0.3813,0.0,0.0,-0.8018227298878308,-0.6854777735548961,-1.128111354394053,2,2,1,-0.8718039526122601,0.1873573241556149,3,0,1,Mixed,Mixed,,,
6130,Mixed crop and animal producers,61,Market-oriented skilled agricultural,681,0.3455,0.0,0.0,-0.9372098083713716,-0.6854777735548961,-1.128111354394053,2,2,1,-0.9169329787734402,0.18127232567885496,3,0,1,Mixed,Mixed,,,
6210,Forestry and related workers,62,Market-oriented skilled forestry/fishery/hunting,1210,0.3247,0.0,0.0,-1.0158704573227026,-0.6854777735548961,-1.128111354394053,2,2,1,-0.9431531950905505,0.18787756987202825,3,0,1,Mixed,Mixed,3.0,3.0,
6221,Aquaculture workers,62,Market-oriented skilled forestry/fishery/hunting,22,0.3813,0.0,0.0239,-0.8018227298878308,-0.6854777735548961,-0.9830291367126445,2,2,1,-0.8234432133851238,0.12243307671064248,3,0,1,Mixed,Mixed,,,
6222,Inland and coastal waters fishery workers,62,Market-oriented skilled forestry/fishery/hunting,0,0.3156,0.0,0.0,-1.05028449123891,-0.6854777735548961,-1.128111354394053,1,2,1,-0.9546245397292864,0.19294946050497483,3,0,2,Consensus Low,Mixed,,,|no_employment_signal
6223,Deep-sea fishery workers,62,Market-oriented skilled forestry/fishery/hunting,103,0.3156,0.0,0.039,-1.05028449123891,-0.6854777735548961,-0.8913663129892441,1,2,1,-0.8757095259276834,0.14934264082452414,3,0,2,Consensus Low,Mixed,,,
6224,Hunters and trappers,62,Market-oriented skilled forestry/fishery/hunting,0,0.3449,0.0,0.0,-0.93947886555266,-0.6854777735548961,-1.128111354394053,2,2,1,-0.9176893311672032,0.18136006465624285,3,0,1,Mixed,Mixed,,,|no_employment_signal
6310,Subsistence crop farmers,63,"Subsistence farmers, fishers, hunters & gatherers",0,0.1461,0.0,,-1.6912931449528814,-0.6854777735548961,,1,2,,-1.1883854592538887,0.5029076856989927,2,0,1,Mixed,Consensus Low,,,partial_coverage|no_employment_signal
6320,Subsistence livestock farmers,63,"Subsistence farmers, fishers, hunters & gatherers",0,0.2842,0.0,,-1.1690318170596692,-0.6854777735548961,,1,2,,-0.9272547953072827,0.24177702175238652,2,0,1,Mixed,Mixed,,,partial_coverage|no_employment_signal
6330,Subsistence mixed crop and livestock farmers,63,"Subsistence farmers, fishers, hunters & gatherers",0,0.2152,0.0,,-1.4299733929078347,-0.6854777735548961,,1,2,,-1.0577255832313655,0.37224780967646925,2,0,1,Mixed,Consensus Low,,,partial_coverage|no_employment_signal
6340,"Subsistence fishers, hunters, trappers and gatherers",63,"Subsistence farmers, fishers, hunters & gatherers",0,0.2,0.0,,-1.487456174833807,-0.6854777735548961,,1,2,,-1.0864669741943516,0.4009892006394555,2,0,1,Mixed,Consensus Low,,,partial_coverage|no_employment_signal
7111,House builders,71,Building & related trades workers (excl electricians),9293,0.8831,0.0,0.0877,1.09586542606303,-0.6854777735548961,-0.5957385305170851,4,2,2,-0.06178362600298374,0.8194009107257387,3,0,0,Mixed,Mixed,3.0,3.0,
7112,Bricklayers and related workers,71,Building & related trades workers (excl electricians),0,0.1756,0.0,0.0975,-1.5797311668728686,-0.6854777735548961,-0.5362487508820305,1,2,2,-0.9338192304365984,0.4607739847438683,3,0,1,Mixed,Mixed,3.0,3.0,|no_employment_signal
7113,"Stonemasons, stone cutters, splitters and carvers",71,Building & related trades workers (excl electricians),343,0.2169,0.0,0.0,-1.4235443975608508,-0.6854777735548961,-1.128111354394053,1,2,1,-1.0790445085032667,0.3033054037238588,3,0,2,Consensus Low,Consensus Low,,,
7114,"Concrete placers, concrete finishers and related workers",71,Building & related trades workers (excl electricians),1403,0.1711,0.0,0.0,-1.5967490957325314,-0.6854777735548961,-1.128111354394053,1,2,1,-1.136779407893827,0.37207544666769765,3,0,2,Consensus Low,Consensus Low,3.0,3.0,
7115,Carpenters and joiners,71,Building & related trades workers (excl electricians),1690,0.2239,0.0,0.0298,-1.397072063779153,-0.6854777735548961,-0.9472138612180709,1,2,1,-1.0099212328507068,0.29387159249434786,3,0,2,Consensus Low,Consensus Low,3.0,3.0,
7119,Building frame and related trades workers not elsewhere classified,71,Building & related trades workers (excl electricians),1996,0.2685,0.0,0.0548,-1.2284054799700488,-0.6854777735548961,-0.7954542192919113,1,2,2,-0.903112490938952,0.23435777661348692,3,0,1,Mixed,Mixed,3.0,3.0,
7121,Roofers,71,Building & related trades workers (excl electricians),365,0.1036,0.0,0.0798,-1.8520180286274759,-0.6854777735548961,-0.6436945773657516,1,2,2,-1.0603967931827079,0.5600205913930134,3,0,1,Mixed,Consensus Low,3.0,3.0,
7122,Floor layers and tile setters,71,Building & related trades workers (excl electricians),461,0.1857,0.0,0.0512,-1.5415353709878474,-0.6854777735548961,-0.8173076077292782,1,2,2,-1.0147735840906738,0.37634493167477684,3,0,1,Mixed,Consensus Low,3.0,3.0,
7123,Plasterers,71,Building & related trades workers (excl electricians),326,0.133,0.0,0.0,-1.7408342267443446,-0.6854777735548961,-1.128111354394053,1,2,1,-1.1848077848977647,0.43270865852676577,3,0,2,Consensus Low,Consensus Low,,,
7124,Insulation workers,71,Building & related trades workers (excl electricians),261,0.1903,0.0,0.0,-1.524139265931303,-0.6854777735548961,-1.128111354394053,1,2,1,-1.1125761312934175,0.34255829875253385,3,0,2,Consensus Low,Consensus Low,,,
7125,Glaziers,71,Building & related trades workers (excl electricians),152,0.2056,0.0,0.0975,-1.466278307808449,-0.6854777735548961,-0.5362487508820305,1,2,2,-0.8960016107484585,0.4078226401343389,3,0,1,Mixed,Mixed,,,
7126,Plumbers and pipe fitters,71,Building & related trades workers (excl electricians),2652,0.266,0.0,0.0768,-1.2378598848920839,-0.6854777735548961,-0.6619057343968908,1,2,2,-0.8617477976146236,0.26612545525832054,3,0,1,Mixed,Mixed,4.0,3.0,
7127,Air conditioning and refrigeration mechanics,71,Building & related trades workers (excl electricians),383,0.4729,0.0,0.0836,-0.4554133335444691,-0.6854777735548961,-0.6206271117929754,2,2,2,-0.5871727396307802,0.09685662222034808,3,0,0,Mixed,Mixed,,,
7131,Painters and related workers,71,Building & related trades workers (excl electricians),1652,0.1303,0.0,0.0,-1.7510449840601425,-0.6854777735548961,-1.128111354394053,1,2,1,-1.1882113706696973,0.4370868555891628,3,0,2,Consensus Low,Consensus Low,3.0,3.0,
7132,Spray painters and varnishers,71,Building & related trades workers (excl electricians),854,0.2349,0.0,0.1354,-1.355472682122199,-0.6854777735548961,-0.3061811337219726,1,2,3,-0.782377196466356,0.43381663715327673,3,0,1,Mixed,Mixed,3.0,3.0,
7133,Building structure cleaners,71,Building & related trades workers (excl electricians),105,,0.0,0.0702,,-0.6854777735548961,-0.7019702798653968,,2,2,-0.6937240267101465,0.00824625315525035,2,0,0,Mixed,Mixed,,,partial_coverage
7211,Metal moulders and coremakers,72,"Metal, machinery & related trades",63,0.1904,0.0,0.1215,-1.5237610897344216,-0.6854777735548961,-0.39055949463291734,1,2,3,-0.8665994526407451,0.480027958047797,3,0,1,Mixed,Mixed,,,
7212,Welders and flamecutters,72,"Metal, machinery & related trades",4219,0.2866,0.0,0.1007,-1.1599555883345156,-0.6854777735548961,-0.5168235167154821,1,2,2,-0.7874189595349645,0.27227280367983214,3,0,1,Mixed,Mixed,4.0,3.0,
7213,Sheet-metal workers,72,"Metal, machinery & related trades",838,0.3151,0.0,0.0274,-1.052175372223317,-0.6854777735548961,-0.9617827868429821,1,2,1,-0.8998119775403984,0.15598518759059454,3,0,2,Consensus Low,Mixed,,,
7214,Structural-metal preparers and erectors,72,"Metal, machinery & related trades",1519,0.1439,0.0,0.0627,-1.699613021284272,-0.6854777735548961,-0.7474981724432448,1,2,2,-1.044196322427471,0.4641407253013015,3,0,1,Mixed,Consensus Low,4.0,3.0,
7215,Riggers and cable splicers,72,"Metal, machinery & related trades",144,0.2525,0.0,0.1054,-1.2889136714710727,-0.6854777735548961,-0.48829270403336417,1,2,2,-0.820894716353111,0.3405894837609585,3,0,1,Mixed,Mixed,,,
7221,"Blacksmiths, hammersmiths and forging press workers",72,"Metal, machinery & related trades",113,0.3693,0.0,0.0813,-0.8472038735135985,-0.6854777735548961,-0.634588998850182,2,2,2,-0.7224235486395588,0.09064588225429746,3,0,0,Mixed,Mixed,,,
7222,Toolmakers and related workers,72,"Metal, machinery & related trades",1655,0.4314,0.0,0.1399,-0.6123564552502497,-0.6854777735548961,-0.2788643981752639,2,2,3,-0.52556620899347,0.17698026141049136,3,0,0,Mixed,Mixed,4.0,3.0,
7223,Metal working machine tool setters and operators,72,"Metal, machinery & related trades",2647,0.3366,0.0,0.1412,-0.970867489893816,-0.6854777735548961,-0.27097289679510356,2,2,3,-0.6424393867479385,0.2873468721672026,3,0,0,Mixed,Mixed,4.0,3.0,
7224,"Metal polishers, wheel grinders and tool sharpeners",72,"Metal, machinery & related trades",346,0.3107,0.0,0.2437,-1.0688151248860984,-0.6854777735548961,0.35124163510215095,1,2,4,-0.46768375444628113,0.599842188394411,3,0,1,Mixed,Mixed,4.0,3.0,
7231,Motor vehicle mechanics and repairers,72,"Metal, machinery & related trades",5374,0.3317,0.0,0.2537,-0.9893981235410046,-0.6854777735548961,0.4119454918726147,2,2,4,-0.42097680174109536,0.6018923243587467,3,0,0,Mixed,Mixed,4.0,3.0,
7232,Aircraft engine mechanics and repairers,72,"Metal, machinery & related trades",214,0.5001,0.0,0.2782,-0.35254940799272855,-0.6854777735548961,0.5606699409602512,3,2,4,-0.15911908019579116,0.5268032525725673,3,0,0,Mixed,Mixed,,,
7233,Agricultural and industrial machinery mechanics and repairers,72,"Metal, machinery & related trades",3448,0.3013,0.0,0.1421,-1.1043636873929499,-0.6854777735548961,-0.26550954968576174,1,2,3,-0.6851170035445359,0.34246086268201786,3,0,1,Mixed,Mixed,4.0,3.0,
7234,Bicycle and related repairers,72,"Metal, machinery & related trades",128,0.4627,0.0,0.1462,-0.4939873056263718,-0.6854777735548961,-0.24062096840987163,2,2,3,-0.47336201586371324,0.18219668164615366,3,0,0,Mixed,Mixed,,,
7311,Precision-instrument makers and repairers,73,Handicraft & printing workers,237,0.5629,0.0,0.0986,-0.11505475635121004,-0.6854777735548961,-0.5295713266372796,3,2,2,-0.4433679521811286,0.24071957539103425,3,0,0,Mixed,Mixed,,,
7312,Musical instrument makers and tuners,73,Handicraft & printing workers,41,0.5176,0.0,0.0423,-0.2863685735384839,-0.6854777735548961,-0.8713340402549911,3,2,2,-0.614393462449457,0.24404355318496795,3,0,0,Mixed,Mixed,,,
7313,Jewellery and precious-metal workers,73,Handicraft & printing workers,128,0.5511,0.0,0.027,-0.15967954758321484,-0.6854777735548961,-0.9642109411138008,3,2,1,-0.6031227540839706,0.33357103463191473,3,0,1,Mixed,Mixed,,,
7314,Potters and related workers,73,Handicraft & printing workers,23,0.2988,0.0,0.1831,-1.113818092314985,-0.6854777735548961,-0.0166237369268599,1,2,3,-0.6053065342655802,0.45150078189727744,3,0,1,Mixed,Mixed,,,
7315,"Glass makers, cutters, grinders and finishers",73,Handicraft & printing workers,494,0.2886,0.0,0.0,-1.1523920643968875,-0.6854777735548961,-1.128111354394053,1,2,1,-0.9886603974486121,0.2146115340063985,3,0,2,Consensus Low,Mixed,,,
7316,"Sign writers, decorative painters, engravers and etchers",73,Handicraft & printing workers,36,0.3692,0.0,0.1086,-0.84758204971048,-0.6854777735548961,-0.46886746986681566,2,2,2,-0.6673090977107305,0.1551424266773139,3,0,0,Mixed,Mixed,,,
7317,"Handicraft workers in wood, basketry and related materials",73,Handicraft & printing workers,126,0.3343,0.0,0.1524,-0.9795655424220883,-0.6854777735548961,-0.20298457721218396,2,2,3,-0.6226759643963894,0.32013283629015915,3,0,0,Mixed,Mixed,,,
7318,"Handicraft workers in textile, leather and related materials",73,Handicraft & printing workers,202,0.3171,0.0,0.0585,-1.044611848285689,-0.6854777735548961,-0.7729937922868396,1,2,2,-0.834361138042475,0.15290254903478978,3,0,1,Mixed,Mixed,,,
7319,Handicraft workers not elsewhere classified,73,Handicraft & printing workers,335,0.3343,0.0,0.4136,-0.9795655424220883,-0.6854777735548961,1.382600161632332,2,2,5,-0.09414771811488414,1.051097879743761,3,1,0,Contested High,Mixed,3.0,3.0,
7321,Pre-press technicians,73,Handicraft & printing workers,227,0.7005,0.0,0.0793,0.40531569055759537,-0.6854777735548961,-0.6467297702042748,4,2,2,-0.3089639510671918,0.5053196392849717,3,0,0,Mixed,Mixed,,,
7322,Printers ,73,Handicraft & printing workers,506,0.396,0.0,0.2519,-0.7462308289462649,-0.6854777735548961,0.4010187976539314,2,2,4,-0.34356326828240985,0.5270828986793692,3,0,0,Mixed,Mixed,,,
7323,Print finishing and binding workers,73,Handicraft & printing workers,778,0.3409,0.0,0.1805,-0.954605913427916,-0.6854777735548961,-0.032406739687180615,2,2,3,-0.5574968088899975,0.3872098264072011,3,0,0,Mixed,Mixed,,,
7411,Building and related electricians,74,Electrical & electronics trades workers,2782,0.3533,0.0,0.0699,-0.9077120650146224,-0.6854777735548961,-0.7037913955685108,2,2,2,-0.765660411379343,0.10072355372735949,3,0,0,Mixed,Mixed,4.0,3.0,
7412,Electrical mechanics and fitters,74,Electrical & electronics trades workers,2088,0.3817,0.0,0.2234,-0.8003100251003051,-0.6854777735548961,0.22801280585810926,2,2,4,-0.41925833093236403,0.46008445231302963,3,0,0,Mixed,Mixed,4.0,3.0,
7413,Electrical line installers and repairers ,74,Electrical & electronics trades workers,766,0.4404,0.0,0.0,-0.5783205975309237,-0.6854777735548961,-1.128111354394053,2,2,1,-0.7973032418266243,0.23797222610867377,3,0,1,Mixed,Mixed,,,
7421,Electronics mechanics and servicers,74,Electrical & electronics trades workers,1583,0.4676,0.0,0.2229,-0.4754566719791832,-0.6854777735548961,0.22497761301958608,2,2,4,-0.3119856108381644,0.38925085622560546,3,0,0,Mixed,Mixed,4.0,3.0,
7422,Information and communications technology installers and servicers,74,Electrical & electronics trades workers,655,0.4211,0.0,0.2674,-0.6513086035290339,-0.6854777735548961,0.49510977564815045,2,2,4,-0.28055886714525985,0.5486579174706175,3,0,0,Mixed,Mixed,,,
7511,"Butchers, fishmongers and related food preparers",75,"Food, wood, garment & other craft trades",1767,0.2676,0.0,0.0215,-1.2318090657419813,-0.6854777735548961,-0.9975980623375559,1,2,1,-0.9716283005448112,0.2237934935029487,3,0,2,Consensus Low,Mixed,3.0,3.0,
7512,"Bakers, pastry-cooks and confectionery makers",75,"Food, wood, garment & other craft trades",2133,0.4868,0.0,0.0769,-0.4028468421779546,-0.6854777735548961,-0.6612986958291861,3,2,2,-0.583207770520679,0.1279158715833796,3,0,0,Mixed,Mixed,3.0,3.0,
7513,Dairy-products makers,75,"Food, wood, garment & other craft trades",287,0.4103,0.0,0.0462,-0.6921516327922249,-0.6854777735548961,-0.8476595361145102,2,2,2,-0.7417629808205438,0.0749297244829046,3,0,0,Mixed,Mixed,,,
7514,"Fruit, vegetable and related preservers",75,"Food, wood, garment & other craft trades",229,0.439,0.0,0.0,-0.5836150642872634,-0.6854777735548961,-1.128111354394053,2,2,1,-0.7990680640787375,0.2363558307030346,3,0,1,Mixed,Mixed,,,
7515,Food and beverage tasters and graders,75,"Food, wood, garment & other craft trades",87,0.4266,0.0,0.1071,-0.630508912700557,-0.6854777735548961,-0.47797304838238525,2,2,2,-0.5979865782126127,0.08777938035263602,3,0,0,Mixed,Mixed,,,
7516,Tobacco preparers and tobacco products makers,75,"Food, wood, garment & other craft trades",0,0.2589,0.0,0.0716,-1.264710394870663,-0.6854777735548961,-0.693471739917532,1,2,2,-0.881219969447697,0.27118831792423914,3,0,1,Mixed,Mixed,,,|no_employment_signal
7521,Wood treaters,75,"Food, wood, garment & other craft trades",3098,0.2768,0.0,0.0,-1.1970168556288927,-0.6854777735548961,-1.128111354394053,1,2,1,-1.0035353278592807,0.22665310927004875,3,0,2,Consensus Low,Consensus Low,3.0,3.0,
7522,Cabinet-makers and related workers,75,"Food, wood, garment & other craft trades",2336,0.2928,0.0,0.0,-1.1365086641278688,-0.6854777735548961,-1.128111354394053,1,2,1,-0.9833659306922726,0.21066663131547936,3,0,2,Consensus Low,Mixed,3.0,3.0,
7523,Woodworking-machine tool setters and operators,75,"Food, wood, garment & other craft trades",1903,0.2781,0.0,0.0726,-1.1921005650694345,-0.6854777735548961,-0.6874013542404855,1,2,2,-0.8549932309549387,0.23837217549593914,3,0,1,Mixed,Mixed,4.0,3.0,
7531,"Tailors, dressmakers, furriers and hatters",75,"Food, wood, garment & other craft trades",143,0.4741,0.0,0.1755,-0.4508752191818922,-0.6854777735548961,-0.06275866807241257,2,2,3,-0.3997038869364003,0.25678609777537936,3,0,0,Mixed,Mixed,,,
7532,Garment and related pattern-makers and cutters,75,"Food, wood, garment & other craft trades",361,0.4029,0.0,0.19,-0.7201366713614485,-0.6854777735548961,0.025261924244760096,2,2,3,-0.46011750689052816,0.34350662674462173,3,0,0,Mixed,Mixed,,,
7533,"Sewing, embroidery and related workers",75,"Food, wood, garment & other craft trades",2378,0.3181,0.0,0.1755,-1.040830086316875,-0.6854777735548961,-0.06275866807241257,1,2,3,-0.5963555093147278,0.40423838534883866,3,0,1,Mixed,Mixed,,,
7534,Upholsterers and related workers,75,"Food, wood, garment & other craft trades",650,0.2267,0.0,0.1747,-1.3864831302664735,-0.6854777735548961,-0.06761497661404965,1,2,3,-0.7131919601451396,0.5387821815807742,3,0,1,Mixed,Mixed,3.0,3.0,
7535,"Pelt dressers, tanners and fellmongers",75,"Food, wood, garment & other craft trades",0,0.2106,0.0,0.235,-1.447369497964379,-0.6854777735548961,0.29842927971184735,1,2,4,-0.6114726639358092,0.7146378617739436,3,0,1,Mixed,Mixed,,,|no_employment_signal
7536,Shoemakers and related workers,75,"Food, wood, garment & other craft trades",188,0.3171,0.0,0.0278,-1.044611848285689,-0.6854777735548961,-0.9593546325721637,1,2,1,-0.896481418137583,0.15320814105477173,3,0,2,Consensus Low,Mixed,,,
7541,Underwater divers,75,"Food, wood, garment & other craft trades",21,0.2858,0.0,0.0,-1.1629809979095669,-0.6854777735548961,-1.128111354394053,1,2,1,-0.9921900419528388,0.21734501711807339,3,0,2,Consensus Low,Mixed,,,
7542,Shotfirers and blasters,75,"Food, wood, garment & other craft trades",0,0.3782,0.0,0.135,-0.8135461919911541,-0.6854777735548961,-0.3086092879927911,2,2,3,-0.6025444178462804,0.21431872740023108,3,0,0,Mixed,Mixed,,,|no_employment_signal
7543,Product graders and testers (excluding foods and beverages),75,"Food, wood, garment & other craft trades",613,0.5866,0.33,0.3281,-0.02542699769031825,0.42718628397080827,0.8635821862448659,3,4,5,0.4217804908417853,0.3629566082695385,3,1,0,Contested High,Mixed,3.0,3.0,
7544,Fumigators and other pest and weed controllers,75,"Food, wood, garment & other craft trades",23,0.3926,0.0,0.1097,-0.7590888196402326,-0.6854777735548961,-0.4621900456220646,2,2,2,-0.6355855462723977,0.12623825690806292,3,0,0,Mixed,Mixed,,,
7549,Craft and related workers not elsewhere classified,75,"Food, wood, garment & other craft trades",1416,0.4731,0.0,,-0.4546569811507062,-0.6854777735548961,,2,2,,-0.5700673773528011,0.11541039620209498,2,0,0,Mixed,Mixed,,,partial_coverage
8111,Miners and quarriers,81,Stationary plant & machine operators,417,0.2403,0.0,0.2206,-1.3350511674906034,-0.6854777735548961,0.2110157259623794,1,2,4,-0.6031710716943733,0.6338567160046015,3,0,1,Mixed,Mixed,,,
8112,Mineral and stone processing plant operators,81,Stationary plant & machine operators,219,0.2886,0.0,0.2817,-1.1523920643968875,-0.6854777735548961,0.5819162908299137,1,2,4,-0.41865118237395665,0.7327362827435726,3,0,1,Mixed,Mixed,,,
8113,Well drillers and borers and related workers,81,Stationary plant & machine operators,119,0.2925,0.0,0.0524,-1.137643192718513,-0.6854777735548961,-0.8100231449168225,1,2,2,-0.8777147037300773,0.190700466566076,3,0,1,Mixed,Mixed,,,
8114,"Cement, stone and other mineral products machine operators",81,Stationary plant & machine operators,359,0.3417,0.0,0.0738,-0.9515805038528646,-0.6854777735548961,-0.6801168914280299,2,2,2,-0.7723917229452636,0.12672450214713474,3,0,0,Mixed,Mixed,,,
8121,Metal processing plant operators,81,Stationary plant & machine operators,292,0.2814,0.0,0.1574,-1.1796207505723484,-0.6854777735548961,-0.172632648826952,1,2,3,-0.6792437243180655,0.4111248040774761,3,0,1,Mixed,Mixed,,,
8122,"Metal finishing, plating and coating machine operators",81,Stationary plant & machine operators,912,0.2993,0.0,0.0788,-1.1119272113305778,-0.6854777735548961,-0.649764963042798,1,2,2,-0.8157233159760905,0.2099546172010311,3,0,1,Mixed,Mixed,,,
8131,Chemical products plant and machine operators,81,Stationary plant & machine operators,1150,0.3489,0.0,0.2089,-0.924351817677404,-0.6854777735548961,0.13999221354093677,2,2,4,-0.4899457925637878,0.4559836407082002,3,0,0,Mixed,Mixed,,,
8132,Photographic products machine operators,81,Stationary plant & machine operators,23,0.4935,0.66,0.1894,-0.37750903698690086,1.5398503414965126,0.021619692838532326,3,5,3,0.3946536657827147,0.8260074678001671,3,1,0,Contested High,Mixed,,,
8141,Rubber products machine operators,81,Stationary plant & machine operators,340,0.2676,0.0,0.0637,-1.2318090657419813,-0.6854777735548961,-0.7414277867661984,1,2,2,-0.886238208687692,0.24542074610555822,3,0,1,Mixed,Mixed,,,
8142,Plastic products machine operators,81,Stationary plant & machine operators,935,0.3097,0.0,0.2715,-1.0725968868549125,-0.6854777735548961,0.5199983569240406,1,2,4,-0.4126921011619227,0.678183318345908,3,0,1,Mixed,Mixed,,,
8143,Paper products machine operators,81,Stationary plant & machine operators,280,0.2886,0.0,0.1614,-1.1523920643968875,-0.6854777735548961,-0.14835110611876662,1,2,3,-0.6620736480235166,0.41023194763769777,3,0,1,Mixed,Mixed,,,
8151,"Fibre preparing, spinning and winding machine operators",81,Stationary plant & machine operators,146,0.2045,0.0,0.0947,-1.4704382459741443,-0.6854777735548961,-0.5532458307777605,1,2,2,-0.903053950102267,0.40481685247707877,3,0,1,Mixed,Mixed,,,
8152,Weaving and knitting machine operators,81,Stationary plant & machine operators,94,0.2469,0.0,0.159,-1.3100915384964311,-0.6854777735548961,-0.16292003174367786,1,2,3,-0.7194964479316684,0.4689481628290489,3,0,1,Mixed,Mixed,,,
8153,Sewing machine operators,81,Stationary plant & machine operators,1229,0.3247,0.0,0.2566,-1.0158704573227026,-0.6854777735548961,0.4295496103360493,2,2,4,-0.42393287351384973,0.618392590539251,3,0,0,Mixed,Mixed,3.0,3.0,
8154,"Bleaching, dyeing and fabric cleaning machine operators",81,Stationary plant & machine operators,0,0.3536,0.0,0.0,-0.9065775364239781,-0.6854777735548961,-1.128111354394053,2,2,1,-0.9067222214576424,0.1807044316408111,3,0,1,Mixed,Mixed,,,|no_employment_signal
8155,Fur and leather preparing machine operators,81,Stationary plant & machine operators,0,,0.0,0.2883,,-0.6854777735548961,0.6219808362984197,,2,4,-0.03174846862823821,0.6537293049266579,2,0,0,Mixed,Mixed,,,partial_coverage|no_employment_signal
8156,Shoemaking and related machine operators,81,Stationary plant & machine operators,0,0.3062,0.0,0.1635,-1.0858330537457612,-0.6854777735548961,-0.1356032961969691,1,2,3,-0.6356380411658755,0.3895271896596915,3,0,1,Mixed,Mixed,,,|no_employment_signal
8157,Laundry machine operators,81,Stationary plant & machine operators,509,0.2993,0.0,0.1275,-1.1119272113305778,-0.6854777735548961,-0.354137180570639,1,2,3,-0.7171807218187043,0.3101776269346867,3,0,1,Mixed,Mixed,,,
8159,"Textile, fur and leather products machine operators not elsewhere classified",81,Stationary plant & machine operators,261,,0.0,0.0901,,-0.6854777735548961,-0.5811696048921738,,2,2,-0.633323689223535,0.05215408433136115,2,0,0,Mixed,Mixed,,,partial_coverage
8160,Food and related products machine operators,81,Stationary plant & machine operators,1604,0.3876,0.0,0.0595,-0.7779976294843025,-0.6854777735548961,-0.7669234066097932,2,2,2,-0.7434662698829974,0.04125254644959691,3,0,0,Mixed,Mixed,3.0,3.0,
8171,Pulp and papermaking plant operators,81,Stationary plant & machine operators,0,0.3124,0.66,0.1272,-1.0623861295391146,1.5398503414965126,-0.35595829627375286,1,5,3,0.04050197189454837,1.0987247823345176,3,1,1,Contested High,Mixed,4.0,3.0,|no_employment_signal
8172,Wood processing plant operators,81,Stationary plant & machine operators,2102,0.2683,0.0,0.1564,-1.2291618323638116,-0.6854777735548961,-0.1787030345039984,1,2,3,-0.6977808801409021,0.4289362394917772,3,0,1,Mixed,Mixed,3.0,3.0,
8181,Glass and ceramics plant operators,81,Stationary plant & machine operators,102,0.3189,0.0,0.3004,-1.0378046767418236,-0.6854777735548961,0.695432502990681,1,2,5,-0.3426166491020129,0.7479719661848268,3,1,1,Contested High,Mixed,,,
8182,Steam engine and boiler operators,81,Stationary plant & machine operators,545,0.4538,0.0,0.1974,-0.5276449871488164,-0.6854777735548961,0.07018277825490328,2,2,4,-0.38097999414960304,0.32546242232549377,3,0,0,Mixed,Mixed,,,
8183,"Packing, bottling and labelling machine operators",81,Stationary plant & machine operators,935,0.3206,0.0,0.159,-1.0313756813948398,-0.6854777735548961,-0.16292003174367786,2,2,3,-0.626591162231138,0.35698228583283326,3,0,0,Mixed,Mixed,3.0,3.0,
8189,Stationary plant and machine operators not elsewhere classified,81,Stationary plant & machine operators,2554,0.3381,0.0,0.2507,-0.965194846940595,-0.6854777735548961,0.3937343348414755,2,2,4,-0.4189794285513386,0.5859113449387762,3,0,0,Mixed,Mixed,3.0,3.0,
8211,Mechanical machinery assemblers,82,Assemblers,792,0.3392,0.66,0.2868,-0.9610349087748997,1.5398503414965126,0.6128752577828502,2,5,4,0.39723023016815434,1.0323061051863391,3,1,0,Contested High,Mixed,4.0,3.0,
8212,Electrical and electronic equipment assemblers,82,Assemblers,5290,0.4353,0.66,0.0872,-0.597607583571875,1.5398503414965126,-0.5987737233556083,2,5,2,0.11448967818967641,1.0078823030980608,3,1,0,Contested High,Mixed,3.0,3.0,
8219,Assemblers not elsewhere classified,82,Assemblers,3753,0.3621,0.66,0.2043,-0.8744325596890594,1.5398503414965126,0.11206843942652345,2,5,4,0.2591620737446589,0.9910996871092042,3,1,0,Contested High,Mixed,3.0,3.0,
8311,Locomotive engine drivers,83,Drivers & mobile plant operators,0,0.4116,0.0,0.1847,-0.6872353422327666,-0.6854777735548961,-0.006911119843585743,2,2,3,-0.45987474521041616,0.32029445482868946,3,0,0,Mixed,Mixed,,,|no_employment_signal
8312,"Railway brake, signal and switch operators",83,Drivers & mobile plant operators,0,0.4512,0.0,0.0,-0.5374775682677327,-0.6854777735548961,-1.128111354394053,2,2,1,-0.783688898738894,0.2509264648735537,3,0,1,Mixed,Mixed,,,|no_employment_signal
8321,Motorcycle drivers,83,Drivers & mobile plant operators,0,0.481,0.66,0.319,-0.4247810615970758,1.5398503414965126,0.8083416765837438,3,5,5,0.6411369854943936,0.8107248584022754,3,2,0,Contested High,Contested High,,,|no_employment_signal
8322,"Car, taxi and van drivers",83,Drivers & mobile plant operators,3264,0.4174,0.0,0.1313,-0.6653011228136456,-0.6854777735548961,-0.33106971499786275,2,2,3,-0.5606162037888015,0.16252275162977445,3,0,0,Mixed,Mixed,3.0,3.0,
8331,Bus and tram drivers,83,Drivers & mobile plant operators,4233,0.4987,0.0,0.0685,-0.3578438747490682,-0.6854777735548961,-0.7122899355163758,3,2,2,-0.5852038612734467,0.16113999216320435,3,0,0,Mixed,Mixed,3.0,3.0,
8332,Heavy truck and lorry drivers,83,Drivers & mobile plant operators,13448,0.4543,0.0,0.0387,-0.5257541061644094,-0.6854777735548961,-0.8931874286923581,2,2,1,-0.701473102803888,0.15042982759262347,3,0,1,Mixed,Mixed,4.0,3.0,
8341,Mobile farm and forestry plant operators,83,Drivers & mobile plant operators,2618,0.2937,0.0,0.0,-1.1331050783559362,-0.6854777735548961,-1.128111354394053,1,2,1,-0.9822314021016284,0.20984640630945747,3,0,2,Consensus Low,Mixed,3.0,3.0,
8342,Earthmoving and related plant operators,83,Drivers & mobile plant operators,3066,0.2895,0.0,0.0175,-1.1489884786249551,-0.6854777735548961,-1.0218796050457415,1,2,1,-0.9521152857418643,0.1955519344736598,3,0,2,Consensus Low,Mixed,3.0,3.0,
8343,"Crane, hoist and related plant operators",83,Drivers & mobile plant operators,666,0.4256,0.0,0.027,-0.634290674669371,-0.6854777735548961,-0.9642109411138008,2,2,1,-0.7613264631126894,0.14497497102009657,3,0,1,Mixed,Mixed,4.0,3.0,
8344,Lifting truck operators,83,Drivers & mobile plant operators,2016,0.4194,0.66,0.0585,-0.6577375988760176,1.5398503414965126,-0.7729937922868396,2,5,2,0.03637298344455179,1.064159800706976,3,1,0,Contested High,Mixed,3.0,3.0,
8350,Ships' deck crews and related workers,83,Drivers & mobile plant operators,318,0.3094,0.0,0.0125,-1.0737314154455566,-0.6854777735548961,-1.0522315334309733,1,2,1,-0.937146907477142,0.17817327887675385,3,0,2,Consensus Low,Mixed,,,
9111,Domestic cleaners and helpers,91,Cleaners & helpers,249,0.1799,0.0,0.0,-1.5634695904069684,-0.6854777735548961,-1.128111354394053,1,2,1,-1.1256862394519727,0.35844276019253285,3,0,2,Consensus Low,Consensus Low,,,
9112,"Cleaners and helpers in offices, hotels and other establishments",91,Cleaners & helpers,18584,0.1701,0.0,0.0849,-1.6005308577013455,-0.6854777735548961,-0.612735610412815,1,2,2,-0.9662480805563524,0.44948773554771676,3,0,1,Mixed,Mixed,3.0,3.0,
9121,Hand launderers and pressers,91,Cleaners & helpers,386,0.0484,0.0,0.2193,-2.0607712893060084,-0.6854777735548961,0.20312422458221915,1,2,4,-0.8477082794262284,0.9313233513759733,3,0,1,Mixed,Mixed,,,
9122,Vehicle cleaners,91,Cleaners & helpers,665,0.1381,0.0,0.1462,-1.7215472407033934,-0.6854777735548961,-0.24062096840987163,1,2,3,-0.8825486608893871,0.6204371345905505,3,0,1,Mixed,Mixed,3.0,3.0,
9123,Window cleaners,91,Cleaners & helpers,26,0.1924,0.0,0.0,-1.5161975657967934,-0.6854777735548961,-1.128111354394053,1,2,1,-1.1099288979152477,0.33938355351854044,3,0,2,Consensus Low,Consensus Low,,,
9129,Other cleaning workers,91,Cleaners & helpers,287,0.2556,0.0,0.3057,-1.2771902093677494,-0.6854777735548961,0.727605547079027,1,2,5,-0.4116874786145395,0.8410399714914054,3,1,1,Contested High,Mixed,,,
9211,Crop farm labourers,92,"Agricultural, forestry & fishery labourers",307,0.1461,0.0,0.0,-1.6912931449528814,-0.6854777735548961,-1.128111354394053,1,2,1,-1.1682940909672768,0.4116042837273049,3,0,2,Consensus Low,Consensus Low,3.0,3.0,
9212,Livestock farm labourers,92,"Agricultural, forestry & fishery labourers",1142,0.2842,0.0,0.0,-1.1690318170596692,-0.6854777735548961,-1.128111354394053,1,2,1,-0.9942069816695396,0.2189427840380725,3,0,2,Consensus Low,Mixed,3.0,3.0,
9213,Mixed crop and livestock farm labourers,92,"Agricultural, forestry & fishery labourers",372,0.2152,0.0,0.0,-1.4299733929078347,-0.6854777735548961,-1.128111354394053,1,2,1,-1.0811875069522614,0.3057447927089784,3,0,2,Consensus Low,Consensus Low,,,
9214,Garden and horticultural labourers,92,"Agricultural, forestry & fishery labourers",880,0.1149,0.0,0.0,-1.8092841183798778,-0.6854777735548961,-1.128111354394053,1,2,1,-1.2076244154429423,0.4622242748026436,3,0,2,Consensus Low,Consensus Low,3.0,3.0,
9215,Forestry labourers,92,"Agricultural, forestry & fishery labourers",510,0.2966,0.0,0.0798,-1.1221379686463757,-0.6854777735548961,-0.6436945773657516,1,2,2,-0.8171034398556745,0.21636544192156162,3,0,1,Mixed,Mixed,3.0,3.0,
9216,Fishery and aquaculture labourers,92,"Agricultural, forestry & fishery labourers",130,0.2275,0.0,0.0125,-1.3834577206914223,-0.6854777735548961,-1.0522315334309733,1,2,1,-1.0403890092257637,0.2850721378713818,3,0,2,Consensus Low,Consensus Low,,,
9311,Mining and quarrying labourers,93,"Labourers in mining, construction, manufacturing & transport",203,0.1624,0.0,0.195,-1.6296504248612134,-0.6854777735548961,0.05561385262999205,1,2,4,-0.7531714485953724,0.6896693635249443,3,0,1,Mixed,Mixed,,,
9312,Civil engineering labourers,93,"Labourers in mining, construction, manufacturing & transport",2154,0.2196,0.0,0.0157,-1.413333640245053,-0.6854777735548961,-1.032806299264425,1,2,1,-1.043872571021458,0.2972489276086854,3,0,2,Consensus Low,Consensus Low,3.0,3.0,
9313,Building construction labourers,93,"Labourers in mining, construction, manufacturing & transport",2806,0.1097,0.0,0.0,-1.8289492806177106,-0.6854777735548961,-1.128111354394053,1,2,1,-1.21417946952222,0.4707706888336844,3,0,2,Consensus Low,Consensus Low,3.0,3.0,
9321,Hand packers,93,"Labourers in mining, construction, manufacturing & transport",3859,0.1707,0.0,0.1755,-1.5982618005200573,-0.6854777735548961,-0.06275866807241257,1,2,3,-0.7821660807157887,0.6305838241901238,3,0,1,Mixed,Mixed,2.0,3.0,
9329,Manufacturing labourers not elsewhere classified,93,"Labourers in mining, construction, manufacturing & transport",5607,0.2131,0.0,0.0,-1.4379150930423439,-0.6854777735548961,-1.128111354394053,1,2,1,-1.0838347403304311,0.3087726173676114,3,0,2,Consensus Low,Consensus Low,3.0,3.0,
9331,Hand and pedal vehicle drivers,93,"Labourers in mining, construction, manufacturing & transport",0,0.326,0.0,0.4387,-1.0109541667632442,-0.6854777735548961,1.5349668421261957,2,2,5,-0.05382169939731485,1.131273763769932,3,1,0,Contested High,Mixed,,,|no_employment_signal
9332,Drivers of animal-drawn vehicles and machinery,93,"Labourers in mining, construction, manufacturing & transport",0,,0.0,0.2193,,-0.6854777735548961,0.20312422458221915,,2,4,-0.2411767744863385,0.4443009990685577,2,0,0,Mixed,Mixed,,,partial_coverage|no_employment_signal
9333,Freight handlers,93,"Labourers in mining, construction, manufacturing & transport",2958,0.3363,0.0,0.1577,-0.9720020184844603,-0.6854777735548961,-0.17081153312383812,2,2,3,-0.6094304417210649,0.33147543495446835,3,0,0,Mixed,Mixed,3.0,3.0,
9334,Shelf fillers,93,"Labourers in mining, construction, manufacturing & transport",3202,0.3736,0.0,0.2193,-0.8309422970476984,-0.6854777735548961,0.20312422458221915,2,2,4,-0.4377652820067918,0.4570517852794338,3,0,0,Mixed,Mixed,3.0,3.0,
9411,Fast food preparers,94,Food preparation assistants,1318,0.4117,0.0,0.1143,-0.6868571660358853,-0.6854777735548961,-0.4342662715076513,2,2,2,-0.6022004036994776,0.11874869893229846,3,0,0,Mixed,Mixed,3.0,3.0,
9412,Kitchen helpers,94,Food preparation assistants,4209,0.1379,0.0,0.1504,-1.722303593097156,-0.6854777735548961,-0.21512534856627674,1,2,3,-0.8743022384061097,0.6296229422395365,3,0,1,Mixed,Mixed,3.0,3.0,
9510,Street and related service workers,95,Street & related sales & service workers,155,,0.66,0.0,,1.5398503414965126,-1.128111354394053,,5,1,0.20586949355122974,1.3339808479452828,2,1,1,Contested High,Mixed,,,partial_coverage
9520,Street vendors (excluding food),95,Street & related sales & service workers,0,0.905,0.0,0.1097,1.1786860131800565,-0.6854777735548961,-0.4621900456220646,5,2,2,0.010339398001031916,0.8311597168060076,3,1,0,Contested High,Mixed,,,|no_employment_signal
9611,Garbage and recycling collectors,96,Refuse workers & other elementary workers,161,0.4355,0.0,0.2924,-0.5968512311781123,-0.6854777735548961,0.6468694175743099,2,2,5,-0.21181986238623285,0.6082620738041471,3,1,0,Contested High,Mixed,,,
9612,Refuse sorters,96,Refuse workers & other elementary workers,615,0.2352,0.0,0.6392,-1.3543381535315548,-0.6854777735548961,2.752079170373996,1,2,5,0.23742108109584828,1.7989761035015905,3,1,1,Contested High,Mixed,3.0,3.0,
9613,Sweepers and related labourers,96,Refuse workers & other elementary workers,2949,,0.0,0.0,,-0.6854777735548961,-1.128111354394053,,2,1,-0.9067945639744746,0.22131679041957847,2,0,1,Mixed,Mixed,3.0,3.0,partial_coverage
9621,"Messengers, package deliverers and luggage porters",96,Refuse workers & other elementary workers,28,0.2822,0.66,0.0,-1.1765953409972971,1.5398503414965126,-1.128111354394053,1,5,1,-0.2549521179649459,1.2692713331162124,3,1,2,Contested High,Mixed,,,
9622,Odd job persons,96,Refuse workers & other elementary workers,2993,0.3192,0.0,0.1755,-1.0366701481511795,-0.6854777735548961,-0.06275866807241257,2,2,3,-0.594968863259496,0.4027156067577956,3,0,0,Mixed,Mixed,3.0,3.0,
9623,Meter readers and vending-machine collectors,96,Refuse workers & other elementary workers,0,0.3572,0.66,0.0,-0.8929631933362477,1.5398503414965126,-1.128111354394053,2,5,1,-0.1604080687445961,1.2060908369905736,3,1,1,Contested High,Mixed,,,|no_employment_signal
9624,Water and firewood collectors,96,Refuse workers & other elementary workers,0,0.1159,0.0,,-1.805502356411064,-0.6854777735548961,,1,2,,-1.24549006498298,0.560012291428084,2,0,1,Mixed,Consensus Low,,,partial_coverage|no_employment_signal
9629,Elementary workers not elsewhere classified,96,Refuse workers & other elementary workers,2978,0.4644,0.66,0.1437,-0.48755831027938806,1.5398503414965126,-0.2557969326024876,2,5,3,0.26549836620487893,0.9060566765726965,3,1,0,Contested High,Mixed,3.0,3.0,
