period_id,rating_type,isco4,occupation_et,location_name,indicator
396,LABOUR_BALANCE,1120,Ettevõtete tegevdirektorid ja –juhatajad,Kogu Eesti,2
396,LABOUR_BALANCE,1120,Ettevõtete tegevdirektorid ja –juhatajad,Harju maakond,2
396,LABOUR_BALANCE,1120,Ettevõtete tegevdirektorid ja –juhatajad,Hiiu maakond,3
396,LABOUR_BALANCE,1120,Ettevõtete tegevdirektorid ja –juhatajad,Ida-Viru maakond,3
396,LABOUR_BALANCE,1120,Ettevõtete tegevdirektorid ja –juhatajad,Jõgeva maakond,3
396,LABOUR_BALANCE,1120,Ettevõtete tegevdirektorid ja –juhatajad,Järva maakond,3
396,LABOUR_BALANCE,1120,Ettevõtete tegevdirektorid ja –juhatajad,Lääne maakond,3
396,LABOUR_BALANCE,1120,Ettevõtete tegevdirektorid ja –juhatajad,Lääne-Viru maakond,3
396,LABOUR_BALANCE,1120,Ettevõtete tegevdirektorid ja –juhatajad,Põlva maakond,3
396,LABOUR_BALANCE,1120,Ettevõtete tegevdirektorid ja –juhatajad,Pärnu maakond,2
396,LABOUR_BALANCE,1120,Ettevõtete tegevdirektorid ja –juhatajad,Rapla maakond,2
396,LABOUR_BALANCE,1120,Ettevõtete tegevdirektorid ja –juhatajad,Saare maakond,3
396,LABOUR_BALANCE,1120,Ettevõtete tegevdirektorid ja –juhatajad,Tartu maakond,3
396,LABOUR_BALANCE,1120,Ettevõtete tegevdirektorid ja –juhatajad,Valga maakond,3
396,LABOUR_BALANCE,1120,Ettevõtete tegevdirektorid ja –juhatajad,Viljandi maakond,3
396,LABOUR_BALANCE,1120,Ettevõtete tegevdirektorid ja –juhatajad,Võru maakond,3
396,LABOUR_BALANCE,1211,Juhid finantsalal,Kogu Eesti,3
396,LABOUR_BALANCE,1211,Juhid finantsalal,Harju maakond,3
396,LABOUR_BALANCE,1211,Juhid finantsalal,Hiiu maakond,3
396,LABOUR_BALANCE,1211,Juhid finantsalal,Ida-Viru maakond,3
396,LABOUR_BALANCE,1211,Juhid finantsalal,Järva maakond,3
396,LABOUR_BALANCE,1211,Juhid finantsalal,Lääne maakond,3
396,LABOUR_BALANCE,1211,Juhid finantsalal,Lääne-Viru maakond,3
396,LABOUR_BALANCE,1211,Juhid finantsalal,Põlva maakond,3
396,LABOUR_BALANCE,1211,Juhid finantsalal,Pärnu maakond,3
396,LABOUR_BALANCE,1211,Juhid finantsalal,Rapla maakond,3
396,LABOUR_BALANCE,1211,Juhid finantsalal,Saare maakond,3
396,LABOUR_BALANCE,1211,Juhid finantsalal,Tartu maakond,3
396,LABOUR_BALANCE,1211,Juhid finantsalal,Valga maakond,3
396,LABOUR_BALANCE,1211,Juhid finantsalal,Viljandi maakond,3
396,LABOUR_BALANCE,1211,Juhid finantsalal,Võru maakond,3
396,LABOUR_BALANCE,1212,Juhid tööhõive alal,Kogu Eesti,3
396,LABOUR_BALANCE,1212,Juhid tööhõive alal,Harju maakond,3
396,LABOUR_BALANCE,1212,Juhid tööhõive alal,Saare maakond,3
396,LABOUR_BALANCE,1212,Juhid tööhõive alal,Tartu maakond,3
396,LABOUR_BALANCE,1219,Mujal liigitamata äriteeninduse ja haldusala juhid,Kogu Eesti,3
396,LABOUR_BALANCE,1219,Mujal liigitamata äriteeninduse ja haldusala juhid,Harju maakond,3
396,LABOUR_BALANCE,1219,Mujal liigitamata äriteeninduse ja haldusala juhid,Hiiu maakond,3
396,LABOUR_BALANCE,1219,Mujal liigitamata äriteeninduse ja haldusala juhid,Ida-Viru maakond,3
396,LABOUR_BALANCE,1219,Mujal liigitamata äriteeninduse ja haldusala juhid,Jõgeva maakond,3
396,LABOUR_BALANCE,1219,Mujal liigitamata äriteeninduse ja haldusala juhid,Järva maakond,3
396,LABOUR_BALANCE,1219,Mujal liigitamata äriteeninduse ja haldusala juhid,Lääne maakond,3
396,LABOUR_BALANCE,1219,Mujal liigitamata äriteeninduse ja haldusala juhid,Lääne-Viru maakond,3
396,LABOUR_BALANCE,1219,Mujal liigitamata äriteeninduse ja haldusala juhid,Põlva maakond,3
396,LABOUR_BALANCE,1219,Mujal liigitamata äriteeninduse ja haldusala juhid,Pärnu maakond,2
396,LABOUR_BALANCE,1219,Mujal liigitamata äriteeninduse ja haldusala juhid,Rapla maakond,3
396,LABOUR_BALANCE,1219,Mujal liigitamata äriteeninduse ja haldusala juhid,Saare maakond,3
396,LABOUR_BALANCE,1219,Mujal liigitamata äriteeninduse ja haldusala juhid,Tartu maakond,3
396,LABOUR_BALANCE,1219,Mujal liigitamata äriteeninduse ja haldusala juhid,Valga maakond,3
396,LABOUR_BALANCE,1219,Mujal liigitamata äriteeninduse ja haldusala juhid,Viljandi maakond,3
396,LABOUR_BALANCE,1219,Mujal liigitamata äriteeninduse ja haldusala juhid,Võru maakond,3
396,LABOUR_BALANCE,1221,Juhid müügi- ja turundusalal,Kogu Eesti,3
396,LABOUR_BALANCE,1221,Juhid müügi- ja turundusalal,Harju maakond,3
396,LABOUR_BALANCE,1221,Juhid müügi- ja turundusalal,Hiiu maakond,3
396,LABOUR_BALANCE,1221,Juhid müügi- ja turundusalal,Ida-Viru maakond,3
396,LABOUR_BALANCE,1221,Juhid müügi- ja turundusalal,Lääne maakond,3
396,LABOUR_BALANCE,1221,Juhid müügi- ja turundusalal,Pärnu maakond,2
396,LABOUR_BALANCE,1221,Juhid müügi- ja turundusalal,Saare maakond,3
396,LABOUR_BALANCE,1221,Juhid müügi- ja turundusalal,Tartu maakond,3
396,LABOUR_BALANCE,1221,Juhid müügi- ja turundusalal,Valga maakond,3
396,LABOUR_BALANCE,1221,Juhid müügi- ja turundusalal,Viljandi maakond,3
396,LABOUR_BALANCE,1221,Juhid müügi- ja turundusalal,Võru maakond,3
396,LABOUR_BALANCE,1223,Juhid teadus- ja arendusalal,Kogu Eesti,3
396,LABOUR_BALANCE,1223,Juhid teadus- ja arendusalal,Harju maakond,3
396,LABOUR_BALANCE,1223,Juhid teadus- ja arendusalal,Lääne maakond,3
396,LABOUR_BALANCE,1223,Juhid teadus- ja arendusalal,Saare maakond,3
396,LABOUR_BALANCE,1223,Juhid teadus- ja arendusalal,Tartu maakond,3
396,LABOUR_BALANCE,1223,Juhid teadus- ja arendusalal,Viljandi maakond,3
396,LABOUR_BALANCE,1311,Juhid põllumajanduses ja metsanduses,Põlva maakond,3
396,LABOUR_BALANCE,1311,Juhid põllumajanduses ja metsanduses,Rapla maakond,3
396,LABOUR_BALANCE,1311,Juhid põllumajanduses ja metsanduses,Saare maakond,3
396,LABOUR_BALANCE,1321,Juhid tööstuses,Kogu Eesti,3
396,LABOUR_BALANCE,1321,Juhid tööstuses,Harju maakond,3
396,LABOUR_BALANCE,1321,Juhid tööstuses,Hiiu maakond,3
396,LABOUR_BALANCE,1321,Juhid tööstuses,Ida-Viru maakond,4
396,LABOUR_BALANCE,1321,Juhid tööstuses,Jõgeva maakond,3
396,LABOUR_BALANCE,1321,Juhid tööstuses,Järva maakond,3
396,LABOUR_BALANCE,1321,Juhid tööstuses,Lääne maakond,3
396,LABOUR_BALANCE,1321,Juhid tööstuses,Lääne-Viru maakond,3
396,LABOUR_BALANCE,1321,Juhid tööstuses,Põlva maakond,3
396,LABOUR_BALANCE,1321,Juhid tööstuses,Pärnu maakond,2
396,LABOUR_BALANCE,1321,Juhid tööstuses,Rapla maakond,3
396,LABOUR_BALANCE,1321,Juhid tööstuses,Saare maakond,3
396,LABOUR_BALANCE,1321,Juhid tööstuses,Tartu maakond,3
396,LABOUR_BALANCE,1321,Juhid tööstuses,Valga maakond,4
396,LABOUR_BALANCE,1321,Juhid tööstuses,Viljandi maakond,3
396,LABOUR_BALANCE,1321,Juhid tööstuses,Võru maakond,3
396,LABOUR_BALANCE,1323,Juhid ehituses,Kogu Eesti,3
396,LABOUR_BALANCE,1323,Juhid ehituses,Harju maakond,3
396,LABOUR_BALANCE,1323,Juhid ehituses,Hiiu maakond,3
396,LABOUR_BALANCE,1323,Juhid ehituses,Ida-Viru maakond,3
396,LABOUR_BALANCE,1323,Juhid ehituses,Jõgeva maakond,3
396,LABOUR_BALANCE,1323,Juhid ehituses,Järva maakond,3
396,LABOUR_BALANCE,1323,Juhid ehituses,Lääne maakond,3
396,LABOUR_BALANCE,1323,Juhid ehituses,Lääne-Viru maakond,3
396,LABOUR_BALANCE,1323,Juhid ehituses,Pärnu maakond,3
396,LABOUR_BALANCE,1323,Juhid ehituses,Rapla maakond,3
396,LABOUR_BALANCE,1323,Juhid ehituses,Saare maakond,3
396,LABOUR_BALANCE,1323,Juhid ehituses,Tartu maakond,3
396,LABOUR_BALANCE,1323,Juhid ehituses,Valga maakond,3
396,LABOUR_BALANCE,1323,Juhid ehituses,Viljandi maakond,3
396,LABOUR_BALANCE,1323,Juhid ehituses,Võru maakond,3
396,LABOUR_BALANCE,1324,"Juhid tarne, transpordi, laonduse ja turustamise alal",Kogu Eesti,3
396,LABOUR_BALANCE,1324,"Juhid tarne, transpordi, laonduse ja turustamise alal",Harju maakond,3
396,LABOUR_BALANCE,1324,"Juhid tarne, transpordi, laonduse ja turustamise alal",Hiiu maakond,3
396,LABOUR_BALANCE,1324,"Juhid tarne, transpordi, laonduse ja turustamise alal",Ida-Viru maakond,3
396,LABOUR_BALANCE,1324,"Juhid tarne, transpordi, laonduse ja turustamise alal",Jõgeva maakond,3
396,LABOUR_BALANCE,1324,"Juhid tarne, transpordi, laonduse ja turustamise alal",Järva maakond,3
396,LABOUR_BALANCE,1324,"Juhid tarne, transpordi, laonduse ja turustamise alal",Lääne maakond,3
396,LABOUR_BALANCE,1324,"Juhid tarne, transpordi, laonduse ja turustamise alal",Lääne-Viru maakond,3
396,LABOUR_BALANCE,1324,"Juhid tarne, transpordi, laonduse ja turustamise alal",Põlva maakond,3
396,LABOUR_BALANCE,1324,"Juhid tarne, transpordi, laonduse ja turustamise alal",Pärnu maakond,3
396,LABOUR_BALANCE,1324,"Juhid tarne, transpordi, laonduse ja turustamise alal",Rapla maakond,3
396,LABOUR_BALANCE,1324,"Juhid tarne, transpordi, laonduse ja turustamise alal",Saare maakond,3
396,LABOUR_BALANCE,1324,"Juhid tarne, transpordi, laonduse ja turustamise alal",Tartu maakond,3
396,LABOUR_BALANCE,1324,"Juhid tarne, transpordi, laonduse ja turustamise alal",Valga maakond,3
396,LABOUR_BALANCE,1324,"Juhid tarne, transpordi, laonduse ja turustamise alal",Viljandi maakond,3
396,LABOUR_BALANCE,1324,"Juhid tarne, transpordi, laonduse ja turustamise alal",Võru maakond,3
396,LABOUR_BALANCE,1330,Juhid info- ja kommunikatsioonitehnoloogias,Kogu Eesti,3
396,LABOUR_BALANCE,1330,Juhid info- ja kommunikatsioonitehnoloogias,Harju maakond,3
396,LABOUR_BALANCE,1330,Juhid info- ja kommunikatsioonitehnoloogias,Hiiu maakond,3
396,LABOUR_BALANCE,1330,Juhid info- ja kommunikatsioonitehnoloogias,Ida-Viru maakond,3
396,LABOUR_BALANCE,1330,Juhid info- ja kommunikatsioonitehnoloogias,Põlva maakond,3
396,LABOUR_BALANCE,1330,Juhid info- ja kommunikatsioonitehnoloogias,Pärnu maakond,2
396,LABOUR_BALANCE,1330,Juhid info- ja kommunikatsioonitehnoloogias,Rapla maakond,3
396,LABOUR_BALANCE,1330,Juhid info- ja kommunikatsioonitehnoloogias,Saare maakond,3
396,LABOUR_BALANCE,1330,Juhid info- ja kommunikatsioonitehnoloogias,Tartu maakond,3
396,LABOUR_BALANCE,1330,Juhid info- ja kommunikatsioonitehnoloogias,Valga maakond,3
396,LABOUR_BALANCE,1330,Juhid info- ja kommunikatsioonitehnoloogias,Võru maakond,3
396,LABOUR_BALANCE,1344,Juhid sotsiaalhoolekande alal,Valga maakond,3
396,LABOUR_BALANCE,1345,Juhid haridus- ja koolitusalal,Kogu Eesti,3
396,LABOUR_BALANCE,1345,Juhid haridus- ja koolitusalal,Harju maakond,3
396,LABOUR_BALANCE,1345,Juhid haridus- ja koolitusalal,Hiiu maakond,3
396,LABOUR_BALANCE,1345,Juhid haridus- ja koolitusalal,Ida-Viru maakond,4
396,LABOUR_BALANCE,1345,Juhid haridus- ja koolitusalal,Jõgeva maakond,3
396,LABOUR_BALANCE,1345,Juhid haridus- ja koolitusalal,Järva maakond,3
396,LABOUR_BALANCE,1345,Juhid haridus- ja koolitusalal,Lääne maakond,3
396,LABOUR_BALANCE,1345,Juhid haridus- ja koolitusalal,Lääne-Viru maakond,3
396,LABOUR_BALANCE,1345,Juhid haridus- ja koolitusalal,Põlva maakond,3
396,LABOUR_BALANCE,1345,Juhid haridus- ja koolitusalal,Pärnu maakond,3
396,LABOUR_BALANCE,1345,Juhid haridus- ja koolitusalal,Rapla maakond,3
396,LABOUR_BALANCE,1345,Juhid haridus- ja koolitusalal,Saare maakond,3
396,LABOUR_BALANCE,1345,Juhid haridus- ja koolitusalal,Tartu maakond,3
396,LABOUR_BALANCE,1345,Juhid haridus- ja koolitusalal,Valga maakond,4
396,LABOUR_BALANCE,1345,Juhid haridus- ja koolitusalal,Viljandi maakond,3
396,LABOUR_BALANCE,1345,Juhid haridus- ja koolitusalal,Võru maakond,3
396,LABOUR_BALANCE,1346,Juhid finantsvahendus- ja kindlustusteenuste alal,Kogu Eesti,3
396,LABOUR_BALANCE,1346,Juhid finantsvahendus- ja kindlustusteenuste alal,Harju maakond,3
396,LABOUR_BALANCE,1346,Juhid finantsvahendus- ja kindlustusteenuste alal,Tartu maakond,3
396,LABOUR_BALANCE,1349,Juhid mujal liigitamata erialateenuseid osutavates asutustes,Kogu Eesti,3
396,LABOUR_BALANCE,1349,Juhid mujal liigitamata erialateenuseid osutavates asutustes,Harju maakond,3
396,LABOUR_BALANCE,1349,Juhid mujal liigitamata erialateenuseid osutavates asutustes,Hiiu maakond,3
396,LABOUR_BALANCE,1349,Juhid mujal liigitamata erialateenuseid osutavates asutustes,Jõgeva maakond,3
396,LABOUR_BALANCE,1349,Juhid mujal liigitamata erialateenuseid osutavates asutustes,Järva maakond,3
396,LABOUR_BALANCE,1349,Juhid mujal liigitamata erialateenuseid osutavates asutustes,Lääne maakond,3
396,LABOUR_BALANCE,1349,Juhid mujal liigitamata erialateenuseid osutavates asutustes,Lääne-Viru maakond,3
396,LABOUR_BALANCE,1349,Juhid mujal liigitamata erialateenuseid osutavates asutustes,Põlva maakond,3
396,LABOUR_BALANCE,1349,Juhid mujal liigitamata erialateenuseid osutavates asutustes,Rapla maakond,3
396,LABOUR_BALANCE,1349,Juhid mujal liigitamata erialateenuseid osutavates asutustes,Saare maakond,3
396,LABOUR_BALANCE,1349,Juhid mujal liigitamata erialateenuseid osutavates asutustes,Tartu maakond,3
396,LABOUR_BALANCE,1349,Juhid mujal liigitamata erialateenuseid osutavates asutustes,Valga maakond,3
396,LABOUR_BALANCE,1349,Juhid mujal liigitamata erialateenuseid osutavates asutustes,Viljandi maakond,3
396,LABOUR_BALANCE,1349,Juhid mujal liigitamata erialateenuseid osutavates asutustes,Võru maakond,3
396,LABOUR_BALANCE,1412,Juhid toitlustuses,Kogu Eesti,3
396,LABOUR_BALANCE,1412,Juhid toitlustuses,Harju maakond,3
396,LABOUR_BALANCE,1412,Juhid toitlustuses,Hiiu maakond,3
396,LABOUR_BALANCE,1412,Juhid toitlustuses,Ida-Viru maakond,3
396,LABOUR_BALANCE,1412,Juhid toitlustuses,Jõgeva maakond,3
396,LABOUR_BALANCE,1412,Juhid toitlustuses,Järva maakond,3
396,LABOUR_BALANCE,1412,Juhid toitlustuses,Lääne maakond,3
396,LABOUR_BALANCE,1412,Juhid toitlustuses,Lääne-Viru maakond,3
396,LABOUR_BALANCE,1412,Juhid toitlustuses,Põlva maakond,4
396,LABOUR_BALANCE,1412,Juhid toitlustuses,Pärnu maakond,2
396,LABOUR_BALANCE,1412,Juhid toitlustuses,Rapla maakond,3
396,LABOUR_BALANCE,1412,Juhid toitlustuses,Saare maakond,3
396,LABOUR_BALANCE,1412,Juhid toitlustuses,Tartu maakond,3
396,LABOUR_BALANCE,1412,Juhid toitlustuses,Valga maakond,3
396,LABOUR_BALANCE,1412,Juhid toitlustuses,Viljandi maakond,3
396,LABOUR_BALANCE,1412,Juhid toitlustuses,Võru maakond,3
396,LABOUR_BALANCE,1420,Juhid hulgi- ja jaekaubanduses,Kogu Eesti,3
396,LABOUR_BALANCE,1420,Juhid hulgi- ja jaekaubanduses,Harju maakond,3
396,LABOUR_BALANCE,1420,Juhid hulgi- ja jaekaubanduses,Hiiu maakond,3
396,LABOUR_BALANCE,1420,Juhid hulgi- ja jaekaubanduses,Ida-Viru maakond,3
396,LABOUR_BALANCE,1420,Juhid hulgi- ja jaekaubanduses,Jõgeva maakond,3
396,LABOUR_BALANCE,1420,Juhid hulgi- ja jaekaubanduses,Järva maakond,3
396,LABOUR_BALANCE,1420,Juhid hulgi- ja jaekaubanduses,Lääne maakond,3
396,LABOUR_BALANCE,1420,Juhid hulgi- ja jaekaubanduses,Lääne-Viru maakond,3
396,LABOUR_BALANCE,1420,Juhid hulgi- ja jaekaubanduses,Põlva maakond,3
396,LABOUR_BALANCE,1420,Juhid hulgi- ja jaekaubanduses,Pärnu maakond,2
396,LABOUR_BALANCE,1420,Juhid hulgi- ja jaekaubanduses,Rapla maakond,3
396,LABOUR_BALANCE,1420,Juhid hulgi- ja jaekaubanduses,Saare maakond,3
396,LABOUR_BALANCE,1420,Juhid hulgi- ja jaekaubanduses,Tartu maakond,3
396,LABOUR_BALANCE,1420,Juhid hulgi- ja jaekaubanduses,Valga maakond,3
396,LABOUR_BALANCE,1420,Juhid hulgi- ja jaekaubanduses,Viljandi maakond,3
396,LABOUR_BALANCE,1420,Juhid hulgi- ja jaekaubanduses,Võru maakond,3
396,LABOUR_BALANCE,1431,"Juhid spordi-, rekreatsiooni- ja kultuurialal",Jõgeva maakond,3
396,LABOUR_BALANCE,1439,Juhid mujal liigitamata teenuseid osutavates asutustes,Kogu Eesti,3
396,LABOUR_BALANCE,1439,Juhid mujal liigitamata teenuseid osutavates asutustes,Harju maakond,3
396,LABOUR_BALANCE,1439,Juhid mujal liigitamata teenuseid osutavates asutustes,Hiiu maakond,3
396,LABOUR_BALANCE,1439,Juhid mujal liigitamata teenuseid osutavates asutustes,Ida-Viru maakond,3
396,LABOUR_BALANCE,1439,Juhid mujal liigitamata teenuseid osutavates asutustes,Jõgeva maakond,3
396,LABOUR_BALANCE,1439,Juhid mujal liigitamata teenuseid osutavates asutustes,Järva maakond,3
396,LABOUR_BALANCE,1439,Juhid mujal liigitamata teenuseid osutavates asutustes,Lääne maakond,3
396,LABOUR_BALANCE,1439,Juhid mujal liigitamata teenuseid osutavates asutustes,Lääne-Viru maakond,3
396,LABOUR_BALANCE,1439,Juhid mujal liigitamata teenuseid osutavates asutustes,Rapla maakond,3
396,LABOUR_BALANCE,1439,Juhid mujal liigitamata teenuseid osutavates asutustes,Saare maakond,3
396,LABOUR_BALANCE,1439,Juhid mujal liigitamata teenuseid osutavates asutustes,Tartu maakond,3
396,LABOUR_BALANCE,1439,Juhid mujal liigitamata teenuseid osutavates asutustes,Valga maakond,3
396,LABOUR_BALANCE,1439,Juhid mujal liigitamata teenuseid osutavates asutustes,Viljandi maakond,3
396,LABOUR_BALANCE,1439,Juhid mujal liigitamata teenuseid osutavates asutustes,Võru maakond,3
396,LABOUR_BALANCE,2120,"Matemaatikud, aktuaarid ja statistikud",Kogu Eesti,3
396,LABOUR_BALANCE,2120,"Matemaatikud, aktuaarid ja statistikud",Harju maakond,3
396,LABOUR_BALANCE,2120,"Matemaatikud, aktuaarid ja statistikud",Tartu maakond,3
396,LABOUR_BALANCE,2132,"Taime- ja loomakasvatuse, metsanduse ja kalanduse nõuandjad",Jõgeva maakond,3
396,LABOUR_BALANCE,2141,Tööstus- ja tootmisinsenerid,Kogu Eesti,4
396,LABOUR_BALANCE,2141,Tööstus- ja tootmisinsenerid,Harju maakond,4
396,LABOUR_BALANCE,2141,Tööstus- ja tootmisinsenerid,Ida-Viru maakond,4
396,LABOUR_BALANCE,2141,Tööstus- ja tootmisinsenerid,Järva maakond,4
396,LABOUR_BALANCE,2141,Tööstus- ja tootmisinsenerid,Pärnu maakond,4
396,LABOUR_BALANCE,2141,Tööstus- ja tootmisinsenerid,Saare maakond,4
396,LABOUR_BALANCE,2141,Tööstus- ja tootmisinsenerid,Tartu maakond,4
396,LABOUR_BALANCE,2142,Ehitusinsenerid,Kogu Eesti,4
396,LABOUR_BALANCE,2142,Ehitusinsenerid,Harju maakond,4
396,LABOUR_BALANCE,2142,Ehitusinsenerid,Ida-Viru maakond,4
396,LABOUR_BALANCE,2142,Ehitusinsenerid,Järva maakond,3
396,LABOUR_BALANCE,2142,Ehitusinsenerid,Lääne maakond,3
396,LABOUR_BALANCE,2142,Ehitusinsenerid,Põlva maakond,5
396,LABOUR_BALANCE,2142,Ehitusinsenerid,Pärnu maakond,4
396,LABOUR_BALANCE,2142,Ehitusinsenerid,Rapla maakond,3
396,LABOUR_BALANCE,2142,Ehitusinsenerid,Saare maakond,4
396,LABOUR_BALANCE,2142,Ehitusinsenerid,Tartu maakond,4
396,LABOUR_BALANCE,2142,Ehitusinsenerid,Viljandi maakond,3
396,LABOUR_BALANCE,2142,Ehitusinsenerid,Võru maakond,3
396,LABOUR_BALANCE,2161,Ehitusarhitektid,Kogu Eesti,3
396,LABOUR_BALANCE,2161,Ehitusarhitektid,Harju maakond,3
396,LABOUR_BALANCE,2166,Kujundajad ja multimeediakunstnikud,Kogu Eesti,2
396,LABOUR_BALANCE,2166,Kujundajad ja multimeediakunstnikud,Harju maakond,2
396,LABOUR_BALANCE,2166,Kujundajad ja multimeediakunstnikud,Ida-Viru maakond,2
396,LABOUR_BALANCE,2166,Kujundajad ja multimeediakunstnikud,Lääne maakond,3
396,LABOUR_BALANCE,2166,Kujundajad ja multimeediakunstnikud,Pärnu maakond,3
396,LABOUR_BALANCE,2166,Kujundajad ja multimeediakunstnikud,Rapla maakond,3
396,LABOUR_BALANCE,2166,Kujundajad ja multimeediakunstnikud,Saare maakond,3
396,LABOUR_BALANCE,2166,Kujundajad ja multimeediakunstnikud,Tartu maakond,2
396,LABOUR_BALANCE,2211,Üldarstid,Kogu Eesti,4
396,LABOUR_BALANCE,2211,Üldarstid,Harju maakond,4
396,LABOUR_BALANCE,2211,Üldarstid,Hiiu maakond,3
396,LABOUR_BALANCE,2211,Üldarstid,Ida-Viru maakond,4
396,LABOUR_BALANCE,2211,Üldarstid,Jõgeva maakond,4
396,LABOUR_BALANCE,2211,Üldarstid,Järva maakond,4
396,LABOUR_BALANCE,2211,Üldarstid,Lääne maakond,4
396,LABOUR_BALANCE,2211,Üldarstid,Lääne-Viru maakond,4
396,LABOUR_BALANCE,2211,Üldarstid,Põlva maakond,5
396,LABOUR_BALANCE,2211,Üldarstid,Pärnu maakond,5
396,LABOUR_BALANCE,2211,Üldarstid,Rapla maakond,3
396,LABOUR_BALANCE,2211,Üldarstid,Saare maakond,4
396,LABOUR_BALANCE,2211,Üldarstid,Tartu maakond,4
396,LABOUR_BALANCE,2211,Üldarstid,Valga maakond,5
396,LABOUR_BALANCE,2211,Üldarstid,Viljandi maakond,4
396,LABOUR_BALANCE,2211,Üldarstid,Võru maakond,5
396,LABOUR_BALANCE,2212,Eriarstid,Kogu Eesti,4
396,LABOUR_BALANCE,2212,Eriarstid,Harju maakond,4
396,LABOUR_BALANCE,2212,Eriarstid,Hiiu maakond,4
396,LABOUR_BALANCE,2212,Eriarstid,Ida-Viru maakond,5
396,LABOUR_BALANCE,2212,Eriarstid,Jõgeva maakond,4
396,LABOUR_BALANCE,2212,Eriarstid,Järva maakond,4
396,LABOUR_BALANCE,2212,Eriarstid,Lääne maakond,4
396,LABOUR_BALANCE,2212,Eriarstid,Lääne-Viru maakond,4
396,LABOUR_BALANCE,2212,Eriarstid,Põlva maakond,5
396,LABOUR_BALANCE,2212,Eriarstid,Pärnu maakond,5
396,LABOUR_BALANCE,2212,Eriarstid,Rapla maakond,3
396,LABOUR_BALANCE,2212,Eriarstid,Saare maakond,4
396,LABOUR_BALANCE,2212,Eriarstid,Tartu maakond,4
396,LABOUR_BALANCE,2212,Eriarstid,Valga maakond,5
396,LABOUR_BALANCE,2212,Eriarstid,Viljandi maakond,4
396,LABOUR_BALANCE,2212,Eriarstid,Võru maakond,5
396,LABOUR_BALANCE,2221,Õenduse tippspetsialistid,Kogu Eesti,4
396,LABOUR_BALANCE,2221,Õenduse tippspetsialistid,Harju maakond,4
396,LABOUR_BALANCE,2221,Õenduse tippspetsialistid,Hiiu maakond,4
396,LABOUR_BALANCE,2221,Õenduse tippspetsialistid,Ida-Viru maakond,4
396,LABOUR_BALANCE,2221,Õenduse tippspetsialistid,Jõgeva maakond,3
396,LABOUR_BALANCE,2221,Õenduse tippspetsialistid,Järva maakond,4
396,LABOUR_BALANCE,2221,Õenduse tippspetsialistid,Lääne maakond,4
396,LABOUR_BALANCE,2221,Õenduse tippspetsialistid,Lääne-Viru maakond,4
396,LABOUR_BALANCE,2221,Õenduse tippspetsialistid,Põlva maakond,4
396,LABOUR_BALANCE,2221,Õenduse tippspetsialistid,Pärnu maakond,5
396,LABOUR_BALANCE,2221,Õenduse tippspetsialistid,Rapla maakond,3
396,LABOUR_BALANCE,2221,Õenduse tippspetsialistid,Saare maakond,3
396,LABOUR_BALANCE,2221,Õenduse tippspetsialistid,Tartu maakond,4
396,LABOUR_BALANCE,2221,Õenduse tippspetsialistid,Valga maakond,5
396,LABOUR_BALANCE,2221,Õenduse tippspetsialistid,Viljandi maakond,4
396,LABOUR_BALANCE,2221,Õenduse tippspetsialistid,Võru maakond,5
396,LABOUR_BALANCE,2250,Loomaarstid,Põlva maakond,5
396,LABOUR_BALANCE,2261,Hambaarstid,Kogu Eesti,3
396,LABOUR_BALANCE,2261,Hambaarstid,Harju maakond,3
396,LABOUR_BALANCE,2261,Hambaarstid,Ida-Viru maakond,3
396,LABOUR_BALANCE,2261,Hambaarstid,Pärnu maakond,4
396,LABOUR_BALANCE,2261,Hambaarstid,Tartu maakond,3
396,LABOUR_BALANCE,2261,Hambaarstid,Valga maakond,4
396,LABOUR_BALANCE,2262,Apteekrid,Kogu Eesti,3
396,LABOUR_BALANCE,2262,Apteekrid,Harju maakond,3
396,LABOUR_BALANCE,2262,Apteekrid,Ida-Viru maakond,4
396,LABOUR_BALANCE,2262,Apteekrid,Pärnu maakond,3
396,LABOUR_BALANCE,2262,Apteekrid,Tartu maakond,3
396,LABOUR_BALANCE,2264,Füsioterapeudid,Ida-Viru maakond,4
396,LABOUR_BALANCE,2264,Füsioterapeudid,Järva maakond,3
396,LABOUR_BALANCE,2264,Füsioterapeudid,Lääne maakond,4
396,LABOUR_BALANCE,2264,Füsioterapeudid,Põlva maakond,4
396,LABOUR_BALANCE,2264,Füsioterapeudid,Valga maakond,4
396,LABOUR_BALANCE,2264,Füsioterapeudid,Viljandi maakond,3
396,LABOUR_BALANCE,2266,Audioloogid ja logopeedid,Kogu Eesti,5
396,LABOUR_BALANCE,2266,Audioloogid ja logopeedid,Harju maakond,5
396,LABOUR_BALANCE,2266,Audioloogid ja logopeedid,Ida-Viru maakond,5
396,LABOUR_BALANCE,2266,Audioloogid ja logopeedid,Jõgeva maakond,5
396,LABOUR_BALANCE,2266,Audioloogid ja logopeedid,Järva maakond,5
396,LABOUR_BALANCE,2266,Audioloogid ja logopeedid,Lääne maakond,4
396,LABOUR_BALANCE,2266,Audioloogid ja logopeedid,Lääne-Viru maakond,5
396,LABOUR_BALANCE,2266,Audioloogid ja logopeedid,Põlva maakond,5
396,LABOUR_BALANCE,2266,Audioloogid ja logopeedid,Pärnu maakond,5
396,LABOUR_BALANCE,2266,Audioloogid ja logopeedid,Rapla maakond,4
396,LABOUR_BALANCE,2266,Audioloogid ja logopeedid,Tartu maakond,5
396,LABOUR_BALANCE,2266,Audioloogid ja logopeedid,Valga maakond,5
396,LABOUR_BALANCE,2266,Audioloogid ja logopeedid,Viljandi maakond,5
396,LABOUR_BALANCE,2266,Audioloogid ja logopeedid,Võru maakond,5
396,LABOUR_BALANCE,2269,Mujal liigitamata tervishoiu tippspetsialistid,Kogu Eesti,5
396,LABOUR_BALANCE,2269,Mujal liigitamata tervishoiu tippspetsialistid,Harju maakond,5
396,LABOUR_BALANCE,2269,Mujal liigitamata tervishoiu tippspetsialistid,Valga maakond,4
396,LABOUR_BALANCE,2310,Ülikoolide ja kõrgkoolide õppejõud,Kogu Eesti,3
396,LABOUR_BALANCE,2310,Ülikoolide ja kõrgkoolide õppejõud,Harju maakond,3
396,LABOUR_BALANCE,2310,Ülikoolide ja kõrgkoolide õppejõud,Ida-Viru maakond,4
396,LABOUR_BALANCE,2310,Ülikoolide ja kõrgkoolide õppejõud,Lääne maakond,3
396,LABOUR_BALANCE,2310,Ülikoolide ja kõrgkoolide õppejõud,Lääne-Viru maakond,3
396,LABOUR_BALANCE,2310,Ülikoolide ja kõrgkoolide õppejõud,Pärnu maakond,3
396,LABOUR_BALANCE,2310,Ülikoolide ja kõrgkoolide õppejõud,Saare maakond,3
396,LABOUR_BALANCE,2310,Ülikoolide ja kõrgkoolide õppejõud,Tartu maakond,3
396,LABOUR_BALANCE,2310,Ülikoolide ja kõrgkoolide õppejõud,Viljandi maakond,3
396,LABOUR_BALANCE,2320,Kutseõpetajad,Kogu Eesti,4
396,LABOUR_BALANCE,2320,Kutseõpetajad,Harju maakond,4
396,LABOUR_BALANCE,2320,Kutseõpetajad,Hiiu maakond,3
396,LABOUR_BALANCE,2320,Kutseõpetajad,Ida-Viru maakond,4
396,LABOUR_BALANCE,2320,Kutseõpetajad,Jõgeva maakond,3
396,LABOUR_BALANCE,2320,Kutseõpetajad,Järva maakond,3
396,LABOUR_BALANCE,2320,Kutseõpetajad,Lääne maakond,3
396,LABOUR_BALANCE,2320,Kutseõpetajad,Lääne-Viru maakond,4
396,LABOUR_BALANCE,2320,Kutseõpetajad,Põlva maakond,4
396,LABOUR_BALANCE,2320,Kutseõpetajad,Pärnu maakond,4
396,LABOUR_BALANCE,2320,Kutseõpetajad,Rapla maakond,3
396,LABOUR_BALANCE,2320,Kutseõpetajad,Saare maakond,3
396,LABOUR_BALANCE,2320,Kutseõpetajad,Tartu maakond,3
396,LABOUR_BALANCE,2320,Kutseõpetajad,Valga maakond,4
396,LABOUR_BALANCE,2320,Kutseõpetajad,Viljandi maakond,4
396,LABOUR_BALANCE,2320,Kutseõpetajad,Võru maakond,4
396,LABOUR_BALANCE,2330,Üldhariduskoolide vanema astme õpetajad,Kogu Eesti,5
396,LABOUR_BALANCE,2330,Üldhariduskoolide vanema astme õpetajad,Harju maakond,5
396,LABOUR_BALANCE,2330,Üldhariduskoolide vanema astme õpetajad,Hiiu maakond,3
396,LABOUR_BALANCE,2330,Üldhariduskoolide vanema astme õpetajad,Ida-Viru maakond,5
396,LABOUR_BALANCE,2330,Üldhariduskoolide vanema astme õpetajad,Jõgeva maakond,4
396,LABOUR_BALANCE,2330,Üldhariduskoolide vanema astme õpetajad,Järva maakond,5
396,LABOUR_BALANCE,2330,Üldhariduskoolide vanema astme õpetajad,Lääne maakond,4
396,LABOUR_BALANCE,2330,Üldhariduskoolide vanema astme õpetajad,Lääne-Viru maakond,4
396,LABOUR_BALANCE,2330,Üldhariduskoolide vanema astme õpetajad,Põlva maakond,4
396,LABOUR_BALANCE,2330,Üldhariduskoolide vanema astme õpetajad,Pärnu maakond,4
396,LABOUR_BALANCE,2330,Üldhariduskoolide vanema astme õpetajad,Rapla maakond,3
396,LABOUR_BALANCE,2330,Üldhariduskoolide vanema astme õpetajad,Saare maakond,4
396,LABOUR_BALANCE,2330,Üldhariduskoolide vanema astme õpetajad,Tartu maakond,4
396,LABOUR_BALANCE,2330,Üldhariduskoolide vanema astme õpetajad,Valga maakond,5
396,LABOUR_BALANCE,2330,Üldhariduskoolide vanema astme õpetajad,Viljandi maakond,4
396,LABOUR_BALANCE,2330,Üldhariduskoolide vanema astme õpetajad,Võru maakond,5
396,LABOUR_BALANCE,2341,Alghariduse õpetajad,Kogu Eesti,4
396,LABOUR_BALANCE,2341,Alghariduse õpetajad,Harju maakond,4
396,LABOUR_BALANCE,2341,Alghariduse õpetajad,Hiiu maakond,3
396,LABOUR_BALANCE,2341,Alghariduse õpetajad,Ida-Viru maakond,5
396,LABOUR_BALANCE,2341,Alghariduse õpetajad,Jõgeva maakond,4
396,LABOUR_BALANCE,2341,Alghariduse õpetajad,Järva maakond,4
396,LABOUR_BALANCE,2341,Alghariduse õpetajad,Lääne maakond,3
396,LABOUR_BALANCE,2341,Alghariduse õpetajad,Lääne-Viru maakond,3
396,LABOUR_BALANCE,2341,Alghariduse õpetajad,Põlva maakond,3
396,LABOUR_BALANCE,2341,Alghariduse õpetajad,Pärnu maakond,3
396,LABOUR_BALANCE,2341,Alghariduse õpetajad,Rapla maakond,3
396,LABOUR_BALANCE,2341,Alghariduse õpetajad,Saare maakond,3
396,LABOUR_BALANCE,2341,Alghariduse õpetajad,Tartu maakond,3
396,LABOUR_BALANCE,2341,Alghariduse õpetajad,Valga maakond,3
396,LABOUR_BALANCE,2341,Alghariduse õpetajad,Viljandi maakond,3
396,LABOUR_BALANCE,2341,Alghariduse õpetajad,Võru maakond,3
396,LABOUR_BALANCE,2342,Lasteaiaõpetajad,Kogu Eesti,4
396,LABOUR_BALANCE,2342,Lasteaiaõpetajad,Harju maakond,4
396,LABOUR_BALANCE,2342,Lasteaiaõpetajad,Hiiu maakond,3
396,LABOUR_BALANCE,2342,Lasteaiaõpetajad,Ida-Viru maakond,4
396,LABOUR_BALANCE,2342,Lasteaiaõpetajad,Jõgeva maakond,3
396,LABOUR_BALANCE,2342,Lasteaiaõpetajad,Järva maakond,3
396,LABOUR_BALANCE,2342,Lasteaiaõpetajad,Lääne maakond,3
396,LABOUR_BALANCE,2342,Lasteaiaõpetajad,Lääne-Viru maakond,3
396,LABOUR_BALANCE,2342,Lasteaiaõpetajad,Põlva maakond,4
396,LABOUR_BALANCE,2342,Lasteaiaõpetajad,Pärnu maakond,2
396,LABOUR_BALANCE,2342,Lasteaiaõpetajad,Rapla maakond,3
396,LABOUR_BALANCE,2342,Lasteaiaõpetajad,Saare maakond,3
396,LABOUR_BALANCE,2342,Lasteaiaõpetajad,Tartu maakond,3
396,LABOUR_BALANCE,2342,Lasteaiaõpetajad,Valga maakond,3
396,LABOUR_BALANCE,2342,Lasteaiaõpetajad,Viljandi maakond,3
396,LABOUR_BALANCE,2342,Lasteaiaõpetajad,Võru maakond,3
396,LABOUR_BALANCE,2351,Õppemetoodika tippspetsialistid,Rapla maakond,3
396,LABOUR_BALANCE,2352,Eripedagoogid,Kogu Eesti,4
396,LABOUR_BALANCE,2352,Eripedagoogid,Harju maakond,4
396,LABOUR_BALANCE,2352,Eripedagoogid,Ida-Viru maakond,5
396,LABOUR_BALANCE,2352,Eripedagoogid,Jõgeva maakond,5
396,LABOUR_BALANCE,2352,Eripedagoogid,Järva maakond,5
396,LABOUR_BALANCE,2352,Eripedagoogid,Lääne maakond,4
396,LABOUR_BALANCE,2352,Eripedagoogid,Lääne-Viru maakond,4
396,LABOUR_BALANCE,2352,Eripedagoogid,Põlva maakond,5
396,LABOUR_BALANCE,2352,Eripedagoogid,Pärnu maakond,4
396,LABOUR_BALANCE,2352,Eripedagoogid,Rapla maakond,4
396,LABOUR_BALANCE,2352,Eripedagoogid,Tartu maakond,5
396,LABOUR_BALANCE,2352,Eripedagoogid,Valga maakond,4
396,LABOUR_BALANCE,2352,Eripedagoogid,Viljandi maakond,5
396,LABOUR_BALANCE,2352,Eripedagoogid,Võru maakond,5
396,LABOUR_BALANCE,2353,Muud keeleõpetajad,Kogu Eesti,4
396,LABOUR_BALANCE,2353,Muud keeleõpetajad,Harju maakond,4
396,LABOUR_BALANCE,2353,Muud keeleõpetajad,Ida-Viru maakond,4
396,LABOUR_BALANCE,2353,Muud keeleõpetajad,Jõgeva maakond,4
396,LABOUR_BALANCE,2353,Muud keeleõpetajad,Järva maakond,4
396,LABOUR_BALANCE,2353,Muud keeleõpetajad,Lääne-Viru maakond,4
396,LABOUR_BALANCE,2353,Muud keeleõpetajad,Põlva maakond,4
396,LABOUR_BALANCE,2353,Muud keeleõpetajad,Pärnu maakond,4
396,LABOUR_BALANCE,2353,Muud keeleõpetajad,Rapla maakond,3
396,LABOUR_BALANCE,2353,Muud keeleõpetajad,Saare maakond,3
396,LABOUR_BALANCE,2353,Muud keeleõpetajad,Tartu maakond,3
396,LABOUR_BALANCE,2353,Muud keeleõpetajad,Valga maakond,4
396,LABOUR_BALANCE,2353,Muud keeleõpetajad,Viljandi maakond,4
396,LABOUR_BALANCE,2353,Muud keeleõpetajad,Võru maakond,4
396,LABOUR_BALANCE,2354,Muud muusikaõpetajad,Valga maakond,4
396,LABOUR_BALANCE,2356,Infotehnoloogia õpetajad ja koolitajad,Saare maakond,3
396,LABOUR_BALANCE,2359,Mujal liigitamata hariduse tippspetsialistid,Kogu Eesti,3
396,LABOUR_BALANCE,2359,Mujal liigitamata hariduse tippspetsialistid,Harju maakond,3
396,LABOUR_BALANCE,2359,Mujal liigitamata hariduse tippspetsialistid,Hiiu maakond,3
396,LABOUR_BALANCE,2359,Mujal liigitamata hariduse tippspetsialistid,Ida-Viru maakond,3
396,LABOUR_BALANCE,2359,Mujal liigitamata hariduse tippspetsialistid,Jõgeva maakond,3
396,LABOUR_BALANCE,2359,Mujal liigitamata hariduse tippspetsialistid,Järva maakond,3
396,LABOUR_BALANCE,2359,Mujal liigitamata hariduse tippspetsialistid,Lääne maakond,3
396,LABOUR_BALANCE,2359,Mujal liigitamata hariduse tippspetsialistid,Lääne-Viru maakond,3
396,LABOUR_BALANCE,2359,Mujal liigitamata hariduse tippspetsialistid,Põlva maakond,3
396,LABOUR_BALANCE,2359,Mujal liigitamata hariduse tippspetsialistid,Pärnu maakond,3
396,LABOUR_BALANCE,2359,Mujal liigitamata hariduse tippspetsialistid,Rapla maakond,3
396,LABOUR_BALANCE,2359,Mujal liigitamata hariduse tippspetsialistid,Saare maakond,3
396,LABOUR_BALANCE,2359,Mujal liigitamata hariduse tippspetsialistid,Tartu maakond,3
396,LABOUR_BALANCE,2359,Mujal liigitamata hariduse tippspetsialistid,Valga maakond,3
396,LABOUR_BALANCE,2359,Mujal liigitamata hariduse tippspetsialistid,Võru maakond,3
396,LABOUR_BALANCE,2411,Raamatupidajad,Kogu Eesti,3
396,LABOUR_BALANCE,2411,Raamatupidajad,Harju maakond,3
396,LABOUR_BALANCE,2411,Raamatupidajad,Hiiu maakond,3
396,LABOUR_BALANCE,2411,Raamatupidajad,Ida-Viru maakond,4
396,LABOUR_BALANCE,2411,Raamatupidajad,Jõgeva maakond,3
396,LABOUR_BALANCE,2411,Raamatupidajad,Järva maakond,3
396,LABOUR_BALANCE,2411,Raamatupidajad,Lääne maakond,3
396,LABOUR_BALANCE,2411,Raamatupidajad,Lääne-Viru maakond,3
396,LABOUR_BALANCE,2411,Raamatupidajad,Põlva maakond,3
396,LABOUR_BALANCE,2411,Raamatupidajad,Pärnu maakond,3
396,LABOUR_BALANCE,2411,Raamatupidajad,Rapla maakond,3
396,LABOUR_BALANCE,2411,Raamatupidajad,Saare maakond,3
396,LABOUR_BALANCE,2411,Raamatupidajad,Tartu maakond,3
396,LABOUR_BALANCE,2411,Raamatupidajad,Valga maakond,3
396,LABOUR_BALANCE,2411,Raamatupidajad,Viljandi maakond,3
396,LABOUR_BALANCE,2411,Raamatupidajad,Võru maakond,3
396,LABOUR_BALANCE,2412,Finants- ja investeerimisnõustajad,Kogu Eesti,3
396,LABOUR_BALANCE,2412,Finants- ja investeerimisnõustajad,Harju maakond,3
396,LABOUR_BALANCE,2412,Finants- ja investeerimisnõustajad,Ida-Viru maakond,3
396,LABOUR_BALANCE,2412,Finants- ja investeerimisnõustajad,Pärnu maakond,3
396,LABOUR_BALANCE,2412,Finants- ja investeerimisnõustajad,Tartu maakond,3
396,LABOUR_BALANCE,2413,Finantsanalüütikud,Kogu Eesti,3
396,LABOUR_BALANCE,2413,Finantsanalüütikud,Harju maakond,3
396,LABOUR_BALANCE,2421,Juhtimis- ja korraldusvaldkonna analüütikud,Kogu Eesti,3
396,LABOUR_BALANCE,2421,Juhtimis- ja korraldusvaldkonna analüütikud,Harju maakond,3
396,LABOUR_BALANCE,2421,Juhtimis- ja korraldusvaldkonna analüütikud,Hiiu maakond,3
396,LABOUR_BALANCE,2421,Juhtimis- ja korraldusvaldkonna analüütikud,Ida-Viru maakond,3
396,LABOUR_BALANCE,2421,Juhtimis- ja korraldusvaldkonna analüütikud,Jõgeva maakond,3
396,LABOUR_BALANCE,2421,Juhtimis- ja korraldusvaldkonna analüütikud,Järva maakond,3
396,LABOUR_BALANCE,2421,Juhtimis- ja korraldusvaldkonna analüütikud,Lääne maakond,3
396,LABOUR_BALANCE,2421,Juhtimis- ja korraldusvaldkonna analüütikud,Lääne-Viru maakond,3
396,LABOUR_BALANCE,2421,Juhtimis- ja korraldusvaldkonna analüütikud,Põlva maakond,3
396,LABOUR_BALANCE,2421,Juhtimis- ja korraldusvaldkonna analüütikud,Pärnu maakond,2
396,LABOUR_BALANCE,2421,Juhtimis- ja korraldusvaldkonna analüütikud,Rapla maakond,3
396,LABOUR_BALANCE,2421,Juhtimis- ja korraldusvaldkonna analüütikud,Saare maakond,3
396,LABOUR_BALANCE,2421,Juhtimis- ja korraldusvaldkonna analüütikud,Tartu maakond,3
396,LABOUR_BALANCE,2421,Juhtimis- ja korraldusvaldkonna analüütikud,Valga maakond,3
396,LABOUR_BALANCE,2421,Juhtimis- ja korraldusvaldkonna analüütikud,Viljandi maakond,3
396,LABOUR_BALANCE,2421,Juhtimis- ja korraldusvaldkonna analüütikud,Võru maakond,3
396,LABOUR_BALANCE,2422,Äri- ja avaliku halduse tippspetsialistid,Kogu Eesti,3
396,LABOUR_BALANCE,2422,Äri- ja avaliku halduse tippspetsialistid,Harju maakond,3
396,LABOUR_BALANCE,2422,Äri- ja avaliku halduse tippspetsialistid,Ida-Viru maakond,3
396,LABOUR_BALANCE,2422,Äri- ja avaliku halduse tippspetsialistid,Lääne maakond,3
396,LABOUR_BALANCE,2422,Äri- ja avaliku halduse tippspetsialistid,Tartu maakond,3
396,LABOUR_BALANCE,2423,Personali- ja karjääri tippspetsialistid,Kogu Eesti,3
396,LABOUR_BALANCE,2423,Personali- ja karjääri tippspetsialistid,Harju maakond,2
396,LABOUR_BALANCE,2423,Personali- ja karjääri tippspetsialistid,Hiiu maakond,3
396,LABOUR_BALANCE,2423,Personali- ja karjääri tippspetsialistid,Ida-Viru maakond,3
396,LABOUR_BALANCE,2423,Personali- ja karjääri tippspetsialistid,Jõgeva maakond,3
396,LABOUR_BALANCE,2423,Personali- ja karjääri tippspetsialistid,Järva maakond,3
396,LABOUR_BALANCE,2423,Personali- ja karjääri tippspetsialistid,Lääne maakond,3
396,LABOUR_BALANCE,2423,Personali- ja karjääri tippspetsialistid,Lääne-Viru maakond,3
396,LABOUR_BALANCE,2423,Personali- ja karjääri tippspetsialistid,Põlva maakond,3
396,LABOUR_BALANCE,2423,Personali- ja karjääri tippspetsialistid,Pärnu maakond,3
396,LABOUR_BALANCE,2423,Personali- ja karjääri tippspetsialistid,Rapla maakond,3
396,LABOUR_BALANCE,2423,Personali- ja karjääri tippspetsialistid,Saare maakond,3
396,LABOUR_BALANCE,2423,Personali- ja karjääri tippspetsialistid,Tartu maakond,3
396,LABOUR_BALANCE,2423,Personali- ja karjääri tippspetsialistid,Valga maakond,3
396,LABOUR_BALANCE,2423,Personali- ja karjääri tippspetsialistid,Viljandi maakond,3
396,LABOUR_BALANCE,2423,Personali- ja karjääri tippspetsialistid,Võru maakond,3
396,LABOUR_BALANCE,2424,Töötajate koolitus- ja täiendõppe tippspetsialistid,Kogu Eesti,3
396,LABOUR_BALANCE,2424,Töötajate koolitus- ja täiendõppe tippspetsialistid,Harju maakond,3
396,LABOUR_BALANCE,2424,Töötajate koolitus- ja täiendõppe tippspetsialistid,Hiiu maakond,3
396,LABOUR_BALANCE,2424,Töötajate koolitus- ja täiendõppe tippspetsialistid,Lääne maakond,3
396,LABOUR_BALANCE,2424,Töötajate koolitus- ja täiendõppe tippspetsialistid,Viljandi maakond,3
396,LABOUR_BALANCE,2431,Reklaami- ja turunduse tippspetsialistid,Kogu Eesti,2
396,LABOUR_BALANCE,2431,Reklaami- ja turunduse tippspetsialistid,Harju maakond,2
396,LABOUR_BALANCE,2431,Reklaami- ja turunduse tippspetsialistid,Hiiu maakond,3
396,LABOUR_BALANCE,2431,Reklaami- ja turunduse tippspetsialistid,Ida-Viru maakond,3
396,LABOUR_BALANCE,2431,Reklaami- ja turunduse tippspetsialistid,Järva maakond,3
396,LABOUR_BALANCE,2431,Reklaami- ja turunduse tippspetsialistid,Lääne maakond,3
396,LABOUR_BALANCE,2431,Reklaami- ja turunduse tippspetsialistid,Lääne-Viru maakond,3
396,LABOUR_BALANCE,2431,Reklaami- ja turunduse tippspetsialistid,Põlva maakond,3
396,LABOUR_BALANCE,2431,Reklaami- ja turunduse tippspetsialistid,Rapla maakond,3
396,LABOUR_BALANCE,2431,Reklaami- ja turunduse tippspetsialistid,Saare maakond,3
396,LABOUR_BALANCE,2431,Reklaami- ja turunduse tippspetsialistid,Tartu maakond,2
396,LABOUR_BALANCE,2431,Reklaami- ja turunduse tippspetsialistid,Valga maakond,3
396,LABOUR_BALANCE,2431,Reklaami- ja turunduse tippspetsialistid,Viljandi maakond,3
396,LABOUR_BALANCE,2431,Reklaami- ja turunduse tippspetsialistid,Võru maakond,3
396,LABOUR_BALANCE,2432,Avalike suhete tippspetsialistid,Kogu Eesti,3
396,LABOUR_BALANCE,2432,Avalike suhete tippspetsialistid,Harju maakond,3
396,LABOUR_BALANCE,2432,Avalike suhete tippspetsialistid,Ida-Viru maakond,3
396,LABOUR_BALANCE,2432,Avalike suhete tippspetsialistid,Põlva maakond,3
396,LABOUR_BALANCE,2432,Avalike suhete tippspetsialistid,Võru maakond,3
396,LABOUR_BALANCE,2433,Tehnika- (v.a info- ja kommunikatsioonitehnoloogia) ja meditsiiniseadmete müügi tippspetsialistid,Kogu Eesti,4
396,LABOUR_BALANCE,2433,Tehnika- (v.a info- ja kommunikatsioonitehnoloogia) ja meditsiiniseadmete müügi tippspetsialistid,Harju maakond,4
396,LABOUR_BALANCE,2433,Tehnika- (v.a info- ja kommunikatsioonitehnoloogia) ja meditsiiniseadmete müügi tippspetsialistid,Tartu maakond,3
396,LABOUR_BALANCE,2511,Süsteemianalüütikud,Kogu Eesti,3
396,LABOUR_BALANCE,2511,Süsteemianalüütikud,Harju maakond,3
396,LABOUR_BALANCE,2511,Süsteemianalüütikud,Ida-Viru maakond,3
396,LABOUR_BALANCE,2511,Süsteemianalüütikud,Pärnu maakond,3
396,LABOUR_BALANCE,2511,Süsteemianalüütikud,Rapla maakond,3
396,LABOUR_BALANCE,2511,Süsteemianalüütikud,Tartu maakond,3
396,LABOUR_BALANCE,2512,Tarkvara arendajad,Kogu Eesti,3
396,LABOUR_BALANCE,2512,Tarkvara arendajad,Harju maakond,3
396,LABOUR_BALANCE,2512,Tarkvara arendajad,Ida-Viru maakond,3
396,LABOUR_BALANCE,2512,Tarkvara arendajad,Järva maakond,3
396,LABOUR_BALANCE,2512,Tarkvara arendajad,Pärnu maakond,2
396,LABOUR_BALANCE,2512,Tarkvara arendajad,Saare maakond,3
396,LABOUR_BALANCE,2512,Tarkvara arendajad,Tartu maakond,4
396,LABOUR_BALANCE,2512,Tarkvara arendajad,Viljandi maakond,3
396,LABOUR_BALANCE,2512,Tarkvara arendajad,Võru maakond,3
396,LABOUR_BALANCE,2513,Veebi- ja multimeediaarendajad,Kogu Eesti,3
396,LABOUR_BALANCE,2513,Veebi- ja multimeediaarendajad,Harju maakond,3
396,LABOUR_BALANCE,2513,Veebi- ja multimeediaarendajad,Pärnu maakond,2
396,LABOUR_BALANCE,2513,Veebi- ja multimeediaarendajad,Rapla maakond,3
396,LABOUR_BALANCE,2513,Veebi- ja multimeediaarendajad,Tartu maakond,3
396,LABOUR_BALANCE,2514,Rakenduste programmeerijad,Kogu Eesti,3
396,LABOUR_BALANCE,2514,Rakenduste programmeerijad,Harju maakond,3
396,LABOUR_BALANCE,2514,Rakenduste programmeerijad,Ida-Viru maakond,3
396,LABOUR_BALANCE,2514,Rakenduste programmeerijad,Pärnu maakond,2
396,LABOUR_BALANCE,2514,Rakenduste programmeerijad,Tartu maakond,4
396,LABOUR_BALANCE,2519,Tarkvara ja rakenduste mujal liigitamata arendajad ning analüütikud,Kogu Eesti,3
396,LABOUR_BALANCE,2519,Tarkvara ja rakenduste mujal liigitamata arendajad ning analüütikud,Harju maakond,3
396,LABOUR_BALANCE,2519,Tarkvara ja rakenduste mujal liigitamata arendajad ning analüütikud,Ida-Viru maakond,3
396,LABOUR_BALANCE,2519,Tarkvara ja rakenduste mujal liigitamata arendajad ning analüütikud,Pärnu maakond,2
396,LABOUR_BALANCE,2519,Tarkvara ja rakenduste mujal liigitamata arendajad ning analüütikud,Tartu maakond,3
396,LABOUR_BALANCE,2522,Süsteemiadministraatorid,Kogu Eesti,3
396,LABOUR_BALANCE,2522,Süsteemiadministraatorid,Harju maakond,3
396,LABOUR_BALANCE,2522,Süsteemiadministraatorid,Ida-Viru maakond,3
396,LABOUR_BALANCE,2522,Süsteemiadministraatorid,Pärnu maakond,3
396,LABOUR_BALANCE,2522,Süsteemiadministraatorid,Tartu maakond,3
396,LABOUR_BALANCE,2522,Süsteemiadministraatorid,Viljandi maakond,3
396,LABOUR_BALANCE,2611,"Advokaadid, prokurörid ja haldusjuristid",Kogu Eesti,3
396,LABOUR_BALANCE,2611,"Advokaadid, prokurörid ja haldusjuristid",Harju maakond,3
396,LABOUR_BALANCE,2611,"Advokaadid, prokurörid ja haldusjuristid",Ida-Viru maakond,3
396,LABOUR_BALANCE,2611,"Advokaadid, prokurörid ja haldusjuristid",Jõgeva maakond,3
396,LABOUR_BALANCE,2611,"Advokaadid, prokurörid ja haldusjuristid",Järva maakond,3
396,LABOUR_BALANCE,2611,"Advokaadid, prokurörid ja haldusjuristid",Lääne maakond,3
396,LABOUR_BALANCE,2611,"Advokaadid, prokurörid ja haldusjuristid",Rapla maakond,3
396,LABOUR_BALANCE,2611,"Advokaadid, prokurörid ja haldusjuristid",Saare maakond,3
396,LABOUR_BALANCE,2611,"Advokaadid, prokurörid ja haldusjuristid",Tartu maakond,3
396,LABOUR_BALANCE,2611,"Advokaadid, prokurörid ja haldusjuristid",Valga maakond,3
396,LABOUR_BALANCE,2611,"Advokaadid, prokurörid ja haldusjuristid",Viljandi maakond,3
396,LABOUR_BALANCE,2619,Mujal õigusvaldkonnas liigitamata tippspetsialistid,Kogu Eesti,3
396,LABOUR_BALANCE,2619,Mujal õigusvaldkonnas liigitamata tippspetsialistid,Harju maakond,3
396,LABOUR_BALANCE,2619,Mujal õigusvaldkonnas liigitamata tippspetsialistid,Ida-Viru maakond,3
396,LABOUR_BALANCE,2619,Mujal õigusvaldkonnas liigitamata tippspetsialistid,Rapla maakond,3
396,LABOUR_BALANCE,2619,Mujal õigusvaldkonnas liigitamata tippspetsialistid,Tartu maakond,3
396,LABOUR_BALANCE,2621,Arhivaarid ja kuraatorid,Võru maakond,3
396,LABOUR_BALANCE,2622,Raamatukoguhoidjad jms teabe tippspetsialistid,Hiiu maakond,3
396,LABOUR_BALANCE,2622,Raamatukoguhoidjad jms teabe tippspetsialistid,Saare maakond,3
396,LABOUR_BALANCE,2622,Raamatukoguhoidjad jms teabe tippspetsialistid,Valga maakond,3
396,LABOUR_BALANCE,2634,Psühholoogid,Kogu Eesti,5
396,LABOUR_BALANCE,2634,Psühholoogid,Harju maakond,5
396,LABOUR_BALANCE,2634,Psühholoogid,Ida-Viru maakond,5
396,LABOUR_BALANCE,2634,Psühholoogid,Jõgeva maakond,5
396,LABOUR_BALANCE,2634,Psühholoogid,Järva maakond,4
396,LABOUR_BALANCE,2634,Psühholoogid,Lääne maakond,4
396,LABOUR_BALANCE,2634,Psühholoogid,Põlva maakond,5
396,LABOUR_BALANCE,2634,Psühholoogid,Pärnu maakond,4
396,LABOUR_BALANCE,2634,Psühholoogid,Tartu maakond,5
396,LABOUR_BALANCE,2634,Psühholoogid,Valga maakond,5
396,LABOUR_BALANCE,2634,Psühholoogid,Viljandi maakond,4
396,LABOUR_BALANCE,2635,Sotsiaaltöötajad ja nõustajad,Kogu Eesti,3
396,LABOUR_BALANCE,2635,Sotsiaaltöötajad ja nõustajad,Harju maakond,3
396,LABOUR_BALANCE,2635,Sotsiaaltöötajad ja nõustajad,Hiiu maakond,3
396,LABOUR_BALANCE,2635,Sotsiaaltöötajad ja nõustajad,Ida-Viru maakond,3
396,LABOUR_BALANCE,2635,Sotsiaaltöötajad ja nõustajad,Jõgeva maakond,3
396,LABOUR_BALANCE,2635,Sotsiaaltöötajad ja nõustajad,Järva maakond,4
396,LABOUR_BALANCE,2635,Sotsiaaltöötajad ja nõustajad,Lääne maakond,3
396,LABOUR_BALANCE,2635,Sotsiaaltöötajad ja nõustajad,Lääne-Viru maakond,3
396,LABOUR_BALANCE,2635,Sotsiaaltöötajad ja nõustajad,Põlva maakond,4
396,LABOUR_BALANCE,2635,Sotsiaaltöötajad ja nõustajad,Pärnu maakond,3
396,LABOUR_BALANCE,2635,Sotsiaaltöötajad ja nõustajad,Rapla maakond,3
396,LABOUR_BALANCE,2635,Sotsiaaltöötajad ja nõustajad,Saare maakond,3
396,LABOUR_BALANCE,2635,Sotsiaaltöötajad ja nõustajad,Tartu maakond,3
396,LABOUR_BALANCE,2635,Sotsiaaltöötajad ja nõustajad,Valga maakond,3
396,LABOUR_BALANCE,2635,Sotsiaaltöötajad ja nõustajad,Viljandi maakond,4
396,LABOUR_BALANCE,2635,Sotsiaaltöötajad ja nõustajad,Võru maakond,3
396,LABOUR_BALANCE,2642,Ajakirjanikud,Kogu Eesti,2
396,LABOUR_BALANCE,2642,Ajakirjanikud,Harju maakond,2
396,LABOUR_BALANCE,2642,Ajakirjanikud,Ida-Viru maakond,3
396,LABOUR_BALANCE,2642,Ajakirjanikud,Lääne maakond,3
396,LABOUR_BALANCE,2642,Ajakirjanikud,Pärnu maakond,2
396,LABOUR_BALANCE,2642,Ajakirjanikud,Rapla maakond,3
396,LABOUR_BALANCE,2642,Ajakirjanikud,Tartu maakond,3
396,LABOUR_BALANCE,2643,"Tõlkijad, tõlgid jm keeleteadlased",Kogu Eesti,2
396,LABOUR_BALANCE,2643,"Tõlkijad, tõlgid jm keeleteadlased",Harju maakond,2
396,LABOUR_BALANCE,2643,"Tõlkijad, tõlgid jm keeleteadlased",Tartu maakond,3
396,LABOUR_BALANCE,3111,Keemia- ja füüsikateaduste tehnikud,Jõgeva maakond,3
396,LABOUR_BALANCE,3112,Ehitustehnikud,Kogu Eesti,3
396,LABOUR_BALANCE,3112,Ehitustehnikud,Harju maakond,3
396,LABOUR_BALANCE,3112,Ehitustehnikud,Ida-Viru maakond,3
396,LABOUR_BALANCE,3112,Ehitustehnikud,Saare maakond,3
396,LABOUR_BALANCE,3112,Ehitustehnikud,Tartu maakond,3
396,LABOUR_BALANCE,3113,Elektrotehniliste alade tehnikud,Kogu Eesti,4
396,LABOUR_BALANCE,3113,Elektrotehniliste alade tehnikud,Harju maakond,4
396,LABOUR_BALANCE,3113,Elektrotehniliste alade tehnikud,Ida-Viru maakond,3
396,LABOUR_BALANCE,3113,Elektrotehniliste alade tehnikud,Jõgeva maakond,3
396,LABOUR_BALANCE,3113,Elektrotehniliste alade tehnikud,Tartu maakond,4
396,LABOUR_BALANCE,3114,Elektroonikatehnikud,Kogu Eesti,4
396,LABOUR_BALANCE,3114,Elektroonikatehnikud,Harju maakond,4
396,LABOUR_BALANCE,3114,Elektroonikatehnikud,Ida-Viru maakond,3
396,LABOUR_BALANCE,3115,Masinaehitustehnikud,Kogu Eesti,4
396,LABOUR_BALANCE,3115,Masinaehitustehnikud,Harju maakond,4
396,LABOUR_BALANCE,3115,Masinaehitustehnikud,Hiiu maakond,4
396,LABOUR_BALANCE,3115,Masinaehitustehnikud,Ida-Viru maakond,4
396,LABOUR_BALANCE,3115,Masinaehitustehnikud,Jõgeva maakond,3
396,LABOUR_BALANCE,3115,Masinaehitustehnikud,Järva maakond,3
396,LABOUR_BALANCE,3115,Masinaehitustehnikud,Lääne maakond,4
396,LABOUR_BALANCE,3115,Masinaehitustehnikud,Lääne-Viru maakond,3
396,LABOUR_BALANCE,3115,Masinaehitustehnikud,Põlva maakond,4
396,LABOUR_BALANCE,3115,Masinaehitustehnikud,Pärnu maakond,4
396,LABOUR_BALANCE,3115,Masinaehitustehnikud,Rapla maakond,3
396,LABOUR_BALANCE,3115,Masinaehitustehnikud,Saare maakond,3
396,LABOUR_BALANCE,3115,Masinaehitustehnikud,Tartu maakond,4
396,LABOUR_BALANCE,3115,Masinaehitustehnikud,Valga maakond,4
396,LABOUR_BALANCE,3115,Masinaehitustehnikud,Viljandi maakond,4
396,LABOUR_BALANCE,3115,Masinaehitustehnikud,Võru maakond,3
396,LABOUR_BALANCE,3122,Tööstuse töödejuhatajad,Kogu Eesti,3
396,LABOUR_BALANCE,3122,Tööstuse töödejuhatajad,Harju maakond,3
396,LABOUR_BALANCE,3122,Tööstuse töödejuhatajad,Hiiu maakond,3
396,LABOUR_BALANCE,3122,Tööstuse töödejuhatajad,Ida-Viru maakond,3
396,LABOUR_BALANCE,3122,Tööstuse töödejuhatajad,Jõgeva maakond,3
396,LABOUR_BALANCE,3122,Tööstuse töödejuhatajad,Järva maakond,3
396,LABOUR_BALANCE,3122,Tööstuse töödejuhatajad,Lääne maakond,3
396,LABOUR_BALANCE,3122,Tööstuse töödejuhatajad,Lääne-Viru maakond,3
396,LABOUR_BALANCE,3122,Tööstuse töödejuhatajad,Põlva maakond,3
396,LABOUR_BALANCE,3122,Tööstuse töödejuhatajad,Pärnu maakond,3
396,LABOUR_BALANCE,3122,Tööstuse töödejuhatajad,Rapla maakond,4
396,LABOUR_BALANCE,3122,Tööstuse töödejuhatajad,Saare maakond,3
396,LABOUR_BALANCE,3122,Tööstuse töödejuhatajad,Tartu maakond,3
396,LABOUR_BALANCE,3122,Tööstuse töödejuhatajad,Valga maakond,3
396,LABOUR_BALANCE,3122,Tööstuse töödejuhatajad,Viljandi maakond,4
396,LABOUR_BALANCE,3122,Tööstuse töödejuhatajad,Võru maakond,3
396,LABOUR_BALANCE,3123,Ehituse töödejuhatajad,Kogu Eesti,3
396,LABOUR_BALANCE,3123,Ehituse töödejuhatajad,Harju maakond,3
396,LABOUR_BALANCE,3123,Ehituse töödejuhatajad,Hiiu maakond,3
396,LABOUR_BALANCE,3123,Ehituse töödejuhatajad,Ida-Viru maakond,3
396,LABOUR_BALANCE,3123,Ehituse töödejuhatajad,Jõgeva maakond,3
396,LABOUR_BALANCE,3123,Ehituse töödejuhatajad,Järva maakond,3
396,LABOUR_BALANCE,3123,Ehituse töödejuhatajad,Lääne maakond,3
396,LABOUR_BALANCE,3123,Ehituse töödejuhatajad,Lääne-Viru maakond,3
396,LABOUR_BALANCE,3123,Ehituse töödejuhatajad,Põlva maakond,3
396,LABOUR_BALANCE,3123,Ehituse töödejuhatajad,Pärnu maakond,3
396,LABOUR_BALANCE,3123,Ehituse töödejuhatajad,Rapla maakond,3
396,LABOUR_BALANCE,3123,Ehituse töödejuhatajad,Saare maakond,3
396,LABOUR_BALANCE,3123,Ehituse töödejuhatajad,Tartu maakond,3
396,LABOUR_BALANCE,3123,Ehituse töödejuhatajad,Valga maakond,3
396,LABOUR_BALANCE,3123,Ehituse töödejuhatajad,Viljandi maakond,3
396,LABOUR_BALANCE,3123,Ehituse töödejuhatajad,Võru maakond,3
396,LABOUR_BALANCE,3132,Jäätmepõletustehaste ja veepuhastusjaamade operaatorid,Lääne-Viru maakond,3
396,LABOUR_BALANCE,3132,Jäätmepõletustehaste ja veepuhastusjaamade operaatorid,Pärnu maakond,3
396,LABOUR_BALANCE,3132,Jäätmepõletustehaste ja veepuhastusjaamade operaatorid,Valga maakond,3
396,LABOUR_BALANCE,3135,Metallurgiatööstuse protsessijuhtimistehnikud,Valga maakond,3
396,LABOUR_BALANCE,3139,Mujal liigitamata protsessijuhtimistehnikud,Jõgeva maakond,3
396,LABOUR_BALANCE,3139,Mujal liigitamata protsessijuhtimistehnikud,Rapla maakond,3
396,LABOUR_BALANCE,3151,Laevamehaanikud,Hiiu maakond,3
396,LABOUR_BALANCE,3152,Laeva tekiohvitserid ja lootsid,Hiiu maakond,3
396,LABOUR_BALANCE,3152,Laeva tekiohvitserid ja lootsid,Lääne maakond,3
396,LABOUR_BALANCE,3152,Laeva tekiohvitserid ja lootsid,Saare maakond,3
396,LABOUR_BALANCE,3221,Õenduse keskastme spetsialistid,Kogu Eesti,4
396,LABOUR_BALANCE,3221,Õenduse keskastme spetsialistid,Harju maakond,4
396,LABOUR_BALANCE,3221,Õenduse keskastme spetsialistid,Hiiu maakond,3
396,LABOUR_BALANCE,3221,Õenduse keskastme spetsialistid,Ida-Viru maakond,3
396,LABOUR_BALANCE,3221,Õenduse keskastme spetsialistid,Jõgeva maakond,3
396,LABOUR_BALANCE,3221,Õenduse keskastme spetsialistid,Järva maakond,4
396,LABOUR_BALANCE,3221,Õenduse keskastme spetsialistid,Lääne maakond,3
396,LABOUR_BALANCE,3221,Õenduse keskastme spetsialistid,Lääne-Viru maakond,4
396,LABOUR_BALANCE,3221,Õenduse keskastme spetsialistid,Põlva maakond,4
396,LABOUR_BALANCE,3221,Õenduse keskastme spetsialistid,Pärnu maakond,4
396,LABOUR_BALANCE,3221,Õenduse keskastme spetsialistid,Rapla maakond,3
396,LABOUR_BALANCE,3221,Õenduse keskastme spetsialistid,Saare maakond,3
396,LABOUR_BALANCE,3221,Õenduse keskastme spetsialistid,Tartu maakond,4
396,LABOUR_BALANCE,3221,Õenduse keskastme spetsialistid,Valga maakond,5
396,LABOUR_BALANCE,3221,Õenduse keskastme spetsialistid,Viljandi maakond,3
396,LABOUR_BALANCE,3221,Õenduse keskastme spetsialistid,Võru maakond,4
396,LABOUR_BALANCE,3251,Hambaraviõed ja hambaravi keskastme spetsialistid,Saare maakond,3
396,LABOUR_BALANCE,3255,Abifüsioterapeudid,Kogu Eesti,3
396,LABOUR_BALANCE,3255,Abifüsioterapeudid,Harju maakond,3
396,LABOUR_BALANCE,3255,Abifüsioterapeudid,Lääne maakond,3
396,LABOUR_BALANCE,3313,Raamatupidamise keskastme spetsialistid,Kogu Eesti,2
396,LABOUR_BALANCE,3313,Raamatupidamise keskastme spetsialistid,Harju maakond,2
396,LABOUR_BALANCE,3313,Raamatupidamise keskastme spetsialistid,Hiiu maakond,3
396,LABOUR_BALANCE,3313,Raamatupidamise keskastme spetsialistid,Ida-Viru maakond,2
396,LABOUR_BALANCE,3313,Raamatupidamise keskastme spetsialistid,Jõgeva maakond,3
396,LABOUR_BALANCE,3313,Raamatupidamise keskastme spetsialistid,Järva maakond,3
396,LABOUR_BALANCE,3313,Raamatupidamise keskastme spetsialistid,Lääne maakond,3
396,LABOUR_BALANCE,3313,Raamatupidamise keskastme spetsialistid,Lääne-Viru maakond,2
396,LABOUR_BALANCE,3313,Raamatupidamise keskastme spetsialistid,Põlva maakond,3
396,LABOUR_BALANCE,3313,Raamatupidamise keskastme spetsialistid,Pärnu maakond,2
396,LABOUR_BALANCE,3313,Raamatupidamise keskastme spetsialistid,Rapla maakond,2
396,LABOUR_BALANCE,3313,Raamatupidamise keskastme spetsialistid,Saare maakond,3
396,LABOUR_BALANCE,3313,Raamatupidamise keskastme spetsialistid,Tartu maakond,2
396,LABOUR_BALANCE,3313,Raamatupidamise keskastme spetsialistid,Valga maakond,3
396,LABOUR_BALANCE,3313,Raamatupidamise keskastme spetsialistid,Viljandi maakond,3
396,LABOUR_BALANCE,3313,Raamatupidamise keskastme spetsialistid,Võru maakond,3
396,LABOUR_BALANCE,3315,Hindajad ja kahjuhindajad,Pärnu maakond,4
396,LABOUR_BALANCE,3322,Müügiesindajad,Kogu Eesti,2
396,LABOUR_BALANCE,3322,Müügiesindajad,Harju maakond,2
396,LABOUR_BALANCE,3322,Müügiesindajad,Hiiu maakond,3
396,LABOUR_BALANCE,3322,Müügiesindajad,Ida-Viru maakond,3
396,LABOUR_BALANCE,3322,Müügiesindajad,Jõgeva maakond,3
396,LABOUR_BALANCE,3322,Müügiesindajad,Järva maakond,3
396,LABOUR_BALANCE,3322,Müügiesindajad,Lääne maakond,3
396,LABOUR_BALANCE,3322,Müügiesindajad,Lääne-Viru maakond,3
396,LABOUR_BALANCE,3322,Müügiesindajad,Põlva maakond,3
396,LABOUR_BALANCE,3322,Müügiesindajad,Pärnu maakond,2
396,LABOUR_BALANCE,3322,Müügiesindajad,Saare maakond,2
396,LABOUR_BALANCE,3322,Müügiesindajad,Tartu maakond,2
396,LABOUR_BALANCE,3322,Müügiesindajad,Valga maakond,3
396,LABOUR_BALANCE,3322,Müügiesindajad,Viljandi maakond,3
396,LABOUR_BALANCE,3322,Müügiesindajad,Võru maakond,4
396,LABOUR_BALANCE,3323,Varustajad,Kogu Eesti,3
396,LABOUR_BALANCE,3323,Varustajad,Harju maakond,3
396,LABOUR_BALANCE,3323,Varustajad,Hiiu maakond,3
396,LABOUR_BALANCE,3323,Varustajad,Ida-Viru maakond,3
396,LABOUR_BALANCE,3323,Varustajad,Järva maakond,3
396,LABOUR_BALANCE,3323,Varustajad,Lääne maakond,3
396,LABOUR_BALANCE,3323,Varustajad,Lääne-Viru maakond,3
396,LABOUR_BALANCE,3323,Varustajad,Põlva maakond,3
396,LABOUR_BALANCE,3323,Varustajad,Pärnu maakond,4
396,LABOUR_BALANCE,3323,Varustajad,Saare maakond,3
396,LABOUR_BALANCE,3323,Varustajad,Tartu maakond,3
396,LABOUR_BALANCE,3323,Varustajad,Valga maakond,3
396,LABOUR_BALANCE,3323,Varustajad,Viljandi maakond,3
396,LABOUR_BALANCE,3323,Varustajad,Võru maakond,3
396,LABOUR_BALANCE,3333,Töövahendajad,Kogu Eesti,2
396,LABOUR_BALANCE,3333,Töövahendajad,Harju maakond,2
396,LABOUR_BALANCE,3333,Töövahendajad,Ida-Viru maakond,3
396,LABOUR_BALANCE,3333,Töövahendajad,Pärnu maakond,2
396,LABOUR_BALANCE,3333,Töövahendajad,Saare maakond,3
396,LABOUR_BALANCE,3333,Töövahendajad,Tartu maakond,3
396,LABOUR_BALANCE,3334,Kinnisvaramaaklerid ja -haldajad,Kogu Eesti,3
396,LABOUR_BALANCE,3334,Kinnisvaramaaklerid ja -haldajad,Harju maakond,3
396,LABOUR_BALANCE,3334,Kinnisvaramaaklerid ja -haldajad,Hiiu maakond,3
396,LABOUR_BALANCE,3334,Kinnisvaramaaklerid ja -haldajad,Ida-Viru maakond,3
396,LABOUR_BALANCE,3334,Kinnisvaramaaklerid ja -haldajad,Jõgeva maakond,3
396,LABOUR_BALANCE,3334,Kinnisvaramaaklerid ja -haldajad,Järva maakond,3
396,LABOUR_BALANCE,3334,Kinnisvaramaaklerid ja -haldajad,Lääne maakond,3
396,LABOUR_BALANCE,3334,Kinnisvaramaaklerid ja -haldajad,Lääne-Viru maakond,3
396,LABOUR_BALANCE,3334,Kinnisvaramaaklerid ja -haldajad,Põlva maakond,3
396,LABOUR_BALANCE,3334,Kinnisvaramaaklerid ja -haldajad,Pärnu maakond,3
396,LABOUR_BALANCE,3334,Kinnisvaramaaklerid ja -haldajad,Rapla maakond,3
396,LABOUR_BALANCE,3334,Kinnisvaramaaklerid ja -haldajad,Saare maakond,3
396,LABOUR_BALANCE,3334,Kinnisvaramaaklerid ja -haldajad,Tartu maakond,3
396,LABOUR_BALANCE,3334,Kinnisvaramaaklerid ja -haldajad,Valga maakond,3
396,LABOUR_BALANCE,3334,Kinnisvaramaaklerid ja -haldajad,Viljandi maakond,3
396,LABOUR_BALANCE,3334,Kinnisvaramaaklerid ja -haldajad,Võru maakond,3
396,LABOUR_BALANCE,3341,Juhtivametnikud,Kogu Eesti,2
396,LABOUR_BALANCE,3341,Juhtivametnikud,Harju maakond,2
396,LABOUR_BALANCE,3341,Juhtivametnikud,Ida-Viru maakond,3
396,LABOUR_BALANCE,3341,Juhtivametnikud,Pärnu maakond,2
396,LABOUR_BALANCE,3341,Juhtivametnikud,Tartu maakond,3
396,LABOUR_BALANCE,3343,Sekretärid-asjaajajad ja sekretärid-juhiabid,Kogu Eesti,2
396,LABOUR_BALANCE,3343,Sekretärid-asjaajajad ja sekretärid-juhiabid,Harju maakond,2
396,LABOUR_BALANCE,3343,Sekretärid-asjaajajad ja sekretärid-juhiabid,Hiiu maakond,3
396,LABOUR_BALANCE,3343,Sekretärid-asjaajajad ja sekretärid-juhiabid,Ida-Viru maakond,2
396,LABOUR_BALANCE,3343,Sekretärid-asjaajajad ja sekretärid-juhiabid,Jõgeva maakond,3
396,LABOUR_BALANCE,3343,Sekretärid-asjaajajad ja sekretärid-juhiabid,Järva maakond,3
396,LABOUR_BALANCE,3343,Sekretärid-asjaajajad ja sekretärid-juhiabid,Lääne maakond,3
396,LABOUR_BALANCE,3343,Sekretärid-asjaajajad ja sekretärid-juhiabid,Lääne-Viru maakond,2
396,LABOUR_BALANCE,3343,Sekretärid-asjaajajad ja sekretärid-juhiabid,Põlva maakond,2
396,LABOUR_BALANCE,3343,Sekretärid-asjaajajad ja sekretärid-juhiabid,Pärnu maakond,2
396,LABOUR_BALANCE,3343,Sekretärid-asjaajajad ja sekretärid-juhiabid,Rapla maakond,2
396,LABOUR_BALANCE,3343,Sekretärid-asjaajajad ja sekretärid-juhiabid,Saare maakond,2
396,LABOUR_BALANCE,3343,Sekretärid-asjaajajad ja sekretärid-juhiabid,Tartu maakond,1
396,LABOUR_BALANCE,3343,Sekretärid-asjaajajad ja sekretärid-juhiabid,Valga maakond,2
396,LABOUR_BALANCE,3343,Sekretärid-asjaajajad ja sekretärid-juhiabid,Viljandi maakond,3
396,LABOUR_BALANCE,3343,Sekretärid-asjaajajad ja sekretärid-juhiabid,Võru maakond,3
396,LABOUR_BALANCE,3344,Meditsiinialal töötavad sekretärid,Viljandi maakond,3
396,LABOUR_BALANCE,3351,Tolli- ja piiriinspektorid,Ida-Viru maakond,4
396,LABOUR_BALANCE,3359,Mujal liigitamata valitsuse haldusalade ametnikud,Kogu Eesti,2
396,LABOUR_BALANCE,3359,Mujal liigitamata valitsuse haldusalade ametnikud,Harju maakond,2
396,LABOUR_BALANCE,3359,Mujal liigitamata valitsuse haldusalade ametnikud,Hiiu maakond,3
396,LABOUR_BALANCE,3359,Mujal liigitamata valitsuse haldusalade ametnikud,Ida-Viru maakond,3
396,LABOUR_BALANCE,3359,Mujal liigitamata valitsuse haldusalade ametnikud,Jõgeva maakond,3
396,LABOUR_BALANCE,3359,Mujal liigitamata valitsuse haldusalade ametnikud,Järva maakond,3
396,LABOUR_BALANCE,3359,Mujal liigitamata valitsuse haldusalade ametnikud,Lääne maakond,3
396,LABOUR_BALANCE,3359,Mujal liigitamata valitsuse haldusalade ametnikud,Lääne-Viru maakond,3
396,LABOUR_BALANCE,3359,Mujal liigitamata valitsuse haldusalade ametnikud,Põlva maakond,3
396,LABOUR_BALANCE,3359,Mujal liigitamata valitsuse haldusalade ametnikud,Pärnu maakond,2
396,LABOUR_BALANCE,3359,Mujal liigitamata valitsuse haldusalade ametnikud,Rapla maakond,3
396,LABOUR_BALANCE,3359,Mujal liigitamata valitsuse haldusalade ametnikud,Saare maakond,3
396,LABOUR_BALANCE,3359,Mujal liigitamata valitsuse haldusalade ametnikud,Tartu maakond,2
396,LABOUR_BALANCE,3359,Mujal liigitamata valitsuse haldusalade ametnikud,Valga maakond,3
396,LABOUR_BALANCE,3359,Mujal liigitamata valitsuse haldusalade ametnikud,Viljandi maakond,3
396,LABOUR_BALANCE,3359,Mujal liigitamata valitsuse haldusalade ametnikud,Võru maakond,3
396,LABOUR_BALANCE,3412,Sotsiaaltöö keskastme spetsialistid,Kogu Eesti,4
396,LABOUR_BALANCE,3412,Sotsiaaltöö keskastme spetsialistid,Harju maakond,4
396,LABOUR_BALANCE,3412,Sotsiaaltöö keskastme spetsialistid,Hiiu maakond,3
396,LABOUR_BALANCE,3412,Sotsiaaltöö keskastme spetsialistid,Ida-Viru maakond,3
396,LABOUR_BALANCE,3412,Sotsiaaltöö keskastme spetsialistid,Jõgeva maakond,3
396,LABOUR_BALANCE,3412,Sotsiaaltöö keskastme spetsialistid,Järva maakond,4
396,LABOUR_BALANCE,3412,Sotsiaaltöö keskastme spetsialistid,Lääne maakond,3
396,LABOUR_BALANCE,3412,Sotsiaaltöö keskastme spetsialistid,Lääne-Viru maakond,3
396,LABOUR_BALANCE,3412,Sotsiaaltöö keskastme spetsialistid,Põlva maakond,4
396,LABOUR_BALANCE,3412,Sotsiaaltöö keskastme spetsialistid,Pärnu maakond,3
396,LABOUR_BALANCE,3412,Sotsiaaltöö keskastme spetsialistid,Rapla maakond,3
396,LABOUR_BALANCE,3412,Sotsiaaltöö keskastme spetsialistid,Saare maakond,3
396,LABOUR_BALANCE,3412,Sotsiaaltöö keskastme spetsialistid,Tartu maakond,4
396,LABOUR_BALANCE,3412,Sotsiaaltöö keskastme spetsialistid,Valga maakond,3
396,LABOUR_BALANCE,3412,Sotsiaaltöö keskastme spetsialistid,Viljandi maakond,3
396,LABOUR_BALANCE,3412,Sotsiaaltöö keskastme spetsialistid,Võru maakond,3
396,LABOUR_BALANCE,3422,"Treenerid, spordikohtunikud ja -ametnikud",Kogu Eesti,3
396,LABOUR_BALANCE,3422,"Treenerid, spordikohtunikud ja -ametnikud",Harju maakond,3
396,LABOUR_BALANCE,3422,"Treenerid, spordikohtunikud ja -ametnikud",Järva maakond,3
396,LABOUR_BALANCE,3422,"Treenerid, spordikohtunikud ja -ametnikud",Lääne maakond,3
396,LABOUR_BALANCE,3422,"Treenerid, spordikohtunikud ja -ametnikud",Lääne-Viru maakond,3
396,LABOUR_BALANCE,3422,"Treenerid, spordikohtunikud ja -ametnikud",Põlva maakond,3
396,LABOUR_BALANCE,3422,"Treenerid, spordikohtunikud ja -ametnikud",Rapla maakond,3
396,LABOUR_BALANCE,3422,"Treenerid, spordikohtunikud ja -ametnikud",Saare maakond,3
396,LABOUR_BALANCE,3422,"Treenerid, spordikohtunikud ja -ametnikud",Tartu maakond,3
396,LABOUR_BALANCE,3422,"Treenerid, spordikohtunikud ja -ametnikud",Viljandi maakond,3
396,LABOUR_BALANCE,3422,"Treenerid, spordikohtunikud ja -ametnikud",Võru maakond,3
396,LABOUR_BALANCE,3433,"Galeriide, muuseumide ja raamatukogude tehnilised töötajad",Hiiu maakond,3
396,LABOUR_BALANCE,3434,Peakokad,Kogu Eesti,3
396,LABOUR_BALANCE,3434,Peakokad,Harju maakond,3
396,LABOUR_BALANCE,3434,Peakokad,Ida-Viru maakond,3
396,LABOUR_BALANCE,3434,Peakokad,Jõgeva maakond,3
396,LABOUR_BALANCE,3434,Peakokad,Järva maakond,3
396,LABOUR_BALANCE,3434,Peakokad,Lääne maakond,4
396,LABOUR_BALANCE,3434,Peakokad,Lääne-Viru maakond,4
396,LABOUR_BALANCE,3434,Peakokad,Pärnu maakond,4
396,LABOUR_BALANCE,3434,Peakokad,Saare maakond,3
396,LABOUR_BALANCE,3434,Peakokad,Tartu maakond,4
396,LABOUR_BALANCE,3435,Muud kunsti- ja kultuuriala keskastme spetsialistid,Hiiu maakond,3
396,LABOUR_BALANCE,3435,Muud kunsti- ja kultuuriala keskastme spetsialistid,Jõgeva maakond,3
396,LABOUR_BALANCE,3435,Muud kunsti- ja kultuuriala keskastme spetsialistid,Tartu maakond,3
396,LABOUR_BALANCE,3435,Muud kunsti- ja kultuuriala keskastme spetsialistid,Viljandi maakond,3
396,LABOUR_BALANCE,3512,Info- ja kommunikatsioonitehnoloogia kasutajatoe tehnikud,Kogu Eesti,3
396,LABOUR_BALANCE,3512,Info- ja kommunikatsioonitehnoloogia kasutajatoe tehnikud,Harju maakond,3
396,LABOUR_BALANCE,3512,Info- ja kommunikatsioonitehnoloogia kasutajatoe tehnikud,Hiiu maakond,3
396,LABOUR_BALANCE,3512,Info- ja kommunikatsioonitehnoloogia kasutajatoe tehnikud,Ida-Viru maakond,3
396,LABOUR_BALANCE,3512,Info- ja kommunikatsioonitehnoloogia kasutajatoe tehnikud,Jõgeva maakond,3
396,LABOUR_BALANCE,3512,Info- ja kommunikatsioonitehnoloogia kasutajatoe tehnikud,Järva maakond,3
396,LABOUR_BALANCE,3512,Info- ja kommunikatsioonitehnoloogia kasutajatoe tehnikud,Lääne maakond,3
396,LABOUR_BALANCE,3512,Info- ja kommunikatsioonitehnoloogia kasutajatoe tehnikud,Lääne-Viru maakond,3
396,LABOUR_BALANCE,3512,Info- ja kommunikatsioonitehnoloogia kasutajatoe tehnikud,Põlva maakond,4
396,LABOUR_BALANCE,3512,Info- ja kommunikatsioonitehnoloogia kasutajatoe tehnikud,Pärnu maakond,3
396,LABOUR_BALANCE,3512,Info- ja kommunikatsioonitehnoloogia kasutajatoe tehnikud,Rapla maakond,3
396,LABOUR_BALANCE,3512,Info- ja kommunikatsioonitehnoloogia kasutajatoe tehnikud,Saare maakond,3
396,LABOUR_BALANCE,3512,Info- ja kommunikatsioonitehnoloogia kasutajatoe tehnikud,Tartu maakond,3
396,LABOUR_BALANCE,3512,Info- ja kommunikatsioonitehnoloogia kasutajatoe tehnikud,Valga maakond,3
396,LABOUR_BALANCE,3512,Info- ja kommunikatsioonitehnoloogia kasutajatoe tehnikud,Viljandi maakond,3
396,LABOUR_BALANCE,3512,Info- ja kommunikatsioonitehnoloogia kasutajatoe tehnikud,Võru maakond,4
396,LABOUR_BALANCE,3513,Arvutivõrkude ja süsteemide tehnikud,Lääne maakond,3
396,LABOUR_BALANCE,3521,Ringhäälingu ja audiovisuaalala tehnikud,Viljandi maakond,3
396,LABOUR_BALANCE,3522,Telekommunikatsiooni tehnikud,Kogu Eesti,4
396,LABOUR_BALANCE,3522,Telekommunikatsiooni tehnikud,Harju maakond,4
396,LABOUR_BALANCE,4120,Üldsekretärid,Rapla maakond,3
396,LABOUR_BALANCE,4132,Andmesisestajad,Kogu Eesti,2
396,LABOUR_BALANCE,4132,Andmesisestajad,Harju maakond,2
396,LABOUR_BALANCE,4132,Andmesisestajad,Hiiu maakond,3
396,LABOUR_BALANCE,4132,Andmesisestajad,Ida-Viru maakond,3
396,LABOUR_BALANCE,4132,Andmesisestajad,Jõgeva maakond,3
396,LABOUR_BALANCE,4132,Andmesisestajad,Järva maakond,3
396,LABOUR_BALANCE,4132,Andmesisestajad,Lääne maakond,3
396,LABOUR_BALANCE,4132,Andmesisestajad,Lääne-Viru maakond,2
396,LABOUR_BALANCE,4132,Andmesisestajad,Põlva maakond,2
396,LABOUR_BALANCE,4132,Andmesisestajad,Pärnu maakond,2
396,LABOUR_BALANCE,4132,Andmesisestajad,Rapla maakond,2
396,LABOUR_BALANCE,4132,Andmesisestajad,Saare maakond,2
396,LABOUR_BALANCE,4132,Andmesisestajad,Tartu maakond,2
396,LABOUR_BALANCE,4132,Andmesisestajad,Valga maakond,2
396,LABOUR_BALANCE,4132,Andmesisestajad,Viljandi maakond,2
396,LABOUR_BALANCE,4132,Andmesisestajad,Võru maakond,3
396,LABOUR_BALANCE,4212,"Kihlvedude vahendajad, krupjeed jm hasartmängude vahendajad",Kogu Eesti,2
396,LABOUR_BALANCE,4212,"Kihlvedude vahendajad, krupjeed jm hasartmängude vahendajad",Harju maakond,2
396,LABOUR_BALANCE,4213,Pandimajapidajad ja rahalaenajad,Valga maakond,3
396,LABOUR_BALANCE,4222,Infotelefonide operaatorid,Kogu Eesti,2
396,LABOUR_BALANCE,4222,Infotelefonide operaatorid,Harju maakond,2
396,LABOUR_BALANCE,4222,Infotelefonide operaatorid,Jõgeva maakond,3
396,LABOUR_BALANCE,4222,Infotelefonide operaatorid,Rapla maakond,3
396,LABOUR_BALANCE,4222,Infotelefonide operaatorid,Tartu maakond,3
396,LABOUR_BALANCE,4224,Hotellide administraatorid,Kogu Eesti,3
396,LABOUR_BALANCE,4224,Hotellide administraatorid,Harju maakond,3
396,LABOUR_BALANCE,4224,Hotellide administraatorid,Hiiu maakond,3
396,LABOUR_BALANCE,4224,Hotellide administraatorid,Ida-Viru maakond,3
396,LABOUR_BALANCE,4224,Hotellide administraatorid,Jõgeva maakond,3
396,LABOUR_BALANCE,4224,Hotellide administraatorid,Järva maakond,3
396,LABOUR_BALANCE,4224,Hotellide administraatorid,Lääne maakond,3
396,LABOUR_BALANCE,4224,Hotellide administraatorid,Lääne-Viru maakond,3
396,LABOUR_BALANCE,4224,Hotellide administraatorid,Põlva maakond,3
396,LABOUR_BALANCE,4224,Hotellide administraatorid,Pärnu maakond,3
396,LABOUR_BALANCE,4224,Hotellide administraatorid,Rapla maakond,3
396,LABOUR_BALANCE,4224,Hotellide administraatorid,Saare maakond,3
396,LABOUR_BALANCE,4224,Hotellide administraatorid,Tartu maakond,3
396,LABOUR_BALANCE,4224,Hotellide administraatorid,Valga maakond,3
396,LABOUR_BALANCE,4224,Hotellide administraatorid,Viljandi maakond,3
396,LABOUR_BALANCE,4224,Hotellide administraatorid,Võru maakond,3
396,LABOUR_BALANCE,4225,Infopunktide töötajad,Kogu Eesti,3
396,LABOUR_BALANCE,4225,Infopunktide töötajad,Harju maakond,3
396,LABOUR_BALANCE,4225,Infopunktide töötajad,Lääne maakond,3
396,LABOUR_BALANCE,4225,Infopunktide töötajad,Lääne-Viru maakond,3
396,LABOUR_BALANCE,4225,Infopunktide töötajad,Pärnu maakond,2
396,LABOUR_BALANCE,4225,Infopunktide töötajad,Rapla maakond,3
396,LABOUR_BALANCE,4225,Infopunktide töötajad,Tartu maakond,2
396,LABOUR_BALANCE,4225,Infopunktide töötajad,Võru maakond,3
396,LABOUR_BALANCE,4226,Administraatorid (üldiselt),Kogu Eesti,2
396,LABOUR_BALANCE,4226,Administraatorid (üldiselt),Harju maakond,2
396,LABOUR_BALANCE,4226,Administraatorid (üldiselt),Järva maakond,3
396,LABOUR_BALANCE,4226,Administraatorid (üldiselt),Rapla maakond,3
396,LABOUR_BALANCE,4226,Administraatorid (üldiselt),Saare maakond,3
396,LABOUR_BALANCE,4227,Uuringute sh turu-uuringute küsitlejad,Valga maakond,3
396,LABOUR_BALANCE,4311,Arve- ja raamatupidamisametnikud,Kogu Eesti,2
396,LABOUR_BALANCE,4311,Arve- ja raamatupidamisametnikud,Harju maakond,2
396,LABOUR_BALANCE,4311,Arve- ja raamatupidamisametnikud,Ida-Viru maakond,3
396,LABOUR_BALANCE,4311,Arve- ja raamatupidamisametnikud,Jõgeva maakond,3
396,LABOUR_BALANCE,4311,Arve- ja raamatupidamisametnikud,Järva maakond,3
396,LABOUR_BALANCE,4311,Arve- ja raamatupidamisametnikud,Lääne maakond,3
396,LABOUR_BALANCE,4311,Arve- ja raamatupidamisametnikud,Pärnu maakond,2
396,LABOUR_BALANCE,4311,Arve- ja raamatupidamisametnikud,Rapla maakond,2
396,LABOUR_BALANCE,4311,Arve- ja raamatupidamisametnikud,Saare maakond,3
396,LABOUR_BALANCE,4311,Arve- ja raamatupidamisametnikud,Tartu maakond,2
396,LABOUR_BALANCE,4311,Arve- ja raamatupidamisametnikud,Valga maakond,3
396,LABOUR_BALANCE,4311,Arve- ja raamatupidamisametnikud,Viljandi maakond,2
396,LABOUR_BALANCE,4321,Laoametnikud,Kogu Eesti,3
396,LABOUR_BALANCE,4321,Laoametnikud,Harju maakond,3
396,LABOUR_BALANCE,4321,Laoametnikud,Hiiu maakond,3
396,LABOUR_BALANCE,4321,Laoametnikud,Ida-Viru maakond,2
396,LABOUR_BALANCE,4321,Laoametnikud,Jõgeva maakond,3
396,LABOUR_BALANCE,4321,Laoametnikud,Järva maakond,3
396,LABOUR_BALANCE,4321,Laoametnikud,Lääne maakond,3
396,LABOUR_BALANCE,4321,Laoametnikud,Lääne-Viru maakond,3
396,LABOUR_BALANCE,4321,Laoametnikud,Põlva maakond,3
396,LABOUR_BALANCE,4321,Laoametnikud,Pärnu maakond,3
396,LABOUR_BALANCE,4321,Laoametnikud,Rapla maakond,2
396,LABOUR_BALANCE,4321,Laoametnikud,Saare maakond,3
396,LABOUR_BALANCE,4321,Laoametnikud,Tartu maakond,2
396,LABOUR_BALANCE,4321,Laoametnikud,Valga maakond,3
396,LABOUR_BALANCE,4321,Laoametnikud,Viljandi maakond,3
396,LABOUR_BALANCE,4321,Laoametnikud,Võru maakond,3
396,LABOUR_BALANCE,4322,Tootmisega seotud ametnikud,Järva maakond,3
396,LABOUR_BALANCE,4322,Tootmisega seotud ametnikud,Tartu maakond,3
396,LABOUR_BALANCE,4322,Tootmisega seotud ametnikud,Valga maakond,3
396,LABOUR_BALANCE,4323,Transpordiametnikud,Kogu Eesti,3
396,LABOUR_BALANCE,4323,Transpordiametnikud,Harju maakond,3
396,LABOUR_BALANCE,4323,Transpordiametnikud,Ida-Viru maakond,3
396,LABOUR_BALANCE,4323,Transpordiametnikud,Jõgeva maakond,3
396,LABOUR_BALANCE,4323,Transpordiametnikud,Järva maakond,3
396,LABOUR_BALANCE,4323,Transpordiametnikud,Lääne maakond,3
396,LABOUR_BALANCE,4323,Transpordiametnikud,Lääne-Viru maakond,3
396,LABOUR_BALANCE,4323,Transpordiametnikud,Põlva maakond,3
396,LABOUR_BALANCE,4323,Transpordiametnikud,Pärnu maakond,3
396,LABOUR_BALANCE,4323,Transpordiametnikud,Rapla maakond,3
396,LABOUR_BALANCE,4323,Transpordiametnikud,Tartu maakond,3
396,LABOUR_BALANCE,4323,Transpordiametnikud,Viljandi maakond,3
396,LABOUR_BALANCE,4323,Transpordiametnikud,Võru maakond,3
396,LABOUR_BALANCE,4412,Posti sorteerijad ja kättetoimetajad,Kogu Eesti,3
396,LABOUR_BALANCE,4412,Posti sorteerijad ja kättetoimetajad,Harju maakond,3
396,LABOUR_BALANCE,4412,Posti sorteerijad ja kättetoimetajad,Ida-Viru maakond,2
396,LABOUR_BALANCE,4412,Posti sorteerijad ja kättetoimetajad,Jõgeva maakond,3
396,LABOUR_BALANCE,4412,Posti sorteerijad ja kättetoimetajad,Järva maakond,3
396,LABOUR_BALANCE,4412,Posti sorteerijad ja kättetoimetajad,Lääne maakond,3
396,LABOUR_BALANCE,4412,Posti sorteerijad ja kättetoimetajad,Lääne-Viru maakond,3
396,LABOUR_BALANCE,4412,Posti sorteerijad ja kättetoimetajad,Põlva maakond,3
396,LABOUR_BALANCE,4412,Posti sorteerijad ja kättetoimetajad,Pärnu maakond,3
396,LABOUR_BALANCE,4412,Posti sorteerijad ja kättetoimetajad,Rapla maakond,2
396,LABOUR_BALANCE,4412,Posti sorteerijad ja kättetoimetajad,Saare maakond,3
396,LABOUR_BALANCE,4412,Posti sorteerijad ja kättetoimetajad,Tartu maakond,2
396,LABOUR_BALANCE,4412,Posti sorteerijad ja kättetoimetajad,Valga maakond,2
396,LABOUR_BALANCE,4412,Posti sorteerijad ja kättetoimetajad,Viljandi maakond,3
396,LABOUR_BALANCE,4412,Posti sorteerijad ja kättetoimetajad,Võru maakond,2
396,LABOUR_BALANCE,5112,Kontrolörid ja konduktorid,Saare maakond,3
396,LABOUR_BALANCE,5113,Giidid,Hiiu maakond,3
396,LABOUR_BALANCE,5120,Kokad,Kogu Eesti,3
396,LABOUR_BALANCE,5120,Kokad,Harju maakond,3
396,LABOUR_BALANCE,5120,Kokad,Hiiu maakond,4
396,LABOUR_BALANCE,5120,Kokad,Ida-Viru maakond,2
396,LABOUR_BALANCE,5120,Kokad,Jõgeva maakond,4
396,LABOUR_BALANCE,5120,Kokad,Järva maakond,4
396,LABOUR_BALANCE,5120,Kokad,Lääne maakond,4
396,LABOUR_BALANCE,5120,Kokad,Lääne-Viru maakond,4
396,LABOUR_BALANCE,5120,Kokad,Põlva maakond,5
396,LABOUR_BALANCE,5120,Kokad,Pärnu maakond,4
396,LABOUR_BALANCE,5120,Kokad,Rapla maakond,3
396,LABOUR_BALANCE,5120,Kokad,Saare maakond,3
396,LABOUR_BALANCE,5120,Kokad,Tartu maakond,4
396,LABOUR_BALANCE,5120,Kokad,Valga maakond,3
396,LABOUR_BALANCE,5120,Kokad,Viljandi maakond,4
396,LABOUR_BALANCE,5120,Kokad,Võru maakond,4
396,LABOUR_BALANCE,5131,Kelnerid ja ettekandjad,Kogu Eesti,3
396,LABOUR_BALANCE,5131,Kelnerid ja ettekandjad,Harju maakond,3
396,LABOUR_BALANCE,5131,Kelnerid ja ettekandjad,Hiiu maakond,3
396,LABOUR_BALANCE,5131,Kelnerid ja ettekandjad,Ida-Viru maakond,2
396,LABOUR_BALANCE,5131,Kelnerid ja ettekandjad,Jõgeva maakond,3
396,LABOUR_BALANCE,5131,Kelnerid ja ettekandjad,Järva maakond,3
396,LABOUR_BALANCE,5131,Kelnerid ja ettekandjad,Lääne maakond,3
396,LABOUR_BALANCE,5131,Kelnerid ja ettekandjad,Lääne-Viru maakond,3
396,LABOUR_BALANCE,5131,Kelnerid ja ettekandjad,Põlva maakond,3
396,LABOUR_BALANCE,5131,Kelnerid ja ettekandjad,Pärnu maakond,3
396,LABOUR_BALANCE,5131,Kelnerid ja ettekandjad,Rapla maakond,3
396,LABOUR_BALANCE,5131,Kelnerid ja ettekandjad,Saare maakond,3
396,LABOUR_BALANCE,5131,Kelnerid ja ettekandjad,Tartu maakond,3
396,LABOUR_BALANCE,5131,Kelnerid ja ettekandjad,Valga maakond,3
396,LABOUR_BALANCE,5131,Kelnerid ja ettekandjad,Viljandi maakond,3
396,LABOUR_BALANCE,5131,Kelnerid ja ettekandjad,Võru maakond,3
396,LABOUR_BALANCE,5132,Baarmenid,Kogu Eesti,3
396,LABOUR_BALANCE,5132,Baarmenid,Harju maakond,3
396,LABOUR_BALANCE,5132,Baarmenid,Hiiu maakond,3
396,LABOUR_BALANCE,5132,Baarmenid,Ida-Viru maakond,3
396,LABOUR_BALANCE,5132,Baarmenid,Jõgeva maakond,3
396,LABOUR_BALANCE,5132,Baarmenid,Järva maakond,3
396,LABOUR_BALANCE,5132,Baarmenid,Lääne maakond,3
396,LABOUR_BALANCE,5132,Baarmenid,Põlva maakond,3
396,LABOUR_BALANCE,5132,Baarmenid,Pärnu maakond,3
396,LABOUR_BALANCE,5132,Baarmenid,Saare maakond,3
396,LABOUR_BALANCE,5132,Baarmenid,Tartu maakond,3
396,LABOUR_BALANCE,5132,Baarmenid,Võru maakond,3
396,LABOUR_BALANCE,5141,Juuksurid,Kogu Eesti,3
396,LABOUR_BALANCE,5141,Juuksurid,Harju maakond,3
396,LABOUR_BALANCE,5141,Juuksurid,Ida-Viru maakond,3
396,LABOUR_BALANCE,5141,Juuksurid,Lääne maakond,3
396,LABOUR_BALANCE,5141,Juuksurid,Lääne-Viru maakond,3
396,LABOUR_BALANCE,5141,Juuksurid,Rapla maakond,3
396,LABOUR_BALANCE,5141,Juuksurid,Tartu maakond,3
396,LABOUR_BALANCE,5142,Kosmeetikud jms alade töötajad,Kogu Eesti,3
396,LABOUR_BALANCE,5142,Kosmeetikud jms alade töötajad,Harju maakond,3
396,LABOUR_BALANCE,5142,Kosmeetikud jms alade töötajad,Ida-Viru maakond,3
396,LABOUR_BALANCE,5142,Kosmeetikud jms alade töötajad,Jõgeva maakond,3
396,LABOUR_BALANCE,5142,Kosmeetikud jms alade töötajad,Järva maakond,3
396,LABOUR_BALANCE,5142,Kosmeetikud jms alade töötajad,Lääne maakond,3
396,LABOUR_BALANCE,5142,Kosmeetikud jms alade töötajad,Lääne-Viru maakond,3
396,LABOUR_BALANCE,5142,Kosmeetikud jms alade töötajad,Pärnu maakond,4
396,LABOUR_BALANCE,5142,Kosmeetikud jms alade töötajad,Rapla maakond,3
396,LABOUR_BALANCE,5142,Kosmeetikud jms alade töötajad,Saare maakond,3
396,LABOUR_BALANCE,5142,Kosmeetikud jms alade töötajad,Tartu maakond,3
396,LABOUR_BALANCE,5142,Kosmeetikud jms alade töötajad,Viljandi maakond,3
396,LABOUR_BALANCE,5142,Kosmeetikud jms alade töötajad,Võru maakond,3
396,LABOUR_BALANCE,5151,"Ametiasutuste, hotellide ja muude asutuste koristus- ja majapidamistööde juhatajad",Kogu Eesti,3
396,LABOUR_BALANCE,5151,"Ametiasutuste, hotellide ja muude asutuste koristus- ja majapidamistööde juhatajad",Harju maakond,3
396,LABOUR_BALANCE,5151,"Ametiasutuste, hotellide ja muude asutuste koristus- ja majapidamistööde juhatajad",Lääne maakond,3
396,LABOUR_BALANCE,5151,"Ametiasutuste, hotellide ja muude asutuste koristus- ja majapidamistööde juhatajad",Lääne-Viru maakond,3
396,LABOUR_BALANCE,5151,"Ametiasutuste, hotellide ja muude asutuste koristus- ja majapidamistööde juhatajad",Põlva maakond,3
396,LABOUR_BALANCE,5151,"Ametiasutuste, hotellide ja muude asutuste koristus- ja majapidamistööde juhatajad",Pärnu maakond,3
396,LABOUR_BALANCE,5151,"Ametiasutuste, hotellide ja muude asutuste koristus- ja majapidamistööde juhatajad",Rapla maakond,3
396,LABOUR_BALANCE,5151,"Ametiasutuste, hotellide ja muude asutuste koristus- ja majapidamistööde juhatajad",Saare maakond,3
396,LABOUR_BALANCE,5151,"Ametiasutuste, hotellide ja muude asutuste koristus- ja majapidamistööde juhatajad",Viljandi maakond,3
396,LABOUR_BALANCE,5151,"Ametiasutuste, hotellide ja muude asutuste koristus- ja majapidamistööde juhatajad",Võru maakond,3
396,LABOUR_BALANCE,5153,Majahoidjad,Järva maakond,3
396,LABOUR_BALANCE,5164,Lemmikloomade hooldajad,Lääne maakond,3
396,LABOUR_BALANCE,5164,Lemmikloomade hooldajad,Põlva maakond,4
396,LABOUR_BALANCE,5165,Sõiduinstruktorid,Tartu maakond,4
396,LABOUR_BALANCE,5165,Sõiduinstruktorid,Valga maakond,3
396,LABOUR_BALANCE,5169,Mujal liigitamata isikuteenindajad,Tartu maakond,3
396,LABOUR_BALANCE,5211,Kioski- ja turumüüjad,Kogu Eesti,3
396,LABOUR_BALANCE,5211,Kioski- ja turumüüjad,Harju maakond,3
396,LABOUR_BALANCE,5211,Kioski- ja turumüüjad,Ida-Viru maakond,3
396,LABOUR_BALANCE,5211,Kioski- ja turumüüjad,Lääne maakond,3
396,LABOUR_BALANCE,5211,Kioski- ja turumüüjad,Põlva maakond,3
396,LABOUR_BALANCE,5211,Kioski- ja turumüüjad,Pärnu maakond,3
396,LABOUR_BALANCE,5211,Kioski- ja turumüüjad,Tartu maakond,3
396,LABOUR_BALANCE,5211,Kioski- ja turumüüjad,Viljandi maakond,3
396,LABOUR_BALANCE,5222,Müüjate vahetuseülemad,Kogu Eesti,4
396,LABOUR_BALANCE,5222,Müüjate vahetuseülemad,Harju maakond,4
396,LABOUR_BALANCE,5222,Müüjate vahetuseülemad,Hiiu maakond,3
396,LABOUR_BALANCE,5222,Müüjate vahetuseülemad,Jõgeva maakond,3
396,LABOUR_BALANCE,5222,Müüjate vahetuseülemad,Järva maakond,3
396,LABOUR_BALANCE,5222,Müüjate vahetuseülemad,Lääne maakond,3
396,LABOUR_BALANCE,5222,Müüjate vahetuseülemad,Lääne-Viru maakond,3
396,LABOUR_BALANCE,5222,Müüjate vahetuseülemad,Põlva maakond,3
396,LABOUR_BALANCE,5222,Müüjate vahetuseülemad,Pärnu maakond,4
396,LABOUR_BALANCE,5222,Müüjate vahetuseülemad,Rapla maakond,3
396,LABOUR_BALANCE,5222,Müüjate vahetuseülemad,Saare maakond,3
396,LABOUR_BALANCE,5222,Müüjate vahetuseülemad,Tartu maakond,3
396,LABOUR_BALANCE,5222,Müüjate vahetuseülemad,Valga maakond,3
396,LABOUR_BALANCE,5222,Müüjate vahetuseülemad,Viljandi maakond,3
396,LABOUR_BALANCE,5222,Müüjate vahetuseülemad,Võru maakond,3
396,LABOUR_BALANCE,5223,Poemüüjad,Kogu Eesti,3
396,LABOUR_BALANCE,5223,Poemüüjad,Harju maakond,3
396,LABOUR_BALANCE,5223,Poemüüjad,Hiiu maakond,2
396,LABOUR_BALANCE,5223,Poemüüjad,Ida-Viru maakond,2
396,LABOUR_BALANCE,5223,Poemüüjad,Jõgeva maakond,3
396,LABOUR_BALANCE,5223,Poemüüjad,Järva maakond,3
396,LABOUR_BALANCE,5223,Poemüüjad,Lääne maakond,3
396,LABOUR_BALANCE,5223,Poemüüjad,Lääne-Viru maakond,3
396,LABOUR_BALANCE,5223,Poemüüjad,Põlva maakond,3
396,LABOUR_BALANCE,5223,Poemüüjad,Pärnu maakond,4
396,LABOUR_BALANCE,5223,Poemüüjad,Rapla maakond,2
396,LABOUR_BALANCE,5223,Poemüüjad,Saare maakond,2
396,LABOUR_BALANCE,5223,Poemüüjad,Tartu maakond,3
396,LABOUR_BALANCE,5223,Poemüüjad,Valga maakond,3
396,LABOUR_BALANCE,5223,Poemüüjad,Viljandi maakond,3
396,LABOUR_BALANCE,5223,Poemüüjad,Võru maakond,2
396,LABOUR_BALANCE,5230,Kassapidajad ja piletimüüjad,Kogu Eesti,3
396,LABOUR_BALANCE,5230,Kassapidajad ja piletimüüjad,Harju maakond,3
396,LABOUR_BALANCE,5230,Kassapidajad ja piletimüüjad,Ida-Viru maakond,2
396,LABOUR_BALANCE,5230,Kassapidajad ja piletimüüjad,Jõgeva maakond,3
396,LABOUR_BALANCE,5230,Kassapidajad ja piletimüüjad,Järva maakond,3
396,LABOUR_BALANCE,5230,Kassapidajad ja piletimüüjad,Lääne maakond,3
396,LABOUR_BALANCE,5230,Kassapidajad ja piletimüüjad,Lääne-Viru maakond,3
396,LABOUR_BALANCE,5230,Kassapidajad ja piletimüüjad,Põlva maakond,3
396,LABOUR_BALANCE,5230,Kassapidajad ja piletimüüjad,Pärnu maakond,3
396,LABOUR_BALANCE,5230,Kassapidajad ja piletimüüjad,Saare maakond,3
396,LABOUR_BALANCE,5230,Kassapidajad ja piletimüüjad,Tartu maakond,3
396,LABOUR_BALANCE,5230,Kassapidajad ja piletimüüjad,Valga maakond,3
396,LABOUR_BALANCE,5230,Kassapidajad ja piletimüüjad,Viljandi maakond,3
396,LABOUR_BALANCE,5230,Kassapidajad ja piletimüüjad,Võru maakond,3
396,LABOUR_BALANCE,5244,Telefonimüügi agendid,Kogu Eesti,3
396,LABOUR_BALANCE,5244,Telefonimüügi agendid,Harju maakond,3
396,LABOUR_BALANCE,5244,Telefonimüügi agendid,Jõgeva maakond,4
396,LABOUR_BALANCE,5244,Telefonimüügi agendid,Järva maakond,3
396,LABOUR_BALANCE,5244,Telefonimüügi agendid,Lääne maakond,3
396,LABOUR_BALANCE,5244,Telefonimüügi agendid,Lääne-Viru maakond,3
396,LABOUR_BALANCE,5244,Telefonimüügi agendid,Pärnu maakond,4
396,LABOUR_BALANCE,5244,Telefonimüügi agendid,Saare maakond,3
396,LABOUR_BALANCE,5244,Telefonimüügi agendid,Tartu maakond,3
396,LABOUR_BALANCE,5244,Telefonimüügi agendid,Valga maakond,3
396,LABOUR_BALANCE,5244,Telefonimüügi agendid,Viljandi maakond,3
396,LABOUR_BALANCE,5244,Telefonimüügi agendid,Võru maakond,3
396,LABOUR_BALANCE,5245,Tanklatöötajad,Kogu Eesti,3
396,LABOUR_BALANCE,5245,Tanklatöötajad,Harju maakond,3
396,LABOUR_BALANCE,5245,Tanklatöötajad,Jõgeva maakond,4
396,LABOUR_BALANCE,5245,Tanklatöötajad,Järva maakond,3
396,LABOUR_BALANCE,5245,Tanklatöötajad,Lääne maakond,3
396,LABOUR_BALANCE,5245,Tanklatöötajad,Põlva maakond,4
396,LABOUR_BALANCE,5245,Tanklatöötajad,Pärnu maakond,3
396,LABOUR_BALANCE,5245,Tanklatöötajad,Rapla maakond,3
396,LABOUR_BALANCE,5245,Tanklatöötajad,Tartu maakond,3
396,LABOUR_BALANCE,5245,Tanklatöötajad,Valga maakond,3
396,LABOUR_BALANCE,5245,Tanklatöötajad,Viljandi maakond,3
396,LABOUR_BALANCE,5246,Toitlustuse letitöötajad,Kogu Eesti,3
396,LABOUR_BALANCE,5246,Toitlustuse letitöötajad,Harju maakond,3
396,LABOUR_BALANCE,5246,Toitlustuse letitöötajad,Hiiu maakond,3
396,LABOUR_BALANCE,5246,Toitlustuse letitöötajad,Ida-Viru maakond,3
396,LABOUR_BALANCE,5246,Toitlustuse letitöötajad,Jõgeva maakond,3
396,LABOUR_BALANCE,5246,Toitlustuse letitöötajad,Järva maakond,3
396,LABOUR_BALANCE,5246,Toitlustuse letitöötajad,Lääne maakond,3
396,LABOUR_BALANCE,5246,Toitlustuse letitöötajad,Lääne-Viru maakond,3
396,LABOUR_BALANCE,5246,Toitlustuse letitöötajad,Põlva maakond,3
396,LABOUR_BALANCE,5246,Toitlustuse letitöötajad,Pärnu maakond,3
396,LABOUR_BALANCE,5246,Toitlustuse letitöötajad,Rapla maakond,3
396,LABOUR_BALANCE,5246,Toitlustuse letitöötajad,Saare maakond,3
396,LABOUR_BALANCE,5246,Toitlustuse letitöötajad,Tartu maakond,3
396,LABOUR_BALANCE,5246,Toitlustuse letitöötajad,Valga maakond,3
396,LABOUR_BALANCE,5246,Toitlustuse letitöötajad,Viljandi maakond,3
396,LABOUR_BALANCE,5246,Toitlustuse letitöötajad,Võru maakond,3
396,LABOUR_BALANCE,5311,Lapsehoidjad kodus või lasteasutuses,Kogu Eesti,3
396,LABOUR_BALANCE,5311,Lapsehoidjad kodus või lasteasutuses,Harju maakond,3
396,LABOUR_BALANCE,5311,Lapsehoidjad kodus või lasteasutuses,Ida-Viru maakond,3
396,LABOUR_BALANCE,5311,Lapsehoidjad kodus või lasteasutuses,Jõgeva maakond,3
396,LABOUR_BALANCE,5311,Lapsehoidjad kodus või lasteasutuses,Lääne maakond,3
396,LABOUR_BALANCE,5311,Lapsehoidjad kodus või lasteasutuses,Lääne-Viru maakond,2
396,LABOUR_BALANCE,5311,Lapsehoidjad kodus või lasteasutuses,Põlva maakond,3
396,LABOUR_BALANCE,5311,Lapsehoidjad kodus või lasteasutuses,Rapla maakond,3
396,LABOUR_BALANCE,5311,Lapsehoidjad kodus või lasteasutuses,Saare maakond,3
396,LABOUR_BALANCE,5311,Lapsehoidjad kodus või lasteasutuses,Tartu maakond,3
396,LABOUR_BALANCE,5311,Lapsehoidjad kodus või lasteasutuses,Valga maakond,3
396,LABOUR_BALANCE,5311,Lapsehoidjad kodus või lasteasutuses,Viljandi maakond,3
396,LABOUR_BALANCE,5312,Õpetajaabid kodus või lasteasutuses,Kogu Eesti,3
396,LABOUR_BALANCE,5312,Õpetajaabid kodus või lasteasutuses,Harju maakond,3
396,LABOUR_BALANCE,5312,Õpetajaabid kodus või lasteasutuses,Hiiu maakond,3
396,LABOUR_BALANCE,5312,Õpetajaabid kodus või lasteasutuses,Ida-Viru maakond,3
396,LABOUR_BALANCE,5312,Õpetajaabid kodus või lasteasutuses,Jõgeva maakond,3
396,LABOUR_BALANCE,5312,Õpetajaabid kodus või lasteasutuses,Järva maakond,3
396,LABOUR_BALANCE,5312,Õpetajaabid kodus või lasteasutuses,Lääne maakond,3
396,LABOUR_BALANCE,5312,Õpetajaabid kodus või lasteasutuses,Lääne-Viru maakond,3
396,LABOUR_BALANCE,5312,Õpetajaabid kodus või lasteasutuses,Põlva maakond,3
396,LABOUR_BALANCE,5312,Õpetajaabid kodus või lasteasutuses,Pärnu maakond,3
396,LABOUR_BALANCE,5312,Õpetajaabid kodus või lasteasutuses,Rapla maakond,3
396,LABOUR_BALANCE,5312,Õpetajaabid kodus või lasteasutuses,Saare maakond,3
396,LABOUR_BALANCE,5312,Õpetajaabid kodus või lasteasutuses,Tartu maakond,3
396,LABOUR_BALANCE,5312,Õpetajaabid kodus või lasteasutuses,Valga maakond,2
396,LABOUR_BALANCE,5312,Õpetajaabid kodus või lasteasutuses,Viljandi maakond,3
396,LABOUR_BALANCE,5312,Õpetajaabid kodus või lasteasutuses,Võru maakond,3
396,LABOUR_BALANCE,5321,Hooldajad tervishoiuasutustes,Kogu Eesti,4
396,LABOUR_BALANCE,5321,Hooldajad tervishoiuasutustes,Harju maakond,4
396,LABOUR_BALANCE,5321,Hooldajad tervishoiuasutustes,Hiiu maakond,3
396,LABOUR_BALANCE,5321,Hooldajad tervishoiuasutustes,Ida-Viru maakond,3
396,LABOUR_BALANCE,5321,Hooldajad tervishoiuasutustes,Jõgeva maakond,4
396,LABOUR_BALANCE,5321,Hooldajad tervishoiuasutustes,Järva maakond,5
396,LABOUR_BALANCE,5321,Hooldajad tervishoiuasutustes,Lääne maakond,3
396,LABOUR_BALANCE,5321,Hooldajad tervishoiuasutustes,Lääne-Viru maakond,4
396,LABOUR_BALANCE,5321,Hooldajad tervishoiuasutustes,Põlva maakond,5
396,LABOUR_BALANCE,5321,Hooldajad tervishoiuasutustes,Pärnu maakond,4
396,LABOUR_BALANCE,5321,Hooldajad tervishoiuasutustes,Rapla maakond,4
396,LABOUR_BALANCE,5321,Hooldajad tervishoiuasutustes,Saare maakond,3
396,LABOUR_BALANCE,5321,Hooldajad tervishoiuasutustes,Tartu maakond,4
396,LABOUR_BALANCE,5321,Hooldajad tervishoiuasutustes,Valga maakond,4
396,LABOUR_BALANCE,5321,Hooldajad tervishoiuasutustes,Viljandi maakond,3
396,LABOUR_BALANCE,5321,Hooldajad tervishoiuasutustes,Võru maakond,4
396,LABOUR_BALANCE,5322,Hooldajad kodus,Kogu Eesti,4
396,LABOUR_BALANCE,5322,Hooldajad kodus,Harju maakond,4
396,LABOUR_BALANCE,5322,Hooldajad kodus,Hiiu maakond,3
396,LABOUR_BALANCE,5322,Hooldajad kodus,Ida-Viru maakond,3
396,LABOUR_BALANCE,5322,Hooldajad kodus,Jõgeva maakond,4
396,LABOUR_BALANCE,5322,Hooldajad kodus,Järva maakond,4
396,LABOUR_BALANCE,5322,Hooldajad kodus,Lääne maakond,3
396,LABOUR_BALANCE,5322,Hooldajad kodus,Lääne-Viru maakond,3
396,LABOUR_BALANCE,5322,Hooldajad kodus,Põlva maakond,3
396,LABOUR_BALANCE,5322,Hooldajad kodus,Pärnu maakond,4
396,LABOUR_BALANCE,5322,Hooldajad kodus,Rapla maakond,3
396,LABOUR_BALANCE,5322,Hooldajad kodus,Saare maakond,3
396,LABOUR_BALANCE,5322,Hooldajad kodus,Tartu maakond,4
396,LABOUR_BALANCE,5322,Hooldajad kodus,Valga maakond,3
396,LABOUR_BALANCE,5322,Hooldajad kodus,Viljandi maakond,3
396,LABOUR_BALANCE,5322,Hooldajad kodus,Võru maakond,3
396,LABOUR_BALANCE,5411,Päästjad ja tuletõrjujad,Kogu Eesti,3
396,LABOUR_BALANCE,5411,Päästjad ja tuletõrjujad,Harju maakond,3
396,LABOUR_BALANCE,5411,Päästjad ja tuletõrjujad,Hiiu maakond,3
396,LABOUR_BALANCE,5411,Päästjad ja tuletõrjujad,Ida-Viru maakond,4
396,LABOUR_BALANCE,5411,Päästjad ja tuletõrjujad,Jõgeva maakond,3
396,LABOUR_BALANCE,5411,Päästjad ja tuletõrjujad,Järva maakond,3
396,LABOUR_BALANCE,5411,Päästjad ja tuletõrjujad,Lääne maakond,3
396,LABOUR_BALANCE,5411,Päästjad ja tuletõrjujad,Lääne-Viru maakond,3
396,LABOUR_BALANCE,5411,Päästjad ja tuletõrjujad,Põlva maakond,3
396,LABOUR_BALANCE,5411,Päästjad ja tuletõrjujad,Pärnu maakond,4
396,LABOUR_BALANCE,5411,Päästjad ja tuletõrjujad,Rapla maakond,3
396,LABOUR_BALANCE,5411,Päästjad ja tuletõrjujad,Saare maakond,3
396,LABOUR_BALANCE,5411,Päästjad ja tuletõrjujad,Tartu maakond,3
396,LABOUR_BALANCE,5411,Päästjad ja tuletõrjujad,Valga maakond,3
396,LABOUR_BALANCE,5411,Päästjad ja tuletõrjujad,Viljandi maakond,3
396,LABOUR_BALANCE,5411,Päästjad ja tuletõrjujad,Võru maakond,3
396,LABOUR_BALANCE,5412,Politseinikud,Kogu Eesti,3
396,LABOUR_BALANCE,5412,Politseinikud,Harju maakond,3
396,LABOUR_BALANCE,5412,Politseinikud,Hiiu maakond,3
396,LABOUR_BALANCE,5412,Politseinikud,Ida-Viru maakond,4
396,LABOUR_BALANCE,5412,Politseinikud,Jõgeva maakond,3
396,LABOUR_BALANCE,5412,Politseinikud,Järva maakond,3
396,LABOUR_BALANCE,5412,Politseinikud,Lääne maakond,3
396,LABOUR_BALANCE,5412,Politseinikud,Lääne-Viru maakond,3
396,LABOUR_BALANCE,5412,Politseinikud,Põlva maakond,3
396,LABOUR_BALANCE,5412,Politseinikud,Pärnu maakond,4
396,LABOUR_BALANCE,5412,Politseinikud,Rapla maakond,3
396,LABOUR_BALANCE,5412,Politseinikud,Saare maakond,3
396,LABOUR_BALANCE,5412,Politseinikud,Tartu maakond,3
396,LABOUR_BALANCE,5412,Politseinikud,Valga maakond,3
396,LABOUR_BALANCE,5412,Politseinikud,Viljandi maakond,3
396,LABOUR_BALANCE,5412,Politseinikud,Võru maakond,3
396,LABOUR_BALANCE,5413,Vangivalvurid,Ida-Viru maakond,3
396,LABOUR_BALANCE,5413,Vangivalvurid,Tartu maakond,3
396,LABOUR_BALANCE,5414,Turvatöötajad,Kogu Eesti,4
396,LABOUR_BALANCE,5414,Turvatöötajad,Harju maakond,4
396,LABOUR_BALANCE,5414,Turvatöötajad,Hiiu maakond,3
396,LABOUR_BALANCE,5414,Turvatöötajad,Ida-Viru maakond,3
396,LABOUR_BALANCE,5414,Turvatöötajad,Jõgeva maakond,3
396,LABOUR_BALANCE,5414,Turvatöötajad,Järva maakond,3
396,LABOUR_BALANCE,5414,Turvatöötajad,Lääne maakond,3
396,LABOUR_BALANCE,5414,Turvatöötajad,Lääne-Viru maakond,2
396,LABOUR_BALANCE,5414,Turvatöötajad,Põlva maakond,3
396,LABOUR_BALANCE,5414,Turvatöötajad,Pärnu maakond,4
396,LABOUR_BALANCE,5414,Turvatöötajad,Rapla maakond,3
396,LABOUR_BALANCE,5414,Turvatöötajad,Saare maakond,3
396,LABOUR_BALANCE,5414,Turvatöötajad,Tartu maakond,3
396,LABOUR_BALANCE,5414,Turvatöötajad,Valga maakond,3
396,LABOUR_BALANCE,5414,Turvatöötajad,Viljandi maakond,3
396,LABOUR_BALANCE,5414,Turvatöötajad,Võru maakond,3
396,LABOUR_BALANCE,5419,Mujal liigitamata kaitseteenindajad,Kogu Eesti,3
396,LABOUR_BALANCE,5419,Mujal liigitamata kaitseteenindajad,Harju maakond,3
396,LABOUR_BALANCE,5419,Mujal liigitamata kaitseteenindajad,Järva maakond,3
396,LABOUR_BALANCE,5419,Mujal liigitamata kaitseteenindajad,Valga maakond,3
396,LABOUR_BALANCE,6112,Puuvilja- ja marjakasvatajad,Põlva maakond,3
396,LABOUR_BALANCE,6113,"Aednikud, puukooli töötajad ja istikukasvatajad",Kogu Eesti,3
396,LABOUR_BALANCE,6113,"Aednikud, puukooli töötajad ja istikukasvatajad",Harju maakond,3
396,LABOUR_BALANCE,6113,"Aednikud, puukooli töötajad ja istikukasvatajad",Jõgeva maakond,3
396,LABOUR_BALANCE,6113,"Aednikud, puukooli töötajad ja istikukasvatajad",Järva maakond,3
396,LABOUR_BALANCE,6113,"Aednikud, puukooli töötajad ja istikukasvatajad",Lääne-Viru maakond,3
396,LABOUR_BALANCE,6113,"Aednikud, puukooli töötajad ja istikukasvatajad",Põlva maakond,3
396,LABOUR_BALANCE,6113,"Aednikud, puukooli töötajad ja istikukasvatajad",Pärnu maakond,3
396,LABOUR_BALANCE,6113,"Aednikud, puukooli töötajad ja istikukasvatajad",Rapla maakond,3
396,LABOUR_BALANCE,6113,"Aednikud, puukooli töötajad ja istikukasvatajad",Saare maakond,3
396,LABOUR_BALANCE,6113,"Aednikud, puukooli töötajad ja istikukasvatajad",Tartu maakond,3
396,LABOUR_BALANCE,6113,"Aednikud, puukooli töötajad ja istikukasvatajad",Valga maakond,3
396,LABOUR_BALANCE,6113,"Aednikud, puukooli töötajad ja istikukasvatajad",Viljandi maakond,3
396,LABOUR_BALANCE,6113,"Aednikud, puukooli töötajad ja istikukasvatajad",Võru maakond,3
396,LABOUR_BALANCE,6121,Loomakasvatajad,Kogu Eesti,3
396,LABOUR_BALANCE,6121,Loomakasvatajad,Harju maakond,3
396,LABOUR_BALANCE,6121,Loomakasvatajad,Jõgeva maakond,4
396,LABOUR_BALANCE,6121,Loomakasvatajad,Järva maakond,4
396,LABOUR_BALANCE,6121,Loomakasvatajad,Lääne maakond,4
396,LABOUR_BALANCE,6121,Loomakasvatajad,Lääne-Viru maakond,4
396,LABOUR_BALANCE,6121,Loomakasvatajad,Põlva maakond,4
396,LABOUR_BALANCE,6121,Loomakasvatajad,Pärnu maakond,4
396,LABOUR_BALANCE,6121,Loomakasvatajad,Rapla maakond,3
396,LABOUR_BALANCE,6121,Loomakasvatajad,Saare maakond,4
396,LABOUR_BALANCE,6121,Loomakasvatajad,Tartu maakond,3
396,LABOUR_BALANCE,6121,Loomakasvatajad,Valga maakond,4
396,LABOUR_BALANCE,6121,Loomakasvatajad,Viljandi maakond,4
396,LABOUR_BALANCE,6121,Loomakasvatajad,Võru maakond,3
396,LABOUR_BALANCE,6122,Linnukasvatajad,Lääne-Viru maakond,3
396,LABOUR_BALANCE,6210,Metsanduse jms oskustöötajad,Kogu Eesti,3
396,LABOUR_BALANCE,6210,Metsanduse jms oskustöötajad,Hiiu maakond,3
396,LABOUR_BALANCE,6210,Metsanduse jms oskustöötajad,Ida-Viru maakond,4
396,LABOUR_BALANCE,6210,Metsanduse jms oskustöötajad,Jõgeva maakond,3
396,LABOUR_BALANCE,6210,Metsanduse jms oskustöötajad,Järva maakond,3
396,LABOUR_BALANCE,6210,Metsanduse jms oskustöötajad,Lääne maakond,3
396,LABOUR_BALANCE,6210,Metsanduse jms oskustöötajad,Lääne-Viru maakond,3
396,LABOUR_BALANCE,6210,Metsanduse jms oskustöötajad,Põlva maakond,4
396,LABOUR_BALANCE,6210,Metsanduse jms oskustöötajad,Pärnu maakond,4
396,LABOUR_BALANCE,6210,Metsanduse jms oskustöötajad,Rapla maakond,4
396,LABOUR_BALANCE,6210,Metsanduse jms oskustöötajad,Saare maakond,3
396,LABOUR_BALANCE,6210,Metsanduse jms oskustöötajad,Tartu maakond,3
396,LABOUR_BALANCE,6210,Metsanduse jms oskustöötajad,Valga maakond,2
396,LABOUR_BALANCE,6210,Metsanduse jms oskustöötajad,Viljandi maakond,3
396,LABOUR_BALANCE,6210,Metsanduse jms oskustöötajad,Võru maakond,3
396,LABOUR_BALANCE,6222,Sisevete- ja rannapüügikalurid,Hiiu maakond,3
396,LABOUR_BALANCE,7111,Üldehitajad,Kogu Eesti,3
396,LABOUR_BALANCE,7111,Üldehitajad,Harju maakond,3
396,LABOUR_BALANCE,7111,Üldehitajad,Hiiu maakond,3
396,LABOUR_BALANCE,7111,Üldehitajad,Ida-Viru maakond,2
396,LABOUR_BALANCE,7111,Üldehitajad,Jõgeva maakond,3
396,LABOUR_BALANCE,7111,Üldehitajad,Järva maakond,3
396,LABOUR_BALANCE,7111,Üldehitajad,Lääne maakond,2
396,LABOUR_BALANCE,7111,Üldehitajad,Lääne-Viru maakond,2
396,LABOUR_BALANCE,7111,Üldehitajad,Põlva maakond,4
396,LABOUR_BALANCE,7111,Üldehitajad,Pärnu maakond,3
396,LABOUR_BALANCE,7111,Üldehitajad,Rapla maakond,2
396,LABOUR_BALANCE,7111,Üldehitajad,Saare maakond,3
396,LABOUR_BALANCE,7111,Üldehitajad,Tartu maakond,3
396,LABOUR_BALANCE,7111,Üldehitajad,Valga maakond,3
396,LABOUR_BALANCE,7111,Üldehitajad,Viljandi maakond,4
396,LABOUR_BALANCE,7111,Üldehitajad,Võru maakond,4
396,LABOUR_BALANCE,7112,Müürsepad jms töötajad,Kogu Eesti,3
396,LABOUR_BALANCE,7112,Müürsepad jms töötajad,Harju maakond,3
396,LABOUR_BALANCE,7112,Müürsepad jms töötajad,Ida-Viru maakond,3
396,LABOUR_BALANCE,7112,Müürsepad jms töötajad,Jõgeva maakond,3
396,LABOUR_BALANCE,7112,Müürsepad jms töötajad,Lääne maakond,3
396,LABOUR_BALANCE,7112,Müürsepad jms töötajad,Pärnu maakond,4
396,LABOUR_BALANCE,7112,Müürsepad jms töötajad,Rapla maakond,3
396,LABOUR_BALANCE,7112,Müürsepad jms töötajad,Saare maakond,3
396,LABOUR_BALANCE,7112,Müürsepad jms töötajad,Tartu maakond,3
396,LABOUR_BALANCE,7112,Müürsepad jms töötajad,Viljandi maakond,3
396,LABOUR_BALANCE,7112,Müürsepad jms töötajad,Võru maakond,3
396,LABOUR_BALANCE,7113,"Kiviraidurid, tahujad jms töötajad",Lääne maakond,3
396,LABOUR_BALANCE,7113,"Kiviraidurid, tahujad jms töötajad",Rapla maakond,3
396,LABOUR_BALANCE,7114,"Betoonijad, betoonpindade viimistlejad jms alade töötajad",Kogu Eesti,3
396,LABOUR_BALANCE,7114,"Betoonijad, betoonpindade viimistlejad jms alade töötajad",Harju maakond,3
396,LABOUR_BALANCE,7114,"Betoonijad, betoonpindade viimistlejad jms alade töötajad",Ida-Viru maakond,3
396,LABOUR_BALANCE,7114,"Betoonijad, betoonpindade viimistlejad jms alade töötajad",Lääne maakond,3
396,LABOUR_BALANCE,7114,"Betoonijad, betoonpindade viimistlejad jms alade töötajad",Lääne-Viru maakond,3
396,LABOUR_BALANCE,7114,"Betoonijad, betoonpindade viimistlejad jms alade töötajad",Pärnu maakond,4
396,LABOUR_BALANCE,7114,"Betoonijad, betoonpindade viimistlejad jms alade töötajad",Rapla maakond,4
396,LABOUR_BALANCE,7114,"Betoonijad, betoonpindade viimistlejad jms alade töötajad",Tartu maakond,3
396,LABOUR_BALANCE,7114,"Betoonijad, betoonpindade viimistlejad jms alade töötajad",Valga maakond,3
396,LABOUR_BALANCE,7114,"Betoonijad, betoonpindade viimistlejad jms alade töötajad",Võru maakond,3
396,LABOUR_BALANCE,7115,Puusepad,Kogu Eesti,3
396,LABOUR_BALANCE,7115,Puusepad,Harju maakond,3
396,LABOUR_BALANCE,7115,Puusepad,Hiiu maakond,3
396,LABOUR_BALANCE,7115,Puusepad,Ida-Viru maakond,3
396,LABOUR_BALANCE,7115,Puusepad,Jõgeva maakond,3
396,LABOUR_BALANCE,7115,Puusepad,Järva maakond,3
396,LABOUR_BALANCE,7115,Puusepad,Lääne maakond,3
396,LABOUR_BALANCE,7115,Puusepad,Lääne-Viru maakond,3
396,LABOUR_BALANCE,7115,Puusepad,Põlva maakond,3
396,LABOUR_BALANCE,7115,Puusepad,Pärnu maakond,3
396,LABOUR_BALANCE,7115,Puusepad,Rapla maakond,4
396,LABOUR_BALANCE,7115,Puusepad,Saare maakond,3
396,LABOUR_BALANCE,7115,Puusepad,Tartu maakond,3
396,LABOUR_BALANCE,7115,Puusepad,Valga maakond,3
396,LABOUR_BALANCE,7115,Puusepad,Viljandi maakond,3
396,LABOUR_BALANCE,7115,Puusepad,Võru maakond,3
396,LABOUR_BALANCE,7119,Mujal liigitamata üldehitustöölised,Kogu Eesti,3
396,LABOUR_BALANCE,7119,Mujal liigitamata üldehitustöölised,Harju maakond,3
396,LABOUR_BALANCE,7119,Mujal liigitamata üldehitustöölised,Hiiu maakond,3
396,LABOUR_BALANCE,7119,Mujal liigitamata üldehitustöölised,Ida-Viru maakond,3
396,LABOUR_BALANCE,7119,Mujal liigitamata üldehitustöölised,Jõgeva maakond,3
396,LABOUR_BALANCE,7119,Mujal liigitamata üldehitustöölised,Järva maakond,3
396,LABOUR_BALANCE,7119,Mujal liigitamata üldehitustöölised,Lääne maakond,3
396,LABOUR_BALANCE,7119,Mujal liigitamata üldehitustöölised,Lääne-Viru maakond,3
396,LABOUR_BALANCE,7119,Mujal liigitamata üldehitustöölised,Põlva maakond,3
396,LABOUR_BALANCE,7119,Mujal liigitamata üldehitustöölised,Pärnu maakond,3
396,LABOUR_BALANCE,7119,Mujal liigitamata üldehitustöölised,Rapla maakond,3
396,LABOUR_BALANCE,7119,Mujal liigitamata üldehitustöölised,Saare maakond,3
396,LABOUR_BALANCE,7119,Mujal liigitamata üldehitustöölised,Tartu maakond,3
396,LABOUR_BALANCE,7119,Mujal liigitamata üldehitustöölised,Valga maakond,3
396,LABOUR_BALANCE,7119,Mujal liigitamata üldehitustöölised,Viljandi maakond,3
396,LABOUR_BALANCE,7119,Mujal liigitamata üldehitustöölised,Võru maakond,3
396,LABOUR_BALANCE,7121,Katusekatjad,Kogu Eesti,3
396,LABOUR_BALANCE,7121,Katusekatjad,Harju maakond,3
396,LABOUR_BALANCE,7121,Katusekatjad,Järva maakond,3
396,LABOUR_BALANCE,7121,Katusekatjad,Lääne-Viru maakond,3
396,LABOUR_BALANCE,7121,Katusekatjad,Rapla maakond,3
396,LABOUR_BALANCE,7121,Katusekatjad,Saare maakond,3
396,LABOUR_BALANCE,7121,Katusekatjad,Tartu maakond,3
396,LABOUR_BALANCE,7121,Katusekatjad,Valga maakond,3
396,LABOUR_BALANCE,7122,Põrandategijad ja plaatijad,Kogu Eesti,3
396,LABOUR_BALANCE,7122,Põrandategijad ja plaatijad,Harju maakond,3
396,LABOUR_BALANCE,7122,Põrandategijad ja plaatijad,Järva maakond,3
396,LABOUR_BALANCE,7122,Põrandategijad ja plaatijad,Lääne maakond,3
396,LABOUR_BALANCE,7122,Põrandategijad ja plaatijad,Pärnu maakond,3
396,LABOUR_BALANCE,7122,Põrandategijad ja plaatijad,Rapla maakond,3
396,LABOUR_BALANCE,7122,Põrandategijad ja plaatijad,Viljandi maakond,3
396,LABOUR_BALANCE,7122,Põrandategijad ja plaatijad,Võru maakond,3
396,LABOUR_BALANCE,7124,Isoleerijad,Ida-Viru maakond,3
396,LABOUR_BALANCE,7126,Torulukksepad,Kogu Eesti,4
396,LABOUR_BALANCE,7126,Torulukksepad,Harju maakond,4
396,LABOUR_BALANCE,7126,Torulukksepad,Ida-Viru maakond,3
396,LABOUR_BALANCE,7126,Torulukksepad,Jõgeva maakond,4
396,LABOUR_BALANCE,7126,Torulukksepad,Järva maakond,3
396,LABOUR_BALANCE,7126,Torulukksepad,Lääne maakond,4
396,LABOUR_BALANCE,7126,Torulukksepad,Lääne-Viru maakond,3
396,LABOUR_BALANCE,7126,Torulukksepad,Põlva maakond,4
396,LABOUR_BALANCE,7126,Torulukksepad,Pärnu maakond,4
396,LABOUR_BALANCE,7126,Torulukksepad,Rapla maakond,3
396,LABOUR_BALANCE,7126,Torulukksepad,Saare maakond,3
396,LABOUR_BALANCE,7126,Torulukksepad,Tartu maakond,4
396,LABOUR_BALANCE,7126,Torulukksepad,Valga maakond,3
396,LABOUR_BALANCE,7126,Torulukksepad,Viljandi maakond,4
396,LABOUR_BALANCE,7126,Torulukksepad,Võru maakond,3
396,LABOUR_BALANCE,7127,Õhukonditsioneeride ja külmutusseadmete mehaanikud,Viljandi maakond,3
396,LABOUR_BALANCE,7131,Maalrid jms töötajad,Kogu Eesti,3
396,LABOUR_BALANCE,7131,Maalrid jms töötajad,Harju maakond,3
396,LABOUR_BALANCE,7131,Maalrid jms töötajad,Hiiu maakond,3
396,LABOUR_BALANCE,7131,Maalrid jms töötajad,Ida-Viru maakond,3
396,LABOUR_BALANCE,7131,Maalrid jms töötajad,Jõgeva maakond,3
396,LABOUR_BALANCE,7131,Maalrid jms töötajad,Järva maakond,3
396,LABOUR_BALANCE,7131,Maalrid jms töötajad,Lääne maakond,3
396,LABOUR_BALANCE,7131,Maalrid jms töötajad,Lääne-Viru maakond,3
396,LABOUR_BALANCE,7131,Maalrid jms töötajad,Põlva maakond,4
396,LABOUR_BALANCE,7131,Maalrid jms töötajad,Pärnu maakond,3
396,LABOUR_BALANCE,7131,Maalrid jms töötajad,Rapla maakond,3
396,LABOUR_BALANCE,7131,Maalrid jms töötajad,Saare maakond,3
396,LABOUR_BALANCE,7131,Maalrid jms töötajad,Tartu maakond,3
396,LABOUR_BALANCE,7131,Maalrid jms töötajad,Valga maakond,3
396,LABOUR_BALANCE,7131,Maalrid jms töötajad,Viljandi maakond,3
396,LABOUR_BALANCE,7131,Maalrid jms töötajad,Võru maakond,4
396,LABOUR_BALANCE,7132,Pihustusseadmetega värvijad-lakkijad,Kogu Eesti,3
396,LABOUR_BALANCE,7132,Pihustusseadmetega värvijad-lakkijad,Harju maakond,3
396,LABOUR_BALANCE,7132,Pihustusseadmetega värvijad-lakkijad,Ida-Viru maakond,4
396,LABOUR_BALANCE,7132,Pihustusseadmetega värvijad-lakkijad,Jõgeva maakond,3
396,LABOUR_BALANCE,7132,Pihustusseadmetega värvijad-lakkijad,Järva maakond,3
396,LABOUR_BALANCE,7132,Pihustusseadmetega värvijad-lakkijad,Lääne maakond,3
396,LABOUR_BALANCE,7132,Pihustusseadmetega värvijad-lakkijad,Lääne-Viru maakond,3
396,LABOUR_BALANCE,7132,Pihustusseadmetega värvijad-lakkijad,Pärnu maakond,3
396,LABOUR_BALANCE,7132,Pihustusseadmetega värvijad-lakkijad,Rapla maakond,3
396,LABOUR_BALANCE,7132,Pihustusseadmetega värvijad-lakkijad,Tartu maakond,3
396,LABOUR_BALANCE,7132,Pihustusseadmetega värvijad-lakkijad,Valga maakond,3
396,LABOUR_BALANCE,7132,Pihustusseadmetega värvijad-lakkijad,Viljandi maakond,3
396,LABOUR_BALANCE,7132,Pihustusseadmetega värvijad-lakkijad,Võru maakond,4
396,LABOUR_BALANCE,7133,Ehitustarindite puhastajad,Ida-Viru maakond,3
396,LABOUR_BALANCE,7212,Keevitajad ja leeklõikajad,Kogu Eesti,4
396,LABOUR_BALANCE,7212,Keevitajad ja leeklõikajad,Harju maakond,4
396,LABOUR_BALANCE,7212,Keevitajad ja leeklõikajad,Ida-Viru maakond,4
396,LABOUR_BALANCE,7212,Keevitajad ja leeklõikajad,Jõgeva maakond,4
396,LABOUR_BALANCE,7212,Keevitajad ja leeklõikajad,Järva maakond,3
396,LABOUR_BALANCE,7212,Keevitajad ja leeklõikajad,Lääne maakond,4
396,LABOUR_BALANCE,7212,Keevitajad ja leeklõikajad,Lääne-Viru maakond,4
396,LABOUR_BALANCE,7212,Keevitajad ja leeklõikajad,Põlva maakond,4
396,LABOUR_BALANCE,7212,Keevitajad ja leeklõikajad,Pärnu maakond,4
396,LABOUR_BALANCE,7212,Keevitajad ja leeklõikajad,Rapla maakond,3
396,LABOUR_BALANCE,7212,Keevitajad ja leeklõikajad,Saare maakond,3
396,LABOUR_BALANCE,7212,Keevitajad ja leeklõikajad,Tartu maakond,4
396,LABOUR_BALANCE,7212,Keevitajad ja leeklõikajad,Valga maakond,4
396,LABOUR_BALANCE,7212,Keevitajad ja leeklõikajad,Viljandi maakond,4
396,LABOUR_BALANCE,7212,Keevitajad ja leeklõikajad,Võru maakond,3
396,LABOUR_BALANCE,7213,Metalli töötlejad,Ida-Viru maakond,3
396,LABOUR_BALANCE,7213,Metalli töötlejad,Järva maakond,3
396,LABOUR_BALANCE,7213,Metalli töötlejad,Põlva maakond,4
396,LABOUR_BALANCE,7213,Metalli töötlejad,Võru maakond,3
396,LABOUR_BALANCE,7214,Metallkonstruktsioonide valmistajad ja montöörid,Kogu Eesti,4
396,LABOUR_BALANCE,7214,Metallkonstruktsioonide valmistajad ja montöörid,Harju maakond,4
396,LABOUR_BALANCE,7214,Metallkonstruktsioonide valmistajad ja montöörid,Ida-Viru maakond,3
396,LABOUR_BALANCE,7214,Metallkonstruktsioonide valmistajad ja montöörid,Järva maakond,3
396,LABOUR_BALANCE,7214,Metallkonstruktsioonide valmistajad ja montöörid,Lääne maakond,3
396,LABOUR_BALANCE,7214,Metallkonstruktsioonide valmistajad ja montöörid,Rapla maakond,4
396,LABOUR_BALANCE,7214,Metallkonstruktsioonide valmistajad ja montöörid,Saare maakond,3
396,LABOUR_BALANCE,7214,Metallkonstruktsioonide valmistajad ja montöörid,Valga maakond,3
396,LABOUR_BALANCE,7214,Metallkonstruktsioonide valmistajad ja montöörid,Viljandi maakond,3
396,LABOUR_BALANCE,7214,Metallkonstruktsioonide valmistajad ja montöörid,Võru maakond,3
396,LABOUR_BALANCE,7222,Tööriistavalmistajad jms alade töötajad,Kogu Eesti,4
396,LABOUR_BALANCE,7222,Tööriistavalmistajad jms alade töötajad,Harju maakond,4
396,LABOUR_BALANCE,7222,Tööriistavalmistajad jms alade töötajad,Ida-Viru maakond,4
396,LABOUR_BALANCE,7222,Tööriistavalmistajad jms alade töötajad,Jõgeva maakond,4
396,LABOUR_BALANCE,7222,Tööriistavalmistajad jms alade töötajad,Järva maakond,3
396,LABOUR_BALANCE,7222,Tööriistavalmistajad jms alade töötajad,Lääne maakond,3
396,LABOUR_BALANCE,7222,Tööriistavalmistajad jms alade töötajad,Lääne-Viru maakond,3
396,LABOUR_BALANCE,7222,Tööriistavalmistajad jms alade töötajad,Põlva maakond,4
396,LABOUR_BALANCE,7222,Tööriistavalmistajad jms alade töötajad,Pärnu maakond,3
396,LABOUR_BALANCE,7222,Tööriistavalmistajad jms alade töötajad,Rapla maakond,3
396,LABOUR_BALANCE,7222,Tööriistavalmistajad jms alade töötajad,Tartu maakond,3
396,LABOUR_BALANCE,7222,Tööriistavalmistajad jms alade töötajad,Valga maakond,3
396,LABOUR_BALANCE,7222,Tööriistavalmistajad jms alade töötajad,Viljandi maakond,3
396,LABOUR_BALANCE,7222,Tööriistavalmistajad jms alade töötajad,Võru maakond,3
396,LABOUR_BALANCE,7223,Metallitöötluspinkide seadistajad ja operaatorid,Kogu Eesti,4
396,LABOUR_BALANCE,7223,Metallitöötluspinkide seadistajad ja operaatorid,Harju maakond,4
396,LABOUR_BALANCE,7223,Metallitöötluspinkide seadistajad ja operaatorid,Ida-Viru maakond,4
396,LABOUR_BALANCE,7223,Metallitöötluspinkide seadistajad ja operaatorid,Jõgeva maakond,4
396,LABOUR_BALANCE,7223,Metallitöötluspinkide seadistajad ja operaatorid,Järva maakond,4
396,LABOUR_BALANCE,7223,Metallitöötluspinkide seadistajad ja operaatorid,Lääne maakond,4
396,LABOUR_BALANCE,7223,Metallitöötluspinkide seadistajad ja operaatorid,Lääne-Viru maakond,3
396,LABOUR_BALANCE,7223,Metallitöötluspinkide seadistajad ja operaatorid,Pärnu maakond,4
396,LABOUR_BALANCE,7223,Metallitöötluspinkide seadistajad ja operaatorid,Rapla maakond,3
396,LABOUR_BALANCE,7223,Metallitöötluspinkide seadistajad ja operaatorid,Tartu maakond,4
396,LABOUR_BALANCE,7223,Metallitöötluspinkide seadistajad ja operaatorid,Valga maakond,4
396,LABOUR_BALANCE,7223,Metallitöötluspinkide seadistajad ja operaatorid,Viljandi maakond,3
396,LABOUR_BALANCE,7223,Metallitöötluspinkide seadistajad ja operaatorid,Võru maakond,3
396,LABOUR_BALANCE,7224,"Metallilihvijad ja -poleerijad, tööriistateritajad",Kogu Eesti,4
396,LABOUR_BALANCE,7224,"Metallilihvijad ja -poleerijad, tööriistateritajad",Harju maakond,4
396,LABOUR_BALANCE,7224,"Metallilihvijad ja -poleerijad, tööriistateritajad",Ida-Viru maakond,3
396,LABOUR_BALANCE,7224,"Metallilihvijad ja -poleerijad, tööriistateritajad",Jõgeva maakond,3
396,LABOUR_BALANCE,7224,"Metallilihvijad ja -poleerijad, tööriistateritajad",Lääne maakond,3
396,LABOUR_BALANCE,7224,"Metallilihvijad ja -poleerijad, tööriistateritajad",Lääne-Viru maakond,3
396,LABOUR_BALANCE,7224,"Metallilihvijad ja -poleerijad, tööriistateritajad",Pärnu maakond,3
396,LABOUR_BALANCE,7224,"Metallilihvijad ja -poleerijad, tööriistateritajad",Rapla maakond,3
396,LABOUR_BALANCE,7224,"Metallilihvijad ja -poleerijad, tööriistateritajad",Tartu maakond,3
396,LABOUR_BALANCE,7224,"Metallilihvijad ja -poleerijad, tööriistateritajad",Viljandi maakond,3
396,LABOUR_BALANCE,7231,Mootorsõidukite mehaanikud ja lukksepad,Kogu Eesti,4
396,LABOUR_BALANCE,7231,Mootorsõidukite mehaanikud ja lukksepad,Harju maakond,4
396,LABOUR_BALANCE,7231,Mootorsõidukite mehaanikud ja lukksepad,Hiiu maakond,4
396,LABOUR_BALANCE,7231,Mootorsõidukite mehaanikud ja lukksepad,Ida-Viru maakond,4
396,LABOUR_BALANCE,7231,Mootorsõidukite mehaanikud ja lukksepad,Jõgeva maakond,3
396,LABOUR_BALANCE,7231,Mootorsõidukite mehaanikud ja lukksepad,Järva maakond,3
396,LABOUR_BALANCE,7231,Mootorsõidukite mehaanikud ja lukksepad,Lääne maakond,4
396,LABOUR_BALANCE,7231,Mootorsõidukite mehaanikud ja lukksepad,Lääne-Viru maakond,3
396,LABOUR_BALANCE,7231,Mootorsõidukite mehaanikud ja lukksepad,Põlva maakond,4
396,LABOUR_BALANCE,7231,Mootorsõidukite mehaanikud ja lukksepad,Pärnu maakond,4
396,LABOUR_BALANCE,7231,Mootorsõidukite mehaanikud ja lukksepad,Rapla maakond,3
396,LABOUR_BALANCE,7231,Mootorsõidukite mehaanikud ja lukksepad,Saare maakond,3
396,LABOUR_BALANCE,7231,Mootorsõidukite mehaanikud ja lukksepad,Tartu maakond,4
396,LABOUR_BALANCE,7231,Mootorsõidukite mehaanikud ja lukksepad,Valga maakond,3
396,LABOUR_BALANCE,7231,Mootorsõidukite mehaanikud ja lukksepad,Viljandi maakond,4
396,LABOUR_BALANCE,7231,Mootorsõidukite mehaanikud ja lukksepad,Võru maakond,3
396,LABOUR_BALANCE,7233,Põllumajandus- ja tööstusmasinate mehaanikud ja lukksepad,Kogu Eesti,4
396,LABOUR_BALANCE,7233,Põllumajandus- ja tööstusmasinate mehaanikud ja lukksepad,Harju maakond,4
396,LABOUR_BALANCE,7233,Põllumajandus- ja tööstusmasinate mehaanikud ja lukksepad,Hiiu maakond,4
396,LABOUR_BALANCE,7233,Põllumajandus- ja tööstusmasinate mehaanikud ja lukksepad,Ida-Viru maakond,3
396,LABOUR_BALANCE,7233,Põllumajandus- ja tööstusmasinate mehaanikud ja lukksepad,Jõgeva maakond,4
396,LABOUR_BALANCE,7233,Põllumajandus- ja tööstusmasinate mehaanikud ja lukksepad,Järva maakond,4
396,LABOUR_BALANCE,7233,Põllumajandus- ja tööstusmasinate mehaanikud ja lukksepad,Lääne maakond,3
396,LABOUR_BALANCE,7233,Põllumajandus- ja tööstusmasinate mehaanikud ja lukksepad,Lääne-Viru maakond,4
396,LABOUR_BALANCE,7233,Põllumajandus- ja tööstusmasinate mehaanikud ja lukksepad,Põlva maakond,4
396,LABOUR_BALANCE,7233,Põllumajandus- ja tööstusmasinate mehaanikud ja lukksepad,Pärnu maakond,4
396,LABOUR_BALANCE,7233,Põllumajandus- ja tööstusmasinate mehaanikud ja lukksepad,Rapla maakond,3
396,LABOUR_BALANCE,7233,Põllumajandus- ja tööstusmasinate mehaanikud ja lukksepad,Saare maakond,4
396,LABOUR_BALANCE,7233,Põllumajandus- ja tööstusmasinate mehaanikud ja lukksepad,Tartu maakond,3
396,LABOUR_BALANCE,7233,Põllumajandus- ja tööstusmasinate mehaanikud ja lukksepad,Valga maakond,3
396,LABOUR_BALANCE,7233,Põllumajandus- ja tööstusmasinate mehaanikud ja lukksepad,Viljandi maakond,4
396,LABOUR_BALANCE,7233,Põllumajandus- ja tööstusmasinate mehaanikud ja lukksepad,Võru maakond,3
396,LABOUR_BALANCE,7315,"Klaasimeistrid, -lõikajad, -lihvijad ja -viimistlejad",Lääne maakond,3
396,LABOUR_BALANCE,7319,Mujal liigitamata käsitöölised,Kogu Eesti,3
396,LABOUR_BALANCE,7319,Mujal liigitamata käsitöölised,Harju maakond,3
396,LABOUR_BALANCE,7319,Mujal liigitamata käsitöölised,Ida-Viru maakond,3
396,LABOUR_BALANCE,7319,Mujal liigitamata käsitöölised,Järva maakond,3
396,LABOUR_BALANCE,7319,Mujal liigitamata käsitöölised,Põlva maakond,3
396,LABOUR_BALANCE,7319,Mujal liigitamata käsitöölised,Pärnu maakond,2
396,LABOUR_BALANCE,7319,Mujal liigitamata käsitöölised,Rapla maakond,3
396,LABOUR_BALANCE,7319,Mujal liigitamata käsitöölised,Saare maakond,3
396,LABOUR_BALANCE,7319,Mujal liigitamata käsitöölised,Tartu maakond,3
396,LABOUR_BALANCE,7319,Mujal liigitamata käsitöölised,Viljandi maakond,3
396,LABOUR_BALANCE,7319,Mujal liigitamata käsitöölised,Võru maakond,3
396,LABOUR_BALANCE,7323,Trükitööde viimistlejad ja köitjad,Viljandi maakond,3
396,LABOUR_BALANCE,7411,Ehituselektrikud,Kogu Eesti,4
396,LABOUR_BALANCE,7411,Ehituselektrikud,Harju maakond,4
396,LABOUR_BALANCE,7411,Ehituselektrikud,Hiiu maakond,3
396,LABOUR_BALANCE,7411,Ehituselektrikud,Ida-Viru maakond,3
396,LABOUR_BALANCE,7411,Ehituselektrikud,Jõgeva maakond,4
396,LABOUR_BALANCE,7411,Ehituselektrikud,Järva maakond,3
396,LABOUR_BALANCE,7411,Ehituselektrikud,Lääne maakond,4
396,LABOUR_BALANCE,7411,Ehituselektrikud,Lääne-Viru maakond,3
396,LABOUR_BALANCE,7411,Ehituselektrikud,Põlva maakond,4
396,LABOUR_BALANCE,7411,Ehituselektrikud,Pärnu maakond,4
396,LABOUR_BALANCE,7411,Ehituselektrikud,Rapla maakond,3
396,LABOUR_BALANCE,7411,Ehituselektrikud,Saare maakond,4
396,LABOUR_BALANCE,7411,Ehituselektrikud,Tartu maakond,4
396,LABOUR_BALANCE,7411,Ehituselektrikud,Valga maakond,3
396,LABOUR_BALANCE,7411,Ehituselektrikud,Viljandi maakond,4
396,LABOUR_BALANCE,7411,Ehituselektrikud,Võru maakond,4
396,LABOUR_BALANCE,7412,Elektriseadmete mehaanikud ja paigaldajad,Kogu Eesti,4
396,LABOUR_BALANCE,7412,Elektriseadmete mehaanikud ja paigaldajad,Harju maakond,4
396,LABOUR_BALANCE,7412,Elektriseadmete mehaanikud ja paigaldajad,Ida-Viru maakond,3
396,LABOUR_BALANCE,7412,Elektriseadmete mehaanikud ja paigaldajad,Saare maakond,4
396,LABOUR_BALANCE,7413,Elektriliinide paigaldajad ja hooldajad,Lääne maakond,3
396,LABOUR_BALANCE,7421,Elektroonikaseadmete mehaanikud ja hooldajad,Kogu Eesti,4
396,LABOUR_BALANCE,7421,Elektroonikaseadmete mehaanikud ja hooldajad,Harju maakond,4
396,LABOUR_BALANCE,7421,Elektroonikaseadmete mehaanikud ja hooldajad,Hiiu maakond,4
396,LABOUR_BALANCE,7511,"Lihunikud, kalatöötlejad jms toiduainete töötlejad",Kogu Eesti,3
396,LABOUR_BALANCE,7511,"Lihunikud, kalatöötlejad jms toiduainete töötlejad",Harju maakond,3
396,LABOUR_BALANCE,7511,"Lihunikud, kalatöötlejad jms toiduainete töötlejad",Hiiu maakond,3
396,LABOUR_BALANCE,7511,"Lihunikud, kalatöötlejad jms toiduainete töötlejad",Ida-Viru maakond,2
396,LABOUR_BALANCE,7511,"Lihunikud, kalatöötlejad jms toiduainete töötlejad",Jõgeva maakond,4
396,LABOUR_BALANCE,7511,"Lihunikud, kalatöötlejad jms toiduainete töötlejad",Lääne maakond,3
396,LABOUR_BALANCE,7511,"Lihunikud, kalatöötlejad jms toiduainete töötlejad",Lääne-Viru maakond,3
396,LABOUR_BALANCE,7511,"Lihunikud, kalatöötlejad jms toiduainete töötlejad",Põlva maakond,5
396,LABOUR_BALANCE,7511,"Lihunikud, kalatöötlejad jms toiduainete töötlejad",Pärnu maakond,4
396,LABOUR_BALANCE,7511,"Lihunikud, kalatöötlejad jms toiduainete töötlejad",Rapla maakond,2
396,LABOUR_BALANCE,7511,"Lihunikud, kalatöötlejad jms toiduainete töötlejad",Saare maakond,2
396,LABOUR_BALANCE,7511,"Lihunikud, kalatöötlejad jms toiduainete töötlejad",Tartu maakond,3
396,LABOUR_BALANCE,7511,"Lihunikud, kalatöötlejad jms toiduainete töötlejad",Valga maakond,3
396,LABOUR_BALANCE,7511,"Lihunikud, kalatöötlejad jms toiduainete töötlejad",Viljandi maakond,3
396,LABOUR_BALANCE,7511,"Lihunikud, kalatöötlejad jms toiduainete töötlejad",Võru maakond,4
396,LABOUR_BALANCE,7512,"Pagarid, kondiitrid ja maiustustevalmistajad",Kogu Eesti,3
396,LABOUR_BALANCE,7512,"Pagarid, kondiitrid ja maiustustevalmistajad",Harju maakond,3
396,LABOUR_BALANCE,7512,"Pagarid, kondiitrid ja maiustustevalmistajad",Ida-Viru maakond,3
396,LABOUR_BALANCE,7512,"Pagarid, kondiitrid ja maiustustevalmistajad",Jõgeva maakond,3
396,LABOUR_BALANCE,7512,"Pagarid, kondiitrid ja maiustustevalmistajad",Järva maakond,3
396,LABOUR_BALANCE,7512,"Pagarid, kondiitrid ja maiustustevalmistajad",Lääne maakond,4
396,LABOUR_BALANCE,7512,"Pagarid, kondiitrid ja maiustustevalmistajad",Lääne-Viru maakond,4
396,LABOUR_BALANCE,7512,"Pagarid, kondiitrid ja maiustustevalmistajad",Põlva maakond,4
396,LABOUR_BALANCE,7512,"Pagarid, kondiitrid ja maiustustevalmistajad",Pärnu maakond,3
396,LABOUR_BALANCE,7512,"Pagarid, kondiitrid ja maiustustevalmistajad",Saare maakond,3
396,LABOUR_BALANCE,7512,"Pagarid, kondiitrid ja maiustustevalmistajad",Tartu maakond,3
396,LABOUR_BALANCE,7512,"Pagarid, kondiitrid ja maiustustevalmistajad",Valga maakond,3
396,LABOUR_BALANCE,7512,"Pagarid, kondiitrid ja maiustustevalmistajad",Viljandi maakond,3
396,LABOUR_BALANCE,7512,"Pagarid, kondiitrid ja maiustustevalmistajad",Võru maakond,4
396,LABOUR_BALANCE,7513,Piimatöötlejad,Põlva maakond,4
396,LABOUR_BALANCE,7513,Piimatöötlejad,Võru maakond,3
396,LABOUR_BALANCE,7514,Puu- ja köögivilja ning marjade töötlejad,Jõgeva maakond,3
396,LABOUR_BALANCE,7514,Puu- ja köögivilja ning marjade töötlejad,Järva maakond,3
396,LABOUR_BALANCE,7515,Toidu ja jookide degusteerijad ja hindajad,Hiiu maakond,3
396,LABOUR_BALANCE,7515,Toidu ja jookide degusteerijad ja hindajad,Tartu maakond,3
396,LABOUR_BALANCE,7521,Puidutöötlejad,Kogu Eesti,3
396,LABOUR_BALANCE,7521,Puidutöötlejad,Harju maakond,3
396,LABOUR_BALANCE,7521,Puidutöötlejad,Ida-Viru maakond,3
396,LABOUR_BALANCE,7521,Puidutöötlejad,Jõgeva maakond,4
396,LABOUR_BALANCE,7521,Puidutöötlejad,Järva maakond,3
396,LABOUR_BALANCE,7521,Puidutöötlejad,Lääne maakond,3
396,LABOUR_BALANCE,7521,Puidutöötlejad,Lääne-Viru maakond,3
396,LABOUR_BALANCE,7521,Puidutöötlejad,Põlva maakond,3
396,LABOUR_BALANCE,7521,Puidutöötlejad,Pärnu maakond,3
396,LABOUR_BALANCE,7521,Puidutöötlejad,Rapla maakond,3
396,LABOUR_BALANCE,7521,Puidutöötlejad,Saare maakond,3
396,LABOUR_BALANCE,7521,Puidutöötlejad,Tartu maakond,3
396,LABOUR_BALANCE,7521,Puidutöötlejad,Valga maakond,3
396,LABOUR_BALANCE,7521,Puidutöötlejad,Viljandi maakond,3
396,LABOUR_BALANCE,7521,Puidutöötlejad,Võru maakond,3
396,LABOUR_BALANCE,7522,Tislerid jms töötajad,Kogu Eesti,3
396,LABOUR_BALANCE,7522,Tislerid jms töötajad,Harju maakond,4
396,LABOUR_BALANCE,7522,Tislerid jms töötajad,Ida-Viru maakond,3
396,LABOUR_BALANCE,7522,Tislerid jms töötajad,Jõgeva maakond,3
396,LABOUR_BALANCE,7522,Tislerid jms töötajad,Järva maakond,4
396,LABOUR_BALANCE,7522,Tislerid jms töötajad,Lääne maakond,3
396,LABOUR_BALANCE,7522,Tislerid jms töötajad,Lääne-Viru maakond,3
396,LABOUR_BALANCE,7522,Tislerid jms töötajad,Põlva maakond,4
396,LABOUR_BALANCE,7522,Tislerid jms töötajad,Pärnu maakond,2
396,LABOUR_BALANCE,7522,Tislerid jms töötajad,Rapla maakond,3
396,LABOUR_BALANCE,7522,Tislerid jms töötajad,Saare maakond,3
396,LABOUR_BALANCE,7522,Tislerid jms töötajad,Tartu maakond,3
396,LABOUR_BALANCE,7522,Tislerid jms töötajad,Valga maakond,3
396,LABOUR_BALANCE,7522,Tislerid jms töötajad,Viljandi maakond,3
396,LABOUR_BALANCE,7522,Tislerid jms töötajad,Võru maakond,3
396,LABOUR_BALANCE,7523,Puidutöötluspinkide seadistajad ja operaatorid,Kogu Eesti,4
396,LABOUR_BALANCE,7523,Puidutöötluspinkide seadistajad ja operaatorid,Ida-Viru maakond,3
396,LABOUR_BALANCE,7523,Puidutöötluspinkide seadistajad ja operaatorid,Jõgeva maakond,4
396,LABOUR_BALANCE,7523,Puidutöötluspinkide seadistajad ja operaatorid,Järva maakond,4
396,LABOUR_BALANCE,7523,Puidutöötluspinkide seadistajad ja operaatorid,Lääne maakond,4
396,LABOUR_BALANCE,7523,Puidutöötluspinkide seadistajad ja operaatorid,Lääne-Viru maakond,3
396,LABOUR_BALANCE,7523,Puidutöötluspinkide seadistajad ja operaatorid,Põlva maakond,4
396,LABOUR_BALANCE,7523,Puidutöötluspinkide seadistajad ja operaatorid,Rapla maakond,3
396,LABOUR_BALANCE,7523,Puidutöötluspinkide seadistajad ja operaatorid,Tartu maakond,4
396,LABOUR_BALANCE,7523,Puidutöötluspinkide seadistajad ja operaatorid,Valga maakond,3
396,LABOUR_BALANCE,7523,Puidutöötluspinkide seadistajad ja operaatorid,Viljandi maakond,4
396,LABOUR_BALANCE,7523,Puidutöötluspinkide seadistajad ja operaatorid,Võru maakond,3
396,LABOUR_BALANCE,7531,"Rätsepad, köösnerid ja kübarategijad",Tartu maakond,3
396,LABOUR_BALANCE,7532,Rõivaste jms toodete lekaalide tegijad ja juurdelõikajad,Valga maakond,4
396,LABOUR_BALANCE,7532,Rõivaste jms toodete lekaalide tegijad ja juurdelõikajad,Võru maakond,3
396,LABOUR_BALANCE,7534,Polsterdajad jms töötajad,Kogu Eesti,3
396,LABOUR_BALANCE,7534,Polsterdajad jms töötajad,Jõgeva maakond,3
396,LABOUR_BALANCE,7534,Polsterdajad jms töötajad,Lääne maakond,3
396,LABOUR_BALANCE,7534,Polsterdajad jms töötajad,Lääne-Viru maakond,3
396,LABOUR_BALANCE,7534,Polsterdajad jms töötajad,Põlva maakond,4
396,LABOUR_BALANCE,7534,Polsterdajad jms töötajad,Pärnu maakond,3
396,LABOUR_BALANCE,7534,Polsterdajad jms töötajad,Valga maakond,3
396,LABOUR_BALANCE,7534,Polsterdajad jms töötajad,Viljandi maakond,3
396,LABOUR_BALANCE,7534,Polsterdajad jms töötajad,Võru maakond,3
396,LABOUR_BALANCE,7536,Kingsepad jms töötajad,Võru maakond,3
396,LABOUR_BALANCE,7543,Toodete (v.a toidud ja joogid) testijad,Kogu Eesti,3
396,LABOUR_BALANCE,7543,Toodete (v.a toidud ja joogid) testijad,Harju maakond,3
396,LABOUR_BALANCE,7543,Toodete (v.a toidud ja joogid) testijad,Ida-Viru maakond,3
396,LABOUR_BALANCE,7543,Toodete (v.a toidud ja joogid) testijad,Lääne maakond,3
396,LABOUR_BALANCE,7543,Toodete (v.a toidud ja joogid) testijad,Pärnu maakond,3
396,LABOUR_BALANCE,7543,Toodete (v.a toidud ja joogid) testijad,Rapla maakond,3
396,LABOUR_BALANCE,7543,Toodete (v.a toidud ja joogid) testijad,Saare maakond,3
396,LABOUR_BALANCE,7543,Toodete (v.a toidud ja joogid) testijad,Valga maakond,3
396,LABOUR_BALANCE,7543,Toodete (v.a toidud ja joogid) testijad,Võru maakond,3
396,LABOUR_BALANCE,7549,Mujal liigitamata oskustöötajad,Ida-Viru maakond,3
396,LABOUR_BALANCE,7549,Mujal liigitamata oskustöötajad,Põlva maakond,3
396,LABOUR_BALANCE,7549,Mujal liigitamata oskustöötajad,Rapla maakond,3
396,LABOUR_BALANCE,7549,Mujal liigitamata oskustöötajad,Saare maakond,3
396,LABOUR_BALANCE,8111,"Kaevurid ja karjääritöölised, mäemasinate operaatorid",Ida-Viru maakond,2
396,LABOUR_BALANCE,8114,"Tsemendi-, kivi- ja muude mineraalide töötlemismasinate operaatorid",Saare maakond,3
396,LABOUR_BALANCE,8122,Metallitöötlusmasinate operaatorid,Võru maakond,3
396,LABOUR_BALANCE,8131,Keemiaseadmete ja -masinate operaatorid,Ida-Viru maakond,3
396,LABOUR_BALANCE,8141,Kummitoodete masinate operaatorid,Saare maakond,3
396,LABOUR_BALANCE,8142,Plasttoodete masinate operaatorid,Hiiu maakond,3
396,LABOUR_BALANCE,8142,Plasttoodete masinate operaatorid,Järva maakond,3
396,LABOUR_BALANCE,8142,Plasttoodete masinate operaatorid,Lääne maakond,3
396,LABOUR_BALANCE,8142,Plasttoodete masinate operaatorid,Saare maakond,3
396,LABOUR_BALANCE,8153,Masinõmblejad,Kogu Eesti,3
396,LABOUR_BALANCE,8153,Masinõmblejad,Harju maakond,3
396,LABOUR_BALANCE,8153,Masinõmblejad,Hiiu maakond,3
396,LABOUR_BALANCE,8153,Masinõmblejad,Ida-Viru maakond,4
396,LABOUR_BALANCE,8153,Masinõmblejad,Jõgeva maakond,4
396,LABOUR_BALANCE,8153,Masinõmblejad,Järva maakond,3
396,LABOUR_BALANCE,8153,Masinõmblejad,Lääne maakond,3
396,LABOUR_BALANCE,8153,Masinõmblejad,Lääne-Viru maakond,3
396,LABOUR_BALANCE,8153,Masinõmblejad,Põlva maakond,4
396,LABOUR_BALANCE,8153,Masinõmblejad,Pärnu maakond,3
396,LABOUR_BALANCE,8153,Masinõmblejad,Rapla maakond,3
396,LABOUR_BALANCE,8153,Masinõmblejad,Saare maakond,3
396,LABOUR_BALANCE,8153,Masinõmblejad,Tartu maakond,3
396,LABOUR_BALANCE,8153,Masinõmblejad,Valga maakond,3
396,LABOUR_BALANCE,8153,Masinõmblejad,Viljandi maakond,4
396,LABOUR_BALANCE,8153,Masinõmblejad,Võru maakond,3
396,LABOUR_BALANCE,8157,Pesumasinate operaatorid,Hiiu maakond,4
396,LABOUR_BALANCE,8157,Pesumasinate operaatorid,Lääne maakond,3
396,LABOUR_BALANCE,8157,Pesumasinate operaatorid,Pärnu maakond,4
396,LABOUR_BALANCE,8157,Pesumasinate operaatorid,Rapla maakond,3
396,LABOUR_BALANCE,8159,"Tekstiili-, karusnahk- ja nahktoodete masinate mujal liigitamata operaatorid",Viljandi maakond,3
396,LABOUR_BALANCE,8160,Toiduainete jms toodete masinate operaatorid,Kogu Eesti,3
396,LABOUR_BALANCE,8160,Toiduainete jms toodete masinate operaatorid,Harju maakond,3
396,LABOUR_BALANCE,8160,Toiduainete jms toodete masinate operaatorid,Ida-Viru maakond,2
396,LABOUR_BALANCE,8160,Toiduainete jms toodete masinate operaatorid,Jõgeva maakond,2
396,LABOUR_BALANCE,8160,Toiduainete jms toodete masinate operaatorid,Järva maakond,3
396,LABOUR_BALANCE,8160,Toiduainete jms toodete masinate operaatorid,Lääne maakond,3
396,LABOUR_BALANCE,8160,Toiduainete jms toodete masinate operaatorid,Lääne-Viru maakond,3
396,LABOUR_BALANCE,8160,Toiduainete jms toodete masinate operaatorid,Põlva maakond,3
396,LABOUR_BALANCE,8160,Toiduainete jms toodete masinate operaatorid,Rapla maakond,4
396,LABOUR_BALANCE,8160,Toiduainete jms toodete masinate operaatorid,Tartu maakond,4
396,LABOUR_BALANCE,8160,Toiduainete jms toodete masinate operaatorid,Valga maakond,3
396,LABOUR_BALANCE,8160,Toiduainete jms toodete masinate operaatorid,Viljandi maakond,3
396,LABOUR_BALANCE,8160,Toiduainete jms toodete masinate operaatorid,Võru maakond,4
396,LABOUR_BALANCE,8171,Tselluloosi- ja paberitootmisseadmete operaatorid,Kogu Eesti,4
396,LABOUR_BALANCE,8171,Tselluloosi- ja paberitootmisseadmete operaatorid,Harju maakond,4
396,LABOUR_BALANCE,8172,Puidutöötlemisseadmete operaatorid,Kogu Eesti,3
396,LABOUR_BALANCE,8172,Puidutöötlemisseadmete operaatorid,Ida-Viru maakond,3
396,LABOUR_BALANCE,8172,Puidutöötlemisseadmete operaatorid,Jõgeva maakond,4
396,LABOUR_BALANCE,8172,Puidutöötlemisseadmete operaatorid,Järva maakond,3
396,LABOUR_BALANCE,8172,Puidutöötlemisseadmete operaatorid,Lääne maakond,3
396,LABOUR_BALANCE,8172,Puidutöötlemisseadmete operaatorid,Lääne-Viru maakond,3
396,LABOUR_BALANCE,8172,Puidutöötlemisseadmete operaatorid,Põlva maakond,3
396,LABOUR_BALANCE,8172,Puidutöötlemisseadmete operaatorid,Pärnu maakond,4
396,LABOUR_BALANCE,8172,Puidutöötlemisseadmete operaatorid,Rapla maakond,3
396,LABOUR_BALANCE,8172,Puidutöötlemisseadmete operaatorid,Tartu maakond,3
396,LABOUR_BALANCE,8172,Puidutöötlemisseadmete operaatorid,Valga maakond,3
396,LABOUR_BALANCE,8172,Puidutöötlemisseadmete operaatorid,Viljandi maakond,3
396,LABOUR_BALANCE,8172,Puidutöötlemisseadmete operaatorid,Võru maakond,3
396,LABOUR_BALANCE,8181,Klaasi- ja keraamikaahjude jms seadmete operaatorid,Lääne maakond,3
396,LABOUR_BALANCE,8181,Klaasi- ja keraamikaahjude jms seadmete operaatorid,Rapla maakond,3
396,LABOUR_BALANCE,8182,Aurumasinate ja -katelde operaatorid,Hiiu maakond,3
396,LABOUR_BALANCE,8182,Aurumasinate ja -katelde operaatorid,Järva maakond,3
396,LABOUR_BALANCE,8182,Aurumasinate ja -katelde operaatorid,Rapla maakond,3
396,LABOUR_BALANCE,8182,Aurumasinate ja -katelde operaatorid,Saare maakond,3
396,LABOUR_BALANCE,8182,Aurumasinate ja -katelde operaatorid,Võru maakond,3
396,LABOUR_BALANCE,8183,"Pakke-, villimis- ja märgistusseadmete operaatorid",Kogu Eesti,3
396,LABOUR_BALANCE,8183,"Pakke-, villimis- ja märgistusseadmete operaatorid",Harju maakond,3
396,LABOUR_BALANCE,8183,"Pakke-, villimis- ja märgistusseadmete operaatorid",Lääne maakond,3
396,LABOUR_BALANCE,8183,"Pakke-, villimis- ja märgistusseadmete operaatorid",Lääne-Viru maakond,3
396,LABOUR_BALANCE,8189,Mujal liigitamata seadme- ja masinaoperaatorid,Kogu Eesti,3
396,LABOUR_BALANCE,8189,Mujal liigitamata seadme- ja masinaoperaatorid,Harju maakond,3
396,LABOUR_BALANCE,8189,Mujal liigitamata seadme- ja masinaoperaatorid,Hiiu maakond,4
396,LABOUR_BALANCE,8189,Mujal liigitamata seadme- ja masinaoperaatorid,Ida-Viru maakond,2
396,LABOUR_BALANCE,8189,Mujal liigitamata seadme- ja masinaoperaatorid,Jõgeva maakond,3
396,LABOUR_BALANCE,8189,Mujal liigitamata seadme- ja masinaoperaatorid,Järva maakond,3
396,LABOUR_BALANCE,8189,Mujal liigitamata seadme- ja masinaoperaatorid,Lääne maakond,3
396,LABOUR_BALANCE,8189,Mujal liigitamata seadme- ja masinaoperaatorid,Lääne-Viru maakond,3
396,LABOUR_BALANCE,8189,Mujal liigitamata seadme- ja masinaoperaatorid,Põlva maakond,3
396,LABOUR_BALANCE,8189,Mujal liigitamata seadme- ja masinaoperaatorid,Pärnu maakond,2
396,LABOUR_BALANCE,8189,Mujal liigitamata seadme- ja masinaoperaatorid,Rapla maakond,3
396,LABOUR_BALANCE,8189,Mujal liigitamata seadme- ja masinaoperaatorid,Saare maakond,3
396,LABOUR_BALANCE,8189,Mujal liigitamata seadme- ja masinaoperaatorid,Tartu maakond,3
396,LABOUR_BALANCE,8189,Mujal liigitamata seadme- ja masinaoperaatorid,Valga maakond,3
396,LABOUR_BALANCE,8189,Mujal liigitamata seadme- ja masinaoperaatorid,Viljandi maakond,3
396,LABOUR_BALANCE,8189,Mujal liigitamata seadme- ja masinaoperaatorid,Võru maakond,3
396,LABOUR_BALANCE,8211,Mehaaniliste seadmete koostajad,Kogu Eesti,4
396,LABOUR_BALANCE,8211,Mehaaniliste seadmete koostajad,Harju maakond,4
396,LABOUR_BALANCE,8212,Elektri- ja elektroonikaseadmete koostajad,Kogu Eesti,3
396,LABOUR_BALANCE,8212,Elektri- ja elektroonikaseadmete koostajad,Harju maakond,3
396,LABOUR_BALANCE,8212,Elektri- ja elektroonikaseadmete koostajad,Hiiu maakond,2
396,LABOUR_BALANCE,8212,Elektri- ja elektroonikaseadmete koostajad,Ida-Viru maakond,2
396,LABOUR_BALANCE,8212,Elektri- ja elektroonikaseadmete koostajad,Järva maakond,3
396,LABOUR_BALANCE,8212,Elektri- ja elektroonikaseadmete koostajad,Lääne maakond,3
396,LABOUR_BALANCE,8212,Elektri- ja elektroonikaseadmete koostajad,Lääne-Viru maakond,3
396,LABOUR_BALANCE,8212,Elektri- ja elektroonikaseadmete koostajad,Pärnu maakond,3
396,LABOUR_BALANCE,8212,Elektri- ja elektroonikaseadmete koostajad,Saare maakond,3
396,LABOUR_BALANCE,8212,Elektri- ja elektroonikaseadmete koostajad,Tartu maakond,3
396,LABOUR_BALANCE,8212,Elektri- ja elektroonikaseadmete koostajad,Viljandi maakond,3
396,LABOUR_BALANCE,8212,Elektri- ja elektroonikaseadmete koostajad,Võru maakond,3
396,LABOUR_BALANCE,8219,Mujal liigitamata koostajad,Kogu Eesti,3
396,LABOUR_BALANCE,8219,Mujal liigitamata koostajad,Harju maakond,3
396,LABOUR_BALANCE,8219,Mujal liigitamata koostajad,Hiiu maakond,3
396,LABOUR_BALANCE,8219,Mujal liigitamata koostajad,Ida-Viru maakond,2
396,LABOUR_BALANCE,8219,Mujal liigitamata koostajad,Jõgeva maakond,3
396,LABOUR_BALANCE,8219,Mujal liigitamata koostajad,Järva maakond,3
396,LABOUR_BALANCE,8219,Mujal liigitamata koostajad,Lääne maakond,3
396,LABOUR_BALANCE,8219,Mujal liigitamata koostajad,Lääne-Viru maakond,3
396,LABOUR_BALANCE,8219,Mujal liigitamata koostajad,Põlva maakond,3
396,LABOUR_BALANCE,8219,Mujal liigitamata koostajad,Pärnu maakond,3
396,LABOUR_BALANCE,8219,Mujal liigitamata koostajad,Rapla maakond,3
396,LABOUR_BALANCE,8219,Mujal liigitamata koostajad,Saare maakond,2
396,LABOUR_BALANCE,8219,Mujal liigitamata koostajad,Tartu maakond,3
396,LABOUR_BALANCE,8219,Mujal liigitamata koostajad,Valga maakond,3
396,LABOUR_BALANCE,8219,Mujal liigitamata koostajad,Viljandi maakond,3
396,LABOUR_BALANCE,8219,Mujal liigitamata koostajad,Võru maakond,3
396,LABOUR_BALANCE,8311,Veduri- ja rongijuhid,Ida-Viru maakond,2
396,LABOUR_BALANCE,8312,Raudtee liiklustöötajad,Ida-Viru maakond,3
396,LABOUR_BALANCE,8322,"Sõiduauto-, takso- ja pakiauto juhid",Kogu Eesti,3
396,LABOUR_BALANCE,8322,"Sõiduauto-, takso- ja pakiauto juhid",Harju maakond,3
396,LABOUR_BALANCE,8322,"Sõiduauto-, takso- ja pakiauto juhid",Hiiu maakond,3
396,LABOUR_BALANCE,8322,"Sõiduauto-, takso- ja pakiauto juhid",Ida-Viru maakond,2
396,LABOUR_BALANCE,8322,"Sõiduauto-, takso- ja pakiauto juhid",Jõgeva maakond,3
396,LABOUR_BALANCE,8322,"Sõiduauto-, takso- ja pakiauto juhid",Järva maakond,3
396,LABOUR_BALANCE,8322,"Sõiduauto-, takso- ja pakiauto juhid",Lääne maakond,3
396,LABOUR_BALANCE,8322,"Sõiduauto-, takso- ja pakiauto juhid",Lääne-Viru maakond,3
396,LABOUR_BALANCE,8322,"Sõiduauto-, takso- ja pakiauto juhid",Põlva maakond,3
396,LABOUR_BALANCE,8322,"Sõiduauto-, takso- ja pakiauto juhid",Pärnu maakond,2
396,LABOUR_BALANCE,8322,"Sõiduauto-, takso- ja pakiauto juhid",Rapla maakond,3
396,LABOUR_BALANCE,8322,"Sõiduauto-, takso- ja pakiauto juhid",Saare maakond,3
396,LABOUR_BALANCE,8322,"Sõiduauto-, takso- ja pakiauto juhid",Tartu maakond,3
396,LABOUR_BALANCE,8322,"Sõiduauto-, takso- ja pakiauto juhid",Valga maakond,2
396,LABOUR_BALANCE,8322,"Sõiduauto-, takso- ja pakiauto juhid",Viljandi maakond,3
396,LABOUR_BALANCE,8322,"Sõiduauto-, takso- ja pakiauto juhid",Võru maakond,3
396,LABOUR_BALANCE,8331,Bussi- ja trammijuhid,Kogu Eesti,3
396,LABOUR_BALANCE,8331,Bussi- ja trammijuhid,Harju maakond,3
396,LABOUR_BALANCE,8331,Bussi- ja trammijuhid,Ida-Viru maakond,3
396,LABOUR_BALANCE,8331,Bussi- ja trammijuhid,Jõgeva maakond,4
396,LABOUR_BALANCE,8331,Bussi- ja trammijuhid,Järva maakond,4
396,LABOUR_BALANCE,8331,Bussi- ja trammijuhid,Lääne maakond,3
396,LABOUR_BALANCE,8331,Bussi- ja trammijuhid,Lääne-Viru maakond,3
396,LABOUR_BALANCE,8331,Bussi- ja trammijuhid,Põlva maakond,4
396,LABOUR_BALANCE,8331,Bussi- ja trammijuhid,Pärnu maakond,4
396,LABOUR_BALANCE,8331,Bussi- ja trammijuhid,Rapla maakond,3
396,LABOUR_BALANCE,8331,Bussi- ja trammijuhid,Tartu maakond,4
396,LABOUR_BALANCE,8331,Bussi- ja trammijuhid,Valga maakond,3
396,LABOUR_BALANCE,8331,Bussi- ja trammijuhid,Võru maakond,3
396,LABOUR_BALANCE,8332,Veoautojuhid,Kogu Eesti,4
396,LABOUR_BALANCE,8332,Veoautojuhid,Harju maakond,4
396,LABOUR_BALANCE,8332,Veoautojuhid,Hiiu maakond,4
396,LABOUR_BALANCE,8332,Veoautojuhid,Ida-Viru maakond,3
396,LABOUR_BALANCE,8332,Veoautojuhid,Jõgeva maakond,3
396,LABOUR_BALANCE,8332,Veoautojuhid,Järva maakond,4
396,LABOUR_BALANCE,8332,Veoautojuhid,Lääne maakond,3
396,LABOUR_BALANCE,8332,Veoautojuhid,Lääne-Viru maakond,3
396,LABOUR_BALANCE,8332,Veoautojuhid,Põlva maakond,4
396,LABOUR_BALANCE,8332,Veoautojuhid,Pärnu maakond,4
396,LABOUR_BALANCE,8332,Veoautojuhid,Rapla maakond,3
396,LABOUR_BALANCE,8332,Veoautojuhid,Saare maakond,3
396,LABOUR_BALANCE,8332,Veoautojuhid,Tartu maakond,4
396,LABOUR_BALANCE,8332,Veoautojuhid,Valga maakond,3
396,LABOUR_BALANCE,8332,Veoautojuhid,Viljandi maakond,3
396,LABOUR_BALANCE,8332,Veoautojuhid,Võru maakond,4
396,LABOUR_BALANCE,8341,Farmi- ja metsatööseadmete juhid,Kogu Eesti,3
396,LABOUR_BALANCE,8341,Farmi- ja metsatööseadmete juhid,Harju maakond,3
396,LABOUR_BALANCE,8341,Farmi- ja metsatööseadmete juhid,Hiiu maakond,2
396,LABOUR_BALANCE,8341,Farmi- ja metsatööseadmete juhid,Ida-Viru maakond,3
396,LABOUR_BALANCE,8341,Farmi- ja metsatööseadmete juhid,Jõgeva maakond,4
396,LABOUR_BALANCE,8341,Farmi- ja metsatööseadmete juhid,Järva maakond,3
396,LABOUR_BALANCE,8341,Farmi- ja metsatööseadmete juhid,Lääne maakond,3
396,LABOUR_BALANCE,8341,Farmi- ja metsatööseadmete juhid,Lääne-Viru maakond,3
396,LABOUR_BALANCE,8341,Farmi- ja metsatööseadmete juhid,Põlva maakond,4
396,LABOUR_BALANCE,8341,Farmi- ja metsatööseadmete juhid,Pärnu maakond,3
396,LABOUR_BALANCE,8341,Farmi- ja metsatööseadmete juhid,Rapla maakond,3
396,LABOUR_BALANCE,8341,Farmi- ja metsatööseadmete juhid,Saare maakond,3
396,LABOUR_BALANCE,8341,Farmi- ja metsatööseadmete juhid,Tartu maakond,3
396,LABOUR_BALANCE,8341,Farmi- ja metsatööseadmete juhid,Valga maakond,3
396,LABOUR_BALANCE,8341,Farmi- ja metsatööseadmete juhid,Viljandi maakond,3
396,LABOUR_BALANCE,8341,Farmi- ja metsatööseadmete juhid,Võru maakond,3
396,LABOUR_BALANCE,8342,"Maaparandus-, tee- jms masinate juhid",Kogu Eesti,3
396,LABOUR_BALANCE,8342,"Maaparandus-, tee- jms masinate juhid",Harju maakond,3
396,LABOUR_BALANCE,8342,"Maaparandus-, tee- jms masinate juhid",Hiiu maakond,3
396,LABOUR_BALANCE,8342,"Maaparandus-, tee- jms masinate juhid",Ida-Viru maakond,3
396,LABOUR_BALANCE,8342,"Maaparandus-, tee- jms masinate juhid",Jõgeva maakond,3
396,LABOUR_BALANCE,8342,"Maaparandus-, tee- jms masinate juhid",Järva maakond,3
396,LABOUR_BALANCE,8342,"Maaparandus-, tee- jms masinate juhid",Lääne maakond,3
396,LABOUR_BALANCE,8342,"Maaparandus-, tee- jms masinate juhid",Lääne-Viru maakond,3
396,LABOUR_BALANCE,8342,"Maaparandus-, tee- jms masinate juhid",Põlva maakond,4
396,LABOUR_BALANCE,8342,"Maaparandus-, tee- jms masinate juhid",Pärnu maakond,4
396,LABOUR_BALANCE,8342,"Maaparandus-, tee- jms masinate juhid",Rapla maakond,3
396,LABOUR_BALANCE,8342,"Maaparandus-, tee- jms masinate juhid",Tartu maakond,3
396,LABOUR_BALANCE,8342,"Maaparandus-, tee- jms masinate juhid",Valga maakond,3
396,LABOUR_BALANCE,8342,"Maaparandus-, tee- jms masinate juhid",Viljandi maakond,3
396,LABOUR_BALANCE,8342,"Maaparandus-, tee- jms masinate juhid",Võru maakond,3
396,LABOUR_BALANCE,8343,"Kraana-, tõstuki- jm tõsteseadmete juhid",Kogu Eesti,4
396,LABOUR_BALANCE,8343,"Kraana-, tõstuki- jm tõsteseadmete juhid",Harju maakond,4
396,LABOUR_BALANCE,8343,"Kraana-, tõstuki- jm tõsteseadmete juhid",Ida-Viru maakond,3
396,LABOUR_BALANCE,8343,"Kraana-, tõstuki- jm tõsteseadmete juhid",Valga maakond,3
396,LABOUR_BALANCE,8344,Autotõstukijuhid,Kogu Eesti,3
396,LABOUR_BALANCE,8344,Autotõstukijuhid,Harju maakond,3
396,LABOUR_BALANCE,8344,Autotõstukijuhid,Ida-Viru maakond,3
396,LABOUR_BALANCE,8344,Autotõstukijuhid,Jõgeva maakond,3
396,LABOUR_BALANCE,8344,Autotõstukijuhid,Järva maakond,3
396,LABOUR_BALANCE,8344,Autotõstukijuhid,Lääne maakond,3
396,LABOUR_BALANCE,8344,Autotõstukijuhid,Lääne-Viru maakond,2
396,LABOUR_BALANCE,8344,Autotõstukijuhid,Põlva maakond,3
396,LABOUR_BALANCE,8344,Autotõstukijuhid,Pärnu maakond,4
396,LABOUR_BALANCE,8344,Autotõstukijuhid,Rapla maakond,3
396,LABOUR_BALANCE,8344,Autotõstukijuhid,Saare maakond,3
396,LABOUR_BALANCE,8344,Autotõstukijuhid,Tartu maakond,3
396,LABOUR_BALANCE,8344,Autotõstukijuhid,Valga maakond,3
396,LABOUR_BALANCE,8344,Autotõstukijuhid,Viljandi maakond,3
396,LABOUR_BALANCE,8344,Autotõstukijuhid,Võru maakond,3
396,LABOUR_BALANCE,8350,Laeva tekimeeskond jms töötajad,Hiiu maakond,3
396,LABOUR_BALANCE,8350,Laeva tekimeeskond jms töötajad,Lääne maakond,3
396,LABOUR_BALANCE,8350,Laeva tekimeeskond jms töötajad,Saare maakond,3
396,LABOUR_BALANCE,9112,"Abilised ning koristajad kontorites, hotellides jms asutustes",Kogu Eesti,3
396,LABOUR_BALANCE,9112,"Abilised ning koristajad kontorites, hotellides jms asutustes",Harju maakond,3
396,LABOUR_BALANCE,9112,"Abilised ning koristajad kontorites, hotellides jms asutustes",Hiiu maakond,4
396,LABOUR_BALANCE,9112,"Abilised ning koristajad kontorites, hotellides jms asutustes",Ida-Viru maakond,1
396,LABOUR_BALANCE,9112,"Abilised ning koristajad kontorites, hotellides jms asutustes",Jõgeva maakond,2
396,LABOUR_BALANCE,9112,"Abilised ning koristajad kontorites, hotellides jms asutustes",Järva maakond,3
396,LABOUR_BALANCE,9112,"Abilised ning koristajad kontorites, hotellides jms asutustes",Lääne maakond,3
396,LABOUR_BALANCE,9112,"Abilised ning koristajad kontorites, hotellides jms asutustes",Lääne-Viru maakond,2
396,LABOUR_BALANCE,9112,"Abilised ning koristajad kontorites, hotellides jms asutustes",Põlva maakond,4
396,LABOUR_BALANCE,9112,"Abilised ning koristajad kontorites, hotellides jms asutustes",Pärnu maakond,4
396,LABOUR_BALANCE,9112,"Abilised ning koristajad kontorites, hotellides jms asutustes",Rapla maakond,3
396,LABOUR_BALANCE,9112,"Abilised ning koristajad kontorites, hotellides jms asutustes",Saare maakond,3
396,LABOUR_BALANCE,9112,"Abilised ning koristajad kontorites, hotellides jms asutustes",Tartu maakond,3
396,LABOUR_BALANCE,9112,"Abilised ning koristajad kontorites, hotellides jms asutustes",Valga maakond,3
396,LABOUR_BALANCE,9112,"Abilised ning koristajad kontorites, hotellides jms asutustes",Viljandi maakond,3
396,LABOUR_BALANCE,9112,"Abilised ning koristajad kontorites, hotellides jms asutustes",Võru maakond,2
396,LABOUR_BALANCE,9121,Pesupesijad ja triikijad,Lääne maakond,3
396,LABOUR_BALANCE,9121,Pesupesijad ja triikijad,Rapla maakond,3
396,LABOUR_BALANCE,9121,Pesupesijad ja triikijad,Saare maakond,3
396,LABOUR_BALANCE,9122,Sõidukipesijad,Kogu Eesti,3
396,LABOUR_BALANCE,9122,Sõidukipesijad,Harju maakond,3
396,LABOUR_BALANCE,9122,Sõidukipesijad,Ida-Viru maakond,3
396,LABOUR_BALANCE,9122,Sõidukipesijad,Jõgeva maakond,3
396,LABOUR_BALANCE,9122,Sõidukipesijad,Lääne maakond,3
396,LABOUR_BALANCE,9122,Sõidukipesijad,Tartu maakond,3
396,LABOUR_BALANCE,9122,Sõidukipesijad,Valga maakond,3
396,LABOUR_BALANCE,9122,Sõidukipesijad,Viljandi maakond,3
396,LABOUR_BALANCE,9211,Taimekasvatuse lihttöölised,Kogu Eesti,3
396,LABOUR_BALANCE,9211,Taimekasvatuse lihttöölised,Ida-Viru maakond,3
396,LABOUR_BALANCE,9211,Taimekasvatuse lihttöölised,Jõgeva maakond,3
396,LABOUR_BALANCE,9211,Taimekasvatuse lihttöölised,Järva maakond,3
396,LABOUR_BALANCE,9211,Taimekasvatuse lihttöölised,Lääne maakond,3
396,LABOUR_BALANCE,9211,Taimekasvatuse lihttöölised,Lääne-Viru maakond,3
396,LABOUR_BALANCE,9211,Taimekasvatuse lihttöölised,Põlva maakond,4
396,LABOUR_BALANCE,9211,Taimekasvatuse lihttöölised,Pärnu maakond,3
396,LABOUR_BALANCE,9211,Taimekasvatuse lihttöölised,Rapla maakond,3
396,LABOUR_BALANCE,9211,Taimekasvatuse lihttöölised,Saare maakond,3
396,LABOUR_BALANCE,9211,Taimekasvatuse lihttöölised,Tartu maakond,3
396,LABOUR_BALANCE,9211,Taimekasvatuse lihttöölised,Valga maakond,4
396,LABOUR_BALANCE,9211,Taimekasvatuse lihttöölised,Viljandi maakond,3
396,LABOUR_BALANCE,9211,Taimekasvatuse lihttöölised,Võru maakond,3
396,LABOUR_BALANCE,9212,"Looma-, linnu- jms kasvatuse lihttöölised",Kogu Eesti,3
396,LABOUR_BALANCE,9212,"Looma-, linnu- jms kasvatuse lihttöölised",Hiiu maakond,3
396,LABOUR_BALANCE,9212,"Looma-, linnu- jms kasvatuse lihttöölised",Jõgeva maakond,4
396,LABOUR_BALANCE,9212,"Looma-, linnu- jms kasvatuse lihttöölised",Järva maakond,4
396,LABOUR_BALANCE,9212,"Looma-, linnu- jms kasvatuse lihttöölised",Lääne maakond,3
396,LABOUR_BALANCE,9212,"Looma-, linnu- jms kasvatuse lihttöölised",Lääne-Viru maakond,4
396,LABOUR_BALANCE,9212,"Looma-, linnu- jms kasvatuse lihttöölised",Põlva maakond,4
396,LABOUR_BALANCE,9212,"Looma-, linnu- jms kasvatuse lihttöölised",Pärnu maakond,4
396,LABOUR_BALANCE,9212,"Looma-, linnu- jms kasvatuse lihttöölised",Rapla maakond,3
396,LABOUR_BALANCE,9212,"Looma-, linnu- jms kasvatuse lihttöölised",Saare maakond,3
396,LABOUR_BALANCE,9212,"Looma-, linnu- jms kasvatuse lihttöölised",Tartu maakond,3
396,LABOUR_BALANCE,9212,"Looma-, linnu- jms kasvatuse lihttöölised",Valga maakond,4
396,LABOUR_BALANCE,9212,"Looma-, linnu- jms kasvatuse lihttöölised",Viljandi maakond,3
396,LABOUR_BALANCE,9212,"Looma-, linnu- jms kasvatuse lihttöölised",Võru maakond,3
396,LABOUR_BALANCE,9213,Põllusaaduste ja loomakasvatuse lihttöölised,Lääne maakond,3
396,LABOUR_BALANCE,9213,Põllusaaduste ja loomakasvatuse lihttöölised,Pärnu maakond,4
396,LABOUR_BALANCE,9213,Põllusaaduste ja loomakasvatuse lihttöölised,Saare maakond,3
396,LABOUR_BALANCE,9213,Põllusaaduste ja loomakasvatuse lihttöölised,Viljandi maakond,3
396,LABOUR_BALANCE,9214,Aianduse lihttöölised,Kogu Eesti,3
396,LABOUR_BALANCE,9214,Aianduse lihttöölised,Harju maakond,3
396,LABOUR_BALANCE,9214,Aianduse lihttöölised,Hiiu maakond,3
396,LABOUR_BALANCE,9214,Aianduse lihttöölised,Ida-Viru maakond,2
396,LABOUR_BALANCE,9214,Aianduse lihttöölised,Jõgeva maakond,3
396,LABOUR_BALANCE,9214,Aianduse lihttöölised,Järva maakond,3
396,LABOUR_BALANCE,9214,Aianduse lihttöölised,Lääne maakond,3
396,LABOUR_BALANCE,9214,Aianduse lihttöölised,Lääne-Viru maakond,3
396,LABOUR_BALANCE,9214,Aianduse lihttöölised,Põlva maakond,3
396,LABOUR_BALANCE,9214,Aianduse lihttöölised,Pärnu maakond,3
396,LABOUR_BALANCE,9214,Aianduse lihttöölised,Rapla maakond,2
396,LABOUR_BALANCE,9214,Aianduse lihttöölised,Saare maakond,3
396,LABOUR_BALANCE,9214,Aianduse lihttöölised,Tartu maakond,3
396,LABOUR_BALANCE,9214,Aianduse lihttöölised,Valga maakond,2
396,LABOUR_BALANCE,9214,Aianduse lihttöölised,Viljandi maakond,3
396,LABOUR_BALANCE,9214,Aianduse lihttöölised,Võru maakond,3
396,LABOUR_BALANCE,9215,Metsanduse lihttöölised,Kogu Eesti,3
396,LABOUR_BALANCE,9215,Metsanduse lihttöölised,Ida-Viru maakond,3
396,LABOUR_BALANCE,9215,Metsanduse lihttöölised,Jõgeva maakond,3
396,LABOUR_BALANCE,9215,Metsanduse lihttöölised,Järva maakond,3
396,LABOUR_BALANCE,9215,Metsanduse lihttöölised,Lääne maakond,3
396,LABOUR_BALANCE,9215,Metsanduse lihttöölised,Lääne-Viru maakond,3
396,LABOUR_BALANCE,9215,Metsanduse lihttöölised,Põlva maakond,4
396,LABOUR_BALANCE,9215,Metsanduse lihttöölised,Pärnu maakond,4
396,LABOUR_BALANCE,9215,Metsanduse lihttöölised,Rapla maakond,3
396,LABOUR_BALANCE,9215,Metsanduse lihttöölised,Saare maakond,3
396,LABOUR_BALANCE,9215,Metsanduse lihttöölised,Valga maakond,3
396,LABOUR_BALANCE,9215,Metsanduse lihttöölised,Viljandi maakond,3
396,LABOUR_BALANCE,9215,Metsanduse lihttöölised,Võru maakond,3
396,LABOUR_BALANCE,9311,Kaevanduse ja karjääri lihttöölised,Ida-Viru maakond,2
396,LABOUR_BALANCE,9311,Kaevanduse ja karjääri lihttöölised,Lääne maakond,3
396,LABOUR_BALANCE,9312,"Teede, tammide jms ehitamise ja korrashoiu lihttöölised",Kogu Eesti,3
396,LABOUR_BALANCE,9312,"Teede, tammide jms ehitamise ja korrashoiu lihttöölised",Harju maakond,3
396,LABOUR_BALANCE,9312,"Teede, tammide jms ehitamise ja korrashoiu lihttöölised",Hiiu maakond,3
396,LABOUR_BALANCE,9312,"Teede, tammide jms ehitamise ja korrashoiu lihttöölised",Ida-Viru maakond,3
396,LABOUR_BALANCE,9312,"Teede, tammide jms ehitamise ja korrashoiu lihttöölised",Jõgeva maakond,3
396,LABOUR_BALANCE,9312,"Teede, tammide jms ehitamise ja korrashoiu lihttöölised",Järva maakond,3
396,LABOUR_BALANCE,9312,"Teede, tammide jms ehitamise ja korrashoiu lihttöölised",Lääne maakond,3
396,LABOUR_BALANCE,9312,"Teede, tammide jms ehitamise ja korrashoiu lihttöölised",Lääne-Viru maakond,3
396,LABOUR_BALANCE,9312,"Teede, tammide jms ehitamise ja korrashoiu lihttöölised",Põlva maakond,3
396,LABOUR_BALANCE,9312,"Teede, tammide jms ehitamise ja korrashoiu lihttöölised",Pärnu maakond,3
396,LABOUR_BALANCE,9312,"Teede, tammide jms ehitamise ja korrashoiu lihttöölised",Rapla maakond,3
396,LABOUR_BALANCE,9312,"Teede, tammide jms ehitamise ja korrashoiu lihttöölised",Saare maakond,3
396,LABOUR_BALANCE,9312,"Teede, tammide jms ehitamise ja korrashoiu lihttöölised",Tartu maakond,3
396,LABOUR_BALANCE,9312,"Teede, tammide jms ehitamise ja korrashoiu lihttöölised",Valga maakond,3
396,LABOUR_BALANCE,9312,"Teede, tammide jms ehitamise ja korrashoiu lihttöölised",Võru maakond,3
396,LABOUR_BALANCE,9313,Hooneehituse lihttöölised,Kogu Eesti,3
396,LABOUR_BALANCE,9313,Hooneehituse lihttöölised,Harju maakond,3
396,LABOUR_BALANCE,9313,Hooneehituse lihttöölised,Hiiu maakond,3
396,LABOUR_BALANCE,9313,Hooneehituse lihttöölised,Ida-Viru maakond,2
396,LABOUR_BALANCE,9313,Hooneehituse lihttöölised,Jõgeva maakond,2
396,LABOUR_BALANCE,9313,Hooneehituse lihttöölised,Järva maakond,2
396,LABOUR_BALANCE,9313,Hooneehituse lihttöölised,Lääne maakond,2
396,LABOUR_BALANCE,9313,Hooneehituse lihttöölised,Lääne-Viru maakond,2
396,LABOUR_BALANCE,9313,Hooneehituse lihttöölised,Põlva maakond,2
396,LABOUR_BALANCE,9313,Hooneehituse lihttöölised,Pärnu maakond,2
396,LABOUR_BALANCE,9313,Hooneehituse lihttöölised,Rapla maakond,2
396,LABOUR_BALANCE,9313,Hooneehituse lihttöölised,Saare maakond,3
396,LABOUR_BALANCE,9313,Hooneehituse lihttöölised,Tartu maakond,3
396,LABOUR_BALANCE,9313,Hooneehituse lihttöölised,Valga maakond,2
396,LABOUR_BALANCE,9313,Hooneehituse lihttöölised,Viljandi maakond,3
396,LABOUR_BALANCE,9313,Hooneehituse lihttöölised,Võru maakond,2
396,LABOUR_BALANCE,9321,Pakkijad,Kogu Eesti,2
396,LABOUR_BALANCE,9321,Pakkijad,Harju maakond,2
396,LABOUR_BALANCE,9321,Pakkijad,Hiiu maakond,3
396,LABOUR_BALANCE,9321,Pakkijad,Ida-Viru maakond,2
396,LABOUR_BALANCE,9321,Pakkijad,Jõgeva maakond,3
396,LABOUR_BALANCE,9321,Pakkijad,Järva maakond,3
396,LABOUR_BALANCE,9321,Pakkijad,Lääne maakond,3
396,LABOUR_BALANCE,9321,Pakkijad,Lääne-Viru maakond,2
396,LABOUR_BALANCE,9321,Pakkijad,Põlva maakond,3
396,LABOUR_BALANCE,9321,Pakkijad,Pärnu maakond,3
396,LABOUR_BALANCE,9321,Pakkijad,Rapla maakond,3
396,LABOUR_BALANCE,9321,Pakkijad,Saare maakond,3
396,LABOUR_BALANCE,9321,Pakkijad,Tartu maakond,3
396,LABOUR_BALANCE,9321,Pakkijad,Valga maakond,3
396,LABOUR_BALANCE,9321,Pakkijad,Viljandi maakond,3
396,LABOUR_BALANCE,9321,Pakkijad,Võru maakond,3
396,LABOUR_BALANCE,9329,Mujal liigitamata tootmislihttöölised,Kogu Eesti,3
396,LABOUR_BALANCE,9329,Mujal liigitamata tootmislihttöölised,Harju maakond,3
396,LABOUR_BALANCE,9329,Mujal liigitamata tootmislihttöölised,Hiiu maakond,3
396,LABOUR_BALANCE,9329,Mujal liigitamata tootmislihttöölised,Ida-Viru maakond,2
396,LABOUR_BALANCE,9329,Mujal liigitamata tootmislihttöölised,Jõgeva maakond,3
396,LABOUR_BALANCE,9329,Mujal liigitamata tootmislihttöölised,Järva maakond,3
396,LABOUR_BALANCE,9329,Mujal liigitamata tootmislihttöölised,Lääne maakond,3
396,LABOUR_BALANCE,9329,Mujal liigitamata tootmislihttöölised,Lääne-Viru maakond,2
396,LABOUR_BALANCE,9329,Mujal liigitamata tootmislihttöölised,Põlva maakond,4
396,LABOUR_BALANCE,9329,Mujal liigitamata tootmislihttöölised,Pärnu maakond,4
396,LABOUR_BALANCE,9329,Mujal liigitamata tootmislihttöölised,Rapla maakond,4
396,LABOUR_BALANCE,9329,Mujal liigitamata tootmislihttöölised,Saare maakond,3
396,LABOUR_BALANCE,9329,Mujal liigitamata tootmislihttöölised,Tartu maakond,3
396,LABOUR_BALANCE,9329,Mujal liigitamata tootmislihttöölised,Valga maakond,3
396,LABOUR_BALANCE,9329,Mujal liigitamata tootmislihttöölised,Viljandi maakond,3
396,LABOUR_BALANCE,9329,Mujal liigitamata tootmislihttöölised,Võru maakond,3
396,LABOUR_BALANCE,9333,Transporditöölised ja laadijad,Kogu Eesti,3
396,LABOUR_BALANCE,9333,Transporditöölised ja laadijad,Harju maakond,3
396,LABOUR_BALANCE,9333,Transporditöölised ja laadijad,Hiiu maakond,3
396,LABOUR_BALANCE,9333,Transporditöölised ja laadijad,Ida-Viru maakond,2
396,LABOUR_BALANCE,9333,Transporditöölised ja laadijad,Jõgeva maakond,3
396,LABOUR_BALANCE,9333,Transporditöölised ja laadijad,Järva maakond,3
396,LABOUR_BALANCE,9333,Transporditöölised ja laadijad,Lääne maakond,3
396,LABOUR_BALANCE,9333,Transporditöölised ja laadijad,Lääne-Viru maakond,3
396,LABOUR_BALANCE,9333,Transporditöölised ja laadijad,Põlva maakond,3
396,LABOUR_BALANCE,9333,Transporditöölised ja laadijad,Pärnu maakond,3
396,LABOUR_BALANCE,9333,Transporditöölised ja laadijad,Rapla maakond,3
396,LABOUR_BALANCE,9333,Transporditöölised ja laadijad,Saare maakond,3
396,LABOUR_BALANCE,9333,Transporditöölised ja laadijad,Tartu maakond,3
396,LABOUR_BALANCE,9333,Transporditöölised ja laadijad,Valga maakond,3
396,LABOUR_BALANCE,9333,Transporditöölised ja laadijad,Viljandi maakond,3
396,LABOUR_BALANCE,9333,Transporditöölised ja laadijad,Võru maakond,3
396,LABOUR_BALANCE,9334,Kaubaladujad,Kogu Eesti,3
396,LABOUR_BALANCE,9334,Kaubaladujad,Harju maakond,3
396,LABOUR_BALANCE,9334,Kaubaladujad,Ida-Viru maakond,3
396,LABOUR_BALANCE,9334,Kaubaladujad,Järva maakond,3
396,LABOUR_BALANCE,9334,Kaubaladujad,Lääne maakond,3
396,LABOUR_BALANCE,9334,Kaubaladujad,Lääne-Viru maakond,2
396,LABOUR_BALANCE,9334,Kaubaladujad,Põlva maakond,3
396,LABOUR_BALANCE,9334,Kaubaladujad,Pärnu maakond,2
396,LABOUR_BALANCE,9334,Kaubaladujad,Rapla maakond,3
396,LABOUR_BALANCE,9334,Kaubaladujad,Saare maakond,3
396,LABOUR_BALANCE,9334,Kaubaladujad,Tartu maakond,3
396,LABOUR_BALANCE,9334,Kaubaladujad,Valga maakond,3
396,LABOUR_BALANCE,9334,Kaubaladujad,Viljandi maakond,2
396,LABOUR_BALANCE,9334,Kaubaladujad,Võru maakond,3
396,LABOUR_BALANCE,9411,Kiirtoitlustuskettide abitöölised,Kogu Eesti,3
396,LABOUR_BALANCE,9411,Kiirtoitlustuskettide abitöölised,Harju maakond,3
396,LABOUR_BALANCE,9411,Kiirtoitlustuskettide abitöölised,Ida-Viru maakond,3
396,LABOUR_BALANCE,9411,Kiirtoitlustuskettide abitöölised,Lääne-Viru maakond,3
396,LABOUR_BALANCE,9411,Kiirtoitlustuskettide abitöölised,Pärnu maakond,3
396,LABOUR_BALANCE,9411,Kiirtoitlustuskettide abitöölised,Rapla maakond,3
396,LABOUR_BALANCE,9411,Kiirtoitlustuskettide abitöölised,Tartu maakond,3
396,LABOUR_BALANCE,9412,Köögiabilised,Kogu Eesti,3
396,LABOUR_BALANCE,9412,Köögiabilised,Harju maakond,3
396,LABOUR_BALANCE,9412,Köögiabilised,Hiiu maakond,3
396,LABOUR_BALANCE,9412,Köögiabilised,Ida-Viru maakond,2
396,LABOUR_BALANCE,9412,Köögiabilised,Jõgeva maakond,3
396,LABOUR_BALANCE,9412,Köögiabilised,Järva maakond,3
396,LABOUR_BALANCE,9412,Köögiabilised,Lääne maakond,3
396,LABOUR_BALANCE,9412,Köögiabilised,Lääne-Viru maakond,2
396,LABOUR_BALANCE,9412,Köögiabilised,Põlva maakond,3
396,LABOUR_BALANCE,9412,Köögiabilised,Pärnu maakond,2
396,LABOUR_BALANCE,9412,Köögiabilised,Rapla maakond,3
396,LABOUR_BALANCE,9412,Köögiabilised,Saare maakond,3
396,LABOUR_BALANCE,9412,Köögiabilised,Tartu maakond,3
396,LABOUR_BALANCE,9412,Köögiabilised,Valga maakond,3
396,LABOUR_BALANCE,9412,Köögiabilised,Viljandi maakond,3
396,LABOUR_BALANCE,9412,Köögiabilised,Võru maakond,3
396,LABOUR_BALANCE,9612,Prügisorteerijad,Kogu Eesti,3
396,LABOUR_BALANCE,9612,Prügisorteerijad,Harju maakond,3
396,LABOUR_BALANCE,9612,Prügisorteerijad,Ida-Viru maakond,3
396,LABOUR_BALANCE,9612,Prügisorteerijad,Järva maakond,3
396,LABOUR_BALANCE,9612,Prügisorteerijad,Lääne maakond,3
396,LABOUR_BALANCE,9612,Prügisorteerijad,Põlva maakond,3
396,LABOUR_BALANCE,9612,Prügisorteerijad,Pärnu maakond,4
396,LABOUR_BALANCE,9612,Prügisorteerijad,Rapla maakond,3
396,LABOUR_BALANCE,9612,Prügisorteerijad,Saare maakond,3
396,LABOUR_BALANCE,9612,Prügisorteerijad,Valga maakond,3
396,LABOUR_BALANCE,9613,Pühkijad jms lihttöölised,Kogu Eesti,3
396,LABOUR_BALANCE,9613,Pühkijad jms lihttöölised,Harju maakond,3
396,LABOUR_BALANCE,9613,Pühkijad jms lihttöölised,Hiiu maakond,3
396,LABOUR_BALANCE,9613,Pühkijad jms lihttöölised,Ida-Viru maakond,2
396,LABOUR_BALANCE,9613,Pühkijad jms lihttöölised,Jõgeva maakond,3
396,LABOUR_BALANCE,9613,Pühkijad jms lihttöölised,Järva maakond,3
396,LABOUR_BALANCE,9613,Pühkijad jms lihttöölised,Lääne maakond,3
396,LABOUR_BALANCE,9613,Pühkijad jms lihttöölised,Lääne-Viru maakond,3
396,LABOUR_BALANCE,9613,Pühkijad jms lihttöölised,Põlva maakond,4
396,LABOUR_BALANCE,9613,Pühkijad jms lihttöölised,Pärnu maakond,4
396,LABOUR_BALANCE,9613,Pühkijad jms lihttöölised,Rapla maakond,3
396,LABOUR_BALANCE,9613,Pühkijad jms lihttöölised,Saare maakond,3
396,LABOUR_BALANCE,9613,Pühkijad jms lihttöölised,Tartu maakond,3
396,LABOUR_BALANCE,9613,Pühkijad jms lihttöölised,Valga maakond,3
396,LABOUR_BALANCE,9613,Pühkijad jms lihttöölised,Viljandi maakond,3
396,LABOUR_BALANCE,9613,Pühkijad jms lihttöölised,Võru maakond,3
396,LABOUR_BALANCE,9622,Halduse abitöölised,Kogu Eesti,3
396,LABOUR_BALANCE,9622,Halduse abitöölised,Harju maakond,3
396,LABOUR_BALANCE,9622,Halduse abitöölised,Hiiu maakond,3
396,LABOUR_BALANCE,9622,Halduse abitöölised,Ida-Viru maakond,2
396,LABOUR_BALANCE,9622,Halduse abitöölised,Jõgeva maakond,2
396,LABOUR_BALANCE,9622,Halduse abitöölised,Järva maakond,3
396,LABOUR_BALANCE,9622,Halduse abitöölised,Lääne maakond,3
396,LABOUR_BALANCE,9622,Halduse abitöölised,Lääne-Viru maakond,3
396,LABOUR_BALANCE,9622,Halduse abitöölised,Põlva maakond,3
396,LABOUR_BALANCE,9622,Halduse abitöölised,Pärnu maakond,2
396,LABOUR_BALANCE,9622,Halduse abitöölised,Rapla maakond,3
396,LABOUR_BALANCE,9622,Halduse abitöölised,Saare maakond,3
396,LABOUR_BALANCE,9622,Halduse abitöölised,Tartu maakond,3
396,LABOUR_BALANCE,9622,Halduse abitöölised,Valga maakond,3
396,LABOUR_BALANCE,9622,Halduse abitöölised,Viljandi maakond,3
396,LABOUR_BALANCE,9622,Halduse abitöölised,Võru maakond,3
396,LABOUR_BALANCE,9624,Veekandjad ja küttepuude kogujad,Jõgeva maakond,3
396,LABOUR_BALANCE,9624,Veekandjad ja küttepuude kogujad,Viljandi maakond,3
396,LABOUR_BALANCE,9629,Mujal liigitamata lihttöölised,Kogu Eesti,3
396,LABOUR_BALANCE,9629,Mujal liigitamata lihttöölised,Harju maakond,3
396,LABOUR_BALANCE,9629,Mujal liigitamata lihttöölised,Hiiu maakond,3
396,LABOUR_BALANCE,9629,Mujal liigitamata lihttöölised,Ida-Viru maakond,2
396,LABOUR_BALANCE,9629,Mujal liigitamata lihttöölised,Jõgeva maakond,3
396,LABOUR_BALANCE,9629,Mujal liigitamata lihttöölised,Järva maakond,3
396,LABOUR_BALANCE,9629,Mujal liigitamata lihttöölised,Lääne maakond,3
396,LABOUR_BALANCE,9629,Mujal liigitamata lihttöölised,Lääne-Viru maakond,3
396,LABOUR_BALANCE,9629,Mujal liigitamata lihttöölised,Põlva maakond,3
396,LABOUR_BALANCE,9629,Mujal liigitamata lihttöölised,Pärnu maakond,2
396,LABOUR_BALANCE,9629,Mujal liigitamata lihttöölised,Rapla maakond,3
396,LABOUR_BALANCE,9629,Mujal liigitamata lihttöölised,Saare maakond,3
396,LABOUR_BALANCE,9629,Mujal liigitamata lihttöölised,Tartu maakond,2
396,LABOUR_BALANCE,9629,Mujal liigitamata lihttöölised,Valga maakond,3
396,LABOUR_BALANCE,9629,Mujal liigitamata lihttöölised,Viljandi maakond,3
396,LABOUR_BALANCE,9629,Mujal liigitamata lihttöölised,Võru maakond,3
396,LABOUR_DEMAND,1120,Ettevõtete tegevdirektorid ja –juhatajad,Kogu Eesti,3
396,LABOUR_DEMAND,1120,Ettevõtete tegevdirektorid ja –juhatajad,Harju maakond,3
396,LABOUR_DEMAND,1120,Ettevõtete tegevdirektorid ja –juhatajad,Hiiu maakond,3
396,LABOUR_DEMAND,1120,Ettevõtete tegevdirektorid ja –juhatajad,Ida-Viru maakond,3
396,LABOUR_DEMAND,1120,Ettevõtete tegevdirektorid ja –juhatajad,Jõgeva maakond,3
396,LABOUR_DEMAND,1120,Ettevõtete tegevdirektorid ja –juhatajad,Järva maakond,3
396,LABOUR_DEMAND,1120,Ettevõtete tegevdirektorid ja –juhatajad,Lääne maakond,3
396,LABOUR_DEMAND,1120,Ettevõtete tegevdirektorid ja –juhatajad,Lääne-Viru maakond,3
396,LABOUR_DEMAND,1120,Ettevõtete tegevdirektorid ja –juhatajad,Põlva maakond,3
396,LABOUR_DEMAND,1120,Ettevõtete tegevdirektorid ja –juhatajad,Pärnu maakond,3
396,LABOUR_DEMAND,1120,Ettevõtete tegevdirektorid ja –juhatajad,Rapla maakond,3
396,LABOUR_DEMAND,1120,Ettevõtete tegevdirektorid ja –juhatajad,Saare maakond,3
396,LABOUR_DEMAND,1120,Ettevõtete tegevdirektorid ja –juhatajad,Tartu maakond,3
396,LABOUR_DEMAND,1120,Ettevõtete tegevdirektorid ja –juhatajad,Valga maakond,3
396,LABOUR_DEMAND,1120,Ettevõtete tegevdirektorid ja –juhatajad,Viljandi maakond,3
396,LABOUR_DEMAND,1120,Ettevõtete tegevdirektorid ja –juhatajad,Võru maakond,3
396,LABOUR_DEMAND,1211,Juhid finantsalal,Kogu Eesti,3
396,LABOUR_DEMAND,1211,Juhid finantsalal,Harju maakond,3
396,LABOUR_DEMAND,1211,Juhid finantsalal,Hiiu maakond,3
396,LABOUR_DEMAND,1211,Juhid finantsalal,Ida-Viru maakond,3
396,LABOUR_DEMAND,1211,Juhid finantsalal,Järva maakond,3
396,LABOUR_DEMAND,1211,Juhid finantsalal,Lääne maakond,3
396,LABOUR_DEMAND,1211,Juhid finantsalal,Lääne-Viru maakond,3
396,LABOUR_DEMAND,1211,Juhid finantsalal,Põlva maakond,3
396,LABOUR_DEMAND,1211,Juhid finantsalal,Pärnu maakond,3
396,LABOUR_DEMAND,1211,Juhid finantsalal,Rapla maakond,3
396,LABOUR_DEMAND,1211,Juhid finantsalal,Saare maakond,3
396,LABOUR_DEMAND,1211,Juhid finantsalal,Tartu maakond,3
396,LABOUR_DEMAND,1211,Juhid finantsalal,Valga maakond,3
396,LABOUR_DEMAND,1211,Juhid finantsalal,Viljandi maakond,3
396,LABOUR_DEMAND,1211,Juhid finantsalal,Võru maakond,3
396,LABOUR_DEMAND,1212,Juhid tööhõive alal,Kogu Eesti,3
396,LABOUR_DEMAND,1212,Juhid tööhõive alal,Harju maakond,3
396,LABOUR_DEMAND,1212,Juhid tööhõive alal,Saare maakond,3
396,LABOUR_DEMAND,1212,Juhid tööhõive alal,Tartu maakond,3
396,LABOUR_DEMAND,1219,Mujal liigitamata äriteeninduse ja haldusala juhid,Kogu Eesti,3
396,LABOUR_DEMAND,1219,Mujal liigitamata äriteeninduse ja haldusala juhid,Harju maakond,3
396,LABOUR_DEMAND,1219,Mujal liigitamata äriteeninduse ja haldusala juhid,Hiiu maakond,3
396,LABOUR_DEMAND,1219,Mujal liigitamata äriteeninduse ja haldusala juhid,Ida-Viru maakond,3
396,LABOUR_DEMAND,1219,Mujal liigitamata äriteeninduse ja haldusala juhid,Jõgeva maakond,3
396,LABOUR_DEMAND,1219,Mujal liigitamata äriteeninduse ja haldusala juhid,Järva maakond,3
396,LABOUR_DEMAND,1219,Mujal liigitamata äriteeninduse ja haldusala juhid,Lääne maakond,3
396,LABOUR_DEMAND,1219,Mujal liigitamata äriteeninduse ja haldusala juhid,Lääne-Viru maakond,3
396,LABOUR_DEMAND,1219,Mujal liigitamata äriteeninduse ja haldusala juhid,Põlva maakond,3
396,LABOUR_DEMAND,1219,Mujal liigitamata äriteeninduse ja haldusala juhid,Pärnu maakond,3
396,LABOUR_DEMAND,1219,Mujal liigitamata äriteeninduse ja haldusala juhid,Rapla maakond,3
396,LABOUR_DEMAND,1219,Mujal liigitamata äriteeninduse ja haldusala juhid,Saare maakond,3
396,LABOUR_DEMAND,1219,Mujal liigitamata äriteeninduse ja haldusala juhid,Tartu maakond,3
396,LABOUR_DEMAND,1219,Mujal liigitamata äriteeninduse ja haldusala juhid,Valga maakond,3
396,LABOUR_DEMAND,1219,Mujal liigitamata äriteeninduse ja haldusala juhid,Viljandi maakond,3
396,LABOUR_DEMAND,1219,Mujal liigitamata äriteeninduse ja haldusala juhid,Võru maakond,3
396,LABOUR_DEMAND,1221,Juhid müügi- ja turundusalal,Kogu Eesti,3
396,LABOUR_DEMAND,1221,Juhid müügi- ja turundusalal,Harju maakond,3
396,LABOUR_DEMAND,1221,Juhid müügi- ja turundusalal,Hiiu maakond,3
396,LABOUR_DEMAND,1221,Juhid müügi- ja turundusalal,Ida-Viru maakond,3
396,LABOUR_DEMAND,1221,Juhid müügi- ja turundusalal,Lääne maakond,3
396,LABOUR_DEMAND,1221,Juhid müügi- ja turundusalal,Pärnu maakond,3
396,LABOUR_DEMAND,1221,Juhid müügi- ja turundusalal,Saare maakond,3
396,LABOUR_DEMAND,1221,Juhid müügi- ja turundusalal,Tartu maakond,3
396,LABOUR_DEMAND,1221,Juhid müügi- ja turundusalal,Valga maakond,3
396,LABOUR_DEMAND,1221,Juhid müügi- ja turundusalal,Viljandi maakond,3
396,LABOUR_DEMAND,1221,Juhid müügi- ja turundusalal,Võru maakond,3
396,LABOUR_DEMAND,1223,Juhid teadus- ja arendusalal,Kogu Eesti,3
396,LABOUR_DEMAND,1223,Juhid teadus- ja arendusalal,Harju maakond,3
396,LABOUR_DEMAND,1223,Juhid teadus- ja arendusalal,Lääne maakond,3
396,LABOUR_DEMAND,1223,Juhid teadus- ja arendusalal,Lääne-Viru maakond,3
396,LABOUR_DEMAND,1223,Juhid teadus- ja arendusalal,Saare maakond,3
396,LABOUR_DEMAND,1223,Juhid teadus- ja arendusalal,Tartu maakond,3
396,LABOUR_DEMAND,1223,Juhid teadus- ja arendusalal,Viljandi maakond,3
396,LABOUR_DEMAND,1311,Juhid põllumajanduses ja metsanduses,Põlva maakond,3
396,LABOUR_DEMAND,1311,Juhid põllumajanduses ja metsanduses,Rapla maakond,3
396,LABOUR_DEMAND,1311,Juhid põllumajanduses ja metsanduses,Saare maakond,3
396,LABOUR_DEMAND,1321,Juhid tööstuses,Kogu Eesti,3
396,LABOUR_DEMAND,1321,Juhid tööstuses,Harju maakond,3
396,LABOUR_DEMAND,1321,Juhid tööstuses,Hiiu maakond,3
396,LABOUR_DEMAND,1321,Juhid tööstuses,Ida-Viru maakond,2
396,LABOUR_DEMAND,1321,Juhid tööstuses,Jõgeva maakond,3
396,LABOUR_DEMAND,1321,Juhid tööstuses,Järva maakond,4
396,LABOUR_DEMAND,1321,Juhid tööstuses,Lääne maakond,3
396,LABOUR_DEMAND,1321,Juhid tööstuses,Lääne-Viru maakond,3
396,LABOUR_DEMAND,1321,Juhid tööstuses,Põlva maakond,3
396,LABOUR_DEMAND,1321,Juhid tööstuses,Pärnu maakond,3
396,LABOUR_DEMAND,1321,Juhid tööstuses,Rapla maakond,3
396,LABOUR_DEMAND,1321,Juhid tööstuses,Saare maakond,3
396,LABOUR_DEMAND,1321,Juhid tööstuses,Tartu maakond,3
396,LABOUR_DEMAND,1321,Juhid tööstuses,Valga maakond,3
396,LABOUR_DEMAND,1321,Juhid tööstuses,Viljandi maakond,3
396,LABOUR_DEMAND,1321,Juhid tööstuses,Võru maakond,3
396,LABOUR_DEMAND,1323,Juhid ehituses,Kogu Eesti,3
396,LABOUR_DEMAND,1323,Juhid ehituses,Harju maakond,3
396,LABOUR_DEMAND,1323,Juhid ehituses,Hiiu maakond,3
396,LABOUR_DEMAND,1323,Juhid ehituses,Ida-Viru maakond,3
396,LABOUR_DEMAND,1323,Juhid ehituses,Jõgeva maakond,3
396,LABOUR_DEMAND,1323,Juhid ehituses,Järva maakond,3
396,LABOUR_DEMAND,1323,Juhid ehituses,Lääne maakond,3
396,LABOUR_DEMAND,1323,Juhid ehituses,Lääne-Viru maakond,3
396,LABOUR_DEMAND,1323,Juhid ehituses,Pärnu maakond,3
396,LABOUR_DEMAND,1323,Juhid ehituses,Rapla maakond,3
396,LABOUR_DEMAND,1323,Juhid ehituses,Saare maakond,3
396,LABOUR_DEMAND,1323,Juhid ehituses,Tartu maakond,3
396,LABOUR_DEMAND,1323,Juhid ehituses,Valga maakond,3
396,LABOUR_DEMAND,1323,Juhid ehituses,Viljandi maakond,3
396,LABOUR_DEMAND,1323,Juhid ehituses,Võru maakond,3
396,LABOUR_DEMAND,1324,"Juhid tarne, transpordi, laonduse ja turustamise alal",Kogu Eesti,3
396,LABOUR_DEMAND,1324,"Juhid tarne, transpordi, laonduse ja turustamise alal",Harju maakond,3
396,LABOUR_DEMAND,1324,"Juhid tarne, transpordi, laonduse ja turustamise alal",Hiiu maakond,3
396,LABOUR_DEMAND,1324,"Juhid tarne, transpordi, laonduse ja turustamise alal",Ida-Viru maakond,3
396,LABOUR_DEMAND,1324,"Juhid tarne, transpordi, laonduse ja turustamise alal",Jõgeva maakond,3
396,LABOUR_DEMAND,1324,"Juhid tarne, transpordi, laonduse ja turustamise alal",Järva maakond,3
396,LABOUR_DEMAND,1324,"Juhid tarne, transpordi, laonduse ja turustamise alal",Lääne maakond,3
396,LABOUR_DEMAND,1324,"Juhid tarne, transpordi, laonduse ja turustamise alal",Lääne-Viru maakond,3
396,LABOUR_DEMAND,1324,"Juhid tarne, transpordi, laonduse ja turustamise alal",Põlva maakond,3
396,LABOUR_DEMAND,1324,"Juhid tarne, transpordi, laonduse ja turustamise alal",Pärnu maakond,3
396,LABOUR_DEMAND,1324,"Juhid tarne, transpordi, laonduse ja turustamise alal",Rapla maakond,3
396,LABOUR_DEMAND,1324,"Juhid tarne, transpordi, laonduse ja turustamise alal",Saare maakond,3
396,LABOUR_DEMAND,1324,"Juhid tarne, transpordi, laonduse ja turustamise alal",Tartu maakond,3
396,LABOUR_DEMAND,1324,"Juhid tarne, transpordi, laonduse ja turustamise alal",Valga maakond,3
396,LABOUR_DEMAND,1324,"Juhid tarne, transpordi, laonduse ja turustamise alal",Viljandi maakond,3
396,LABOUR_DEMAND,1324,"Juhid tarne, transpordi, laonduse ja turustamise alal",Võru maakond,3
396,LABOUR_DEMAND,1330,Juhid info- ja kommunikatsioonitehnoloogias,Kogu Eesti,3
396,LABOUR_DEMAND,1330,Juhid info- ja kommunikatsioonitehnoloogias,Harju maakond,3
396,LABOUR_DEMAND,1330,Juhid info- ja kommunikatsioonitehnoloogias,Hiiu maakond,3
396,LABOUR_DEMAND,1330,Juhid info- ja kommunikatsioonitehnoloogias,Ida-Viru maakond,3
396,LABOUR_DEMAND,1330,Juhid info- ja kommunikatsioonitehnoloogias,Põlva maakond,3
396,LABOUR_DEMAND,1330,Juhid info- ja kommunikatsioonitehnoloogias,Pärnu maakond,3
396,LABOUR_DEMAND,1330,Juhid info- ja kommunikatsioonitehnoloogias,Rapla maakond,3
396,LABOUR_DEMAND,1330,Juhid info- ja kommunikatsioonitehnoloogias,Saare maakond,3
396,LABOUR_DEMAND,1330,Juhid info- ja kommunikatsioonitehnoloogias,Tartu maakond,3
396,LABOUR_DEMAND,1330,Juhid info- ja kommunikatsioonitehnoloogias,Valga maakond,3
396,LABOUR_DEMAND,1330,Juhid info- ja kommunikatsioonitehnoloogias,Võru maakond,3
396,LABOUR_DEMAND,1344,Juhid sotsiaalhoolekande alal,Valga maakond,3
396,LABOUR_DEMAND,1345,Juhid haridus- ja koolitusalal,Kogu Eesti,3
396,LABOUR_DEMAND,1345,Juhid haridus- ja koolitusalal,Harju maakond,3
396,LABOUR_DEMAND,1345,Juhid haridus- ja koolitusalal,Hiiu maakond,3
396,LABOUR_DEMAND,1345,Juhid haridus- ja koolitusalal,Ida-Viru maakond,3
396,LABOUR_DEMAND,1345,Juhid haridus- ja koolitusalal,Jõgeva maakond,3
396,LABOUR_DEMAND,1345,Juhid haridus- ja koolitusalal,Järva maakond,3
396,LABOUR_DEMAND,1345,Juhid haridus- ja koolitusalal,Lääne maakond,3
396,LABOUR_DEMAND,1345,Juhid haridus- ja koolitusalal,Lääne-Viru maakond,3
396,LABOUR_DEMAND,1345,Juhid haridus- ja koolitusalal,Põlva maakond,3
396,LABOUR_DEMAND,1345,Juhid haridus- ja koolitusalal,Pärnu maakond,3
396,LABOUR_DEMAND,1345,Juhid haridus- ja koolitusalal,Rapla maakond,3
396,LABOUR_DEMAND,1345,Juhid haridus- ja koolitusalal,Saare maakond,3
396,LABOUR_DEMAND,1345,Juhid haridus- ja koolitusalal,Tartu maakond,3
396,LABOUR_DEMAND,1345,Juhid haridus- ja koolitusalal,Valga maakond,3
396,LABOUR_DEMAND,1345,Juhid haridus- ja koolitusalal,Viljandi maakond,3
396,LABOUR_DEMAND,1345,Juhid haridus- ja koolitusalal,Võru maakond,3
396,LABOUR_DEMAND,1346,Juhid finantsvahendus- ja kindlustusteenuste alal,Kogu Eesti,3
396,LABOUR_DEMAND,1346,Juhid finantsvahendus- ja kindlustusteenuste alal,Harju maakond,3
396,LABOUR_DEMAND,1346,Juhid finantsvahendus- ja kindlustusteenuste alal,Tartu maakond,3
396,LABOUR_DEMAND,1349,Juhid mujal liigitamata erialateenuseid osutavates asutustes,Kogu Eesti,3
396,LABOUR_DEMAND,1349,Juhid mujal liigitamata erialateenuseid osutavates asutustes,Harju maakond,3
396,LABOUR_DEMAND,1349,Juhid mujal liigitamata erialateenuseid osutavates asutustes,Hiiu maakond,3
396,LABOUR_DEMAND,1349,Juhid mujal liigitamata erialateenuseid osutavates asutustes,Jõgeva maakond,3
396,LABOUR_DEMAND,1349,Juhid mujal liigitamata erialateenuseid osutavates asutustes,Järva maakond,3
396,LABOUR_DEMAND,1349,Juhid mujal liigitamata erialateenuseid osutavates asutustes,Lääne maakond,3
396,LABOUR_DEMAND,1349,Juhid mujal liigitamata erialateenuseid osutavates asutustes,Lääne-Viru maakond,3
396,LABOUR_DEMAND,1349,Juhid mujal liigitamata erialateenuseid osutavates asutustes,Põlva maakond,3
396,LABOUR_DEMAND,1349,Juhid mujal liigitamata erialateenuseid osutavates asutustes,Rapla maakond,3
396,LABOUR_DEMAND,1349,Juhid mujal liigitamata erialateenuseid osutavates asutustes,Saare maakond,3
396,LABOUR_DEMAND,1349,Juhid mujal liigitamata erialateenuseid osutavates asutustes,Tartu maakond,3
396,LABOUR_DEMAND,1349,Juhid mujal liigitamata erialateenuseid osutavates asutustes,Valga maakond,3
396,LABOUR_DEMAND,1349,Juhid mujal liigitamata erialateenuseid osutavates asutustes,Viljandi maakond,3
396,LABOUR_DEMAND,1349,Juhid mujal liigitamata erialateenuseid osutavates asutustes,Võru maakond,3
396,LABOUR_DEMAND,1412,Juhid toitlustuses,Kogu Eesti,3
396,LABOUR_DEMAND,1412,Juhid toitlustuses,Harju maakond,3
396,LABOUR_DEMAND,1412,Juhid toitlustuses,Hiiu maakond,3
396,LABOUR_DEMAND,1412,Juhid toitlustuses,Ida-Viru maakond,3
396,LABOUR_DEMAND,1412,Juhid toitlustuses,Jõgeva maakond,3
396,LABOUR_DEMAND,1412,Juhid toitlustuses,Järva maakond,3
396,LABOUR_DEMAND,1412,Juhid toitlustuses,Lääne maakond,3
396,LABOUR_DEMAND,1412,Juhid toitlustuses,Lääne-Viru maakond,3
396,LABOUR_DEMAND,1412,Juhid toitlustuses,Põlva maakond,3
396,LABOUR_DEMAND,1412,Juhid toitlustuses,Pärnu maakond,3
396,LABOUR_DEMAND,1412,Juhid toitlustuses,Rapla maakond,3
396,LABOUR_DEMAND,1412,Juhid toitlustuses,Saare maakond,3
396,LABOUR_DEMAND,1412,Juhid toitlustuses,Tartu maakond,3
396,LABOUR_DEMAND,1412,Juhid toitlustuses,Valga maakond,3
396,LABOUR_DEMAND,1412,Juhid toitlustuses,Viljandi maakond,3
396,LABOUR_DEMAND,1412,Juhid toitlustuses,Võru maakond,3
396,LABOUR_DEMAND,1420,Juhid hulgi- ja jaekaubanduses,Kogu Eesti,3
396,LABOUR_DEMAND,1420,Juhid hulgi- ja jaekaubanduses,Harju maakond,3
396,LABOUR_DEMAND,1420,Juhid hulgi- ja jaekaubanduses,Hiiu maakond,3
396,LABOUR_DEMAND,1420,Juhid hulgi- ja jaekaubanduses,Ida-Viru maakond,3
396,LABOUR_DEMAND,1420,Juhid hulgi- ja jaekaubanduses,Jõgeva maakond,3
396,LABOUR_DEMAND,1420,Juhid hulgi- ja jaekaubanduses,Järva maakond,3
396,LABOUR_DEMAND,1420,Juhid hulgi- ja jaekaubanduses,Lääne maakond,3
396,LABOUR_DEMAND,1420,Juhid hulgi- ja jaekaubanduses,Lääne-Viru maakond,3
396,LABOUR_DEMAND,1420,Juhid hulgi- ja jaekaubanduses,Põlva maakond,3
396,LABOUR_DEMAND,1420,Juhid hulgi- ja jaekaubanduses,Pärnu maakond,2
396,LABOUR_DEMAND,1420,Juhid hulgi- ja jaekaubanduses,Rapla maakond,3
396,LABOUR_DEMAND,1420,Juhid hulgi- ja jaekaubanduses,Saare maakond,3
396,LABOUR_DEMAND,1420,Juhid hulgi- ja jaekaubanduses,Tartu maakond,3
396,LABOUR_DEMAND,1420,Juhid hulgi- ja jaekaubanduses,Valga maakond,3
396,LABOUR_DEMAND,1420,Juhid hulgi- ja jaekaubanduses,Viljandi maakond,3
396,LABOUR_DEMAND,1420,Juhid hulgi- ja jaekaubanduses,Võru maakond,3
396,LABOUR_DEMAND,1431,"Juhid spordi-, rekreatsiooni- ja kultuurialal",Jõgeva maakond,3
396,LABOUR_DEMAND,1439,Juhid mujal liigitamata teenuseid osutavates asutustes,Kogu Eesti,3
396,LABOUR_DEMAND,1439,Juhid mujal liigitamata teenuseid osutavates asutustes,Harju maakond,3
396,LABOUR_DEMAND,1439,Juhid mujal liigitamata teenuseid osutavates asutustes,Hiiu maakond,3
396,LABOUR_DEMAND,1439,Juhid mujal liigitamata teenuseid osutavates asutustes,Ida-Viru maakond,3
396,LABOUR_DEMAND,1439,Juhid mujal liigitamata teenuseid osutavates asutustes,Jõgeva maakond,3
396,LABOUR_DEMAND,1439,Juhid mujal liigitamata teenuseid osutavates asutustes,Järva maakond,3
396,LABOUR_DEMAND,1439,Juhid mujal liigitamata teenuseid osutavates asutustes,Lääne maakond,3
396,LABOUR_DEMAND,1439,Juhid mujal liigitamata teenuseid osutavates asutustes,Lääne-Viru maakond,3
396,LABOUR_DEMAND,1439,Juhid mujal liigitamata teenuseid osutavates asutustes,Rapla maakond,3
396,LABOUR_DEMAND,1439,Juhid mujal liigitamata teenuseid osutavates asutustes,Saare maakond,3
396,LABOUR_DEMAND,1439,Juhid mujal liigitamata teenuseid osutavates asutustes,Tartu maakond,3
396,LABOUR_DEMAND,1439,Juhid mujal liigitamata teenuseid osutavates asutustes,Valga maakond,3
396,LABOUR_DEMAND,1439,Juhid mujal liigitamata teenuseid osutavates asutustes,Viljandi maakond,3
396,LABOUR_DEMAND,1439,Juhid mujal liigitamata teenuseid osutavates asutustes,Võru maakond,3
396,LABOUR_DEMAND,2120,"Matemaatikud, aktuaarid ja statistikud",Kogu Eesti,3
396,LABOUR_DEMAND,2120,"Matemaatikud, aktuaarid ja statistikud",Harju maakond,3
396,LABOUR_DEMAND,2120,"Matemaatikud, aktuaarid ja statistikud",Tartu maakond,3
396,LABOUR_DEMAND,2132,"Taime- ja loomakasvatuse, metsanduse ja kalanduse nõuandjad",Jõgeva maakond,3
396,LABOUR_DEMAND,2141,Tööstus- ja tootmisinsenerid,Kogu Eesti,3
396,LABOUR_DEMAND,2141,Tööstus- ja tootmisinsenerid,Harju maakond,3
396,LABOUR_DEMAND,2141,Tööstus- ja tootmisinsenerid,Ida-Viru maakond,3
396,LABOUR_DEMAND,2141,Tööstus- ja tootmisinsenerid,Järva maakond,3
396,LABOUR_DEMAND,2141,Tööstus- ja tootmisinsenerid,Pärnu maakond,3
396,LABOUR_DEMAND,2141,Tööstus- ja tootmisinsenerid,Saare maakond,3
396,LABOUR_DEMAND,2141,Tööstus- ja tootmisinsenerid,Tartu maakond,3
396,LABOUR_DEMAND,2142,Ehitusinsenerid,Kogu Eesti,2
396,LABOUR_DEMAND,2142,Ehitusinsenerid,Harju maakond,2
396,LABOUR_DEMAND,2142,Ehitusinsenerid,Ida-Viru maakond,3
396,LABOUR_DEMAND,2142,Ehitusinsenerid,Järva maakond,3
396,LABOUR_DEMAND,2142,Ehitusinsenerid,Lääne maakond,3
396,LABOUR_DEMAND,2142,Ehitusinsenerid,Põlva maakond,3
396,LABOUR_DEMAND,2142,Ehitusinsenerid,Pärnu maakond,3
396,LABOUR_DEMAND,2142,Ehitusinsenerid,Rapla maakond,3
396,LABOUR_DEMAND,2142,Ehitusinsenerid,Saare maakond,3
396,LABOUR_DEMAND,2142,Ehitusinsenerid,Tartu maakond,3
396,LABOUR_DEMAND,2142,Ehitusinsenerid,Viljandi maakond,3
396,LABOUR_DEMAND,2142,Ehitusinsenerid,Võru maakond,3
396,LABOUR_DEMAND,2161,Ehitusarhitektid,Kogu Eesti,3
396,LABOUR_DEMAND,2161,Ehitusarhitektid,Harju maakond,3
396,LABOUR_DEMAND,2166,Kujundajad ja multimeediakunstnikud,Kogu Eesti,3
396,LABOUR_DEMAND,2166,Kujundajad ja multimeediakunstnikud,Harju maakond,3
396,LABOUR_DEMAND,2166,Kujundajad ja multimeediakunstnikud,Ida-Viru maakond,3
396,LABOUR_DEMAND,2166,Kujundajad ja multimeediakunstnikud,Lääne maakond,3
396,LABOUR_DEMAND,2166,Kujundajad ja multimeediakunstnikud,Pärnu maakond,3
396,LABOUR_DEMAND,2166,Kujundajad ja multimeediakunstnikud,Rapla maakond,3
396,LABOUR_DEMAND,2166,Kujundajad ja multimeediakunstnikud,Saare maakond,3
396,LABOUR_DEMAND,2166,Kujundajad ja multimeediakunstnikud,Tartu maakond,3
396,LABOUR_DEMAND,2211,Üldarstid,Kogu Eesti,3
396,LABOUR_DEMAND,2211,Üldarstid,Harju maakond,3
396,LABOUR_DEMAND,2211,Üldarstid,Hiiu maakond,3
396,LABOUR_DEMAND,2211,Üldarstid,Ida-Viru maakond,3
396,LABOUR_DEMAND,2211,Üldarstid,Jõgeva maakond,3
396,LABOUR_DEMAND,2211,Üldarstid,Järva maakond,3
396,LABOUR_DEMAND,2211,Üldarstid,Lääne maakond,3
396,LABOUR_DEMAND,2211,Üldarstid,Lääne-Viru maakond,3
396,LABOUR_DEMAND,2211,Üldarstid,Põlva maakond,3
396,LABOUR_DEMAND,2211,Üldarstid,Pärnu maakond,3
396,LABOUR_DEMAND,2211,Üldarstid,Rapla maakond,3
396,LABOUR_DEMAND,2211,Üldarstid,Saare maakond,3
396,LABOUR_DEMAND,2211,Üldarstid,Tartu maakond,3
396,LABOUR_DEMAND,2211,Üldarstid,Valga maakond,3
396,LABOUR_DEMAND,2211,Üldarstid,Viljandi maakond,3
396,LABOUR_DEMAND,2211,Üldarstid,Võru maakond,3
396,LABOUR_DEMAND,2212,Eriarstid,Kogu Eesti,3
396,LABOUR_DEMAND,2212,Eriarstid,Harju maakond,3
396,LABOUR_DEMAND,2212,Eriarstid,Hiiu maakond,3
396,LABOUR_DEMAND,2212,Eriarstid,Ida-Viru maakond,3
396,LABOUR_DEMAND,2212,Eriarstid,Jõgeva maakond,3
396,LABOUR_DEMAND,2212,Eriarstid,Järva maakond,3
396,LABOUR_DEMAND,2212,Eriarstid,Lääne maakond,3
396,LABOUR_DEMAND,2212,Eriarstid,Lääne-Viru maakond,3
396,LABOUR_DEMAND,2212,Eriarstid,Põlva maakond,3
396,LABOUR_DEMAND,2212,Eriarstid,Pärnu maakond,3
396,LABOUR_DEMAND,2212,Eriarstid,Rapla maakond,3
396,LABOUR_DEMAND,2212,Eriarstid,Saare maakond,3
396,LABOUR_DEMAND,2212,Eriarstid,Tartu maakond,3
396,LABOUR_DEMAND,2212,Eriarstid,Valga maakond,3
396,LABOUR_DEMAND,2212,Eriarstid,Viljandi maakond,3
396,LABOUR_DEMAND,2212,Eriarstid,Võru maakond,3
396,LABOUR_DEMAND,2221,Õenduse tippspetsialistid,Kogu Eesti,3
396,LABOUR_DEMAND,2221,Õenduse tippspetsialistid,Harju maakond,3
396,LABOUR_DEMAND,2221,Õenduse tippspetsialistid,Hiiu maakond,3
396,LABOUR_DEMAND,2221,Õenduse tippspetsialistid,Ida-Viru maakond,3
396,LABOUR_DEMAND,2221,Õenduse tippspetsialistid,Jõgeva maakond,3
396,LABOUR_DEMAND,2221,Õenduse tippspetsialistid,Järva maakond,3
396,LABOUR_DEMAND,2221,Õenduse tippspetsialistid,Lääne maakond,3
396,LABOUR_DEMAND,2221,Õenduse tippspetsialistid,Lääne-Viru maakond,3
396,LABOUR_DEMAND,2221,Õenduse tippspetsialistid,Põlva maakond,3
396,LABOUR_DEMAND,2221,Õenduse tippspetsialistid,Pärnu maakond,3
396,LABOUR_DEMAND,2221,Õenduse tippspetsialistid,Rapla maakond,3
396,LABOUR_DEMAND,2221,Õenduse tippspetsialistid,Saare maakond,3
396,LABOUR_DEMAND,2221,Õenduse tippspetsialistid,Tartu maakond,3
396,LABOUR_DEMAND,2221,Õenduse tippspetsialistid,Valga maakond,3
396,LABOUR_DEMAND,2221,Õenduse tippspetsialistid,Viljandi maakond,3
396,LABOUR_DEMAND,2221,Õenduse tippspetsialistid,Võru maakond,3
396,LABOUR_DEMAND,2250,Loomaarstid,Põlva maakond,3
396,LABOUR_DEMAND,2261,Hambaarstid,Kogu Eesti,3
396,LABOUR_DEMAND,2261,Hambaarstid,Harju maakond,3
396,LABOUR_DEMAND,2261,Hambaarstid,Ida-Viru maakond,3
396,LABOUR_DEMAND,2261,Hambaarstid,Pärnu maakond,3
396,LABOUR_DEMAND,2261,Hambaarstid,Tartu maakond,3
396,LABOUR_DEMAND,2261,Hambaarstid,Valga maakond,3
396,LABOUR_DEMAND,2262,Apteekrid,Kogu Eesti,3
396,LABOUR_DEMAND,2262,Apteekrid,Harju maakond,3
396,LABOUR_DEMAND,2262,Apteekrid,Ida-Viru maakond,3
396,LABOUR_DEMAND,2262,Apteekrid,Pärnu maakond,3
396,LABOUR_DEMAND,2262,Apteekrid,Tartu maakond,3
396,LABOUR_DEMAND,2264,Füsioterapeudid,Ida-Viru maakond,3
396,LABOUR_DEMAND,2264,Füsioterapeudid,Järva maakond,3
396,LABOUR_DEMAND,2264,Füsioterapeudid,Lääne maakond,3
396,LABOUR_DEMAND,2264,Füsioterapeudid,Põlva maakond,3
396,LABOUR_DEMAND,2264,Füsioterapeudid,Valga maakond,3
396,LABOUR_DEMAND,2264,Füsioterapeudid,Viljandi maakond,3
396,LABOUR_DEMAND,2266,Audioloogid ja logopeedid,Kogu Eesti,3
396,LABOUR_DEMAND,2266,Audioloogid ja logopeedid,Harju maakond,3
396,LABOUR_DEMAND,2266,Audioloogid ja logopeedid,Ida-Viru maakond,3
396,LABOUR_DEMAND,2266,Audioloogid ja logopeedid,Jõgeva maakond,3
396,LABOUR_DEMAND,2266,Audioloogid ja logopeedid,Järva maakond,3
396,LABOUR_DEMAND,2266,Audioloogid ja logopeedid,Lääne maakond,3
396,LABOUR_DEMAND,2266,Audioloogid ja logopeedid,Lääne-Viru maakond,3
396,LABOUR_DEMAND,2266,Audioloogid ja logopeedid,Põlva maakond,3
396,LABOUR_DEMAND,2266,Audioloogid ja logopeedid,Pärnu maakond,3
396,LABOUR_DEMAND,2266,Audioloogid ja logopeedid,Rapla maakond,3
396,LABOUR_DEMAND,2266,Audioloogid ja logopeedid,Tartu maakond,3
396,LABOUR_DEMAND,2266,Audioloogid ja logopeedid,Valga maakond,3
396,LABOUR_DEMAND,2266,Audioloogid ja logopeedid,Viljandi maakond,3
396,LABOUR_DEMAND,2266,Audioloogid ja logopeedid,Võru maakond,3
396,LABOUR_DEMAND,2269,Mujal liigitamata tervishoiu tippspetsialistid,Kogu Eesti,2
396,LABOUR_DEMAND,2269,Mujal liigitamata tervishoiu tippspetsialistid,Harju maakond,2
396,LABOUR_DEMAND,2269,Mujal liigitamata tervishoiu tippspetsialistid,Valga maakond,3
396,LABOUR_DEMAND,2310,Ülikoolide ja kõrgkoolide õppejõud,Kogu Eesti,3
396,LABOUR_DEMAND,2310,Ülikoolide ja kõrgkoolide õppejõud,Harju maakond,3
396,LABOUR_DEMAND,2310,Ülikoolide ja kõrgkoolide õppejõud,Ida-Viru maakond,3
396,LABOUR_DEMAND,2310,Ülikoolide ja kõrgkoolide õppejõud,Lääne maakond,3
396,LABOUR_DEMAND,2310,Ülikoolide ja kõrgkoolide õppejõud,Lääne-Viru maakond,3
396,LABOUR_DEMAND,2310,Ülikoolide ja kõrgkoolide õppejõud,Pärnu maakond,3
396,LABOUR_DEMAND,2310,Ülikoolide ja kõrgkoolide õppejõud,Saare maakond,3
396,LABOUR_DEMAND,2310,Ülikoolide ja kõrgkoolide õppejõud,Tartu maakond,3
396,LABOUR_DEMAND,2310,Ülikoolide ja kõrgkoolide õppejõud,Viljandi maakond,3
396,LABOUR_DEMAND,2320,Kutseõpetajad,Kogu Eesti,3
396,LABOUR_DEMAND,2320,Kutseõpetajad,Harju maakond,3
396,LABOUR_DEMAND,2320,Kutseõpetajad,Hiiu maakond,3
396,LABOUR_DEMAND,2320,Kutseõpetajad,Ida-Viru maakond,3
396,LABOUR_DEMAND,2320,Kutseõpetajad,Jõgeva maakond,3
396,LABOUR_DEMAND,2320,Kutseõpetajad,Järva maakond,3
396,LABOUR_DEMAND,2320,Kutseõpetajad,Lääne maakond,3
396,LABOUR_DEMAND,2320,Kutseõpetajad,Lääne-Viru maakond,3
396,LABOUR_DEMAND,2320,Kutseõpetajad,Põlva maakond,3
396,LABOUR_DEMAND,2320,Kutseõpetajad,Pärnu maakond,3
396,LABOUR_DEMAND,2320,Kutseõpetajad,Rapla maakond,3
396,LABOUR_DEMAND,2320,Kutseõpetajad,Saare maakond,3
396,LABOUR_DEMAND,2320,Kutseõpetajad,Tartu maakond,3
396,LABOUR_DEMAND,2320,Kutseõpetajad,Valga maakond,3
396,LABOUR_DEMAND,2320,Kutseõpetajad,Viljandi maakond,3
396,LABOUR_DEMAND,2320,Kutseõpetajad,Võru maakond,3
396,LABOUR_DEMAND,2330,Üldhariduskoolide vanema astme õpetajad,Kogu Eesti,3
396,LABOUR_DEMAND,2330,Üldhariduskoolide vanema astme õpetajad,Harju maakond,3
396,LABOUR_DEMAND,2330,Üldhariduskoolide vanema astme õpetajad,Hiiu maakond,3
396,LABOUR_DEMAND,2330,Üldhariduskoolide vanema astme õpetajad,Ida-Viru maakond,3
396,LABOUR_DEMAND,2330,Üldhariduskoolide vanema astme õpetajad,Jõgeva maakond,3
396,LABOUR_DEMAND,2330,Üldhariduskoolide vanema astme õpetajad,Järva maakond,3
396,LABOUR_DEMAND,2330,Üldhariduskoolide vanema astme õpetajad,Lääne maakond,3
396,LABOUR_DEMAND,2330,Üldhariduskoolide vanema astme õpetajad,Lääne-Viru maakond,3
396,LABOUR_DEMAND,2330,Üldhariduskoolide vanema astme õpetajad,Põlva maakond,3
396,LABOUR_DEMAND,2330,Üldhariduskoolide vanema astme õpetajad,Pärnu maakond,3
396,LABOUR_DEMAND,2330,Üldhariduskoolide vanema astme õpetajad,Rapla maakond,3
396,LABOUR_DEMAND,2330,Üldhariduskoolide vanema astme õpetajad,Saare maakond,3
396,LABOUR_DEMAND,2330,Üldhariduskoolide vanema astme õpetajad,Tartu maakond,3
396,LABOUR_DEMAND,2330,Üldhariduskoolide vanema astme õpetajad,Valga maakond,3
396,LABOUR_DEMAND,2330,Üldhariduskoolide vanema astme õpetajad,Viljandi maakond,3
396,LABOUR_DEMAND,2330,Üldhariduskoolide vanema astme õpetajad,Võru maakond,3
396,LABOUR_DEMAND,2341,Alghariduse õpetajad,Kogu Eesti,3
396,LABOUR_DEMAND,2341,Alghariduse õpetajad,Harju maakond,3
396,LABOUR_DEMAND,2341,Alghariduse õpetajad,Hiiu maakond,3
396,LABOUR_DEMAND,2341,Alghariduse õpetajad,Ida-Viru maakond,3
396,LABOUR_DEMAND,2341,Alghariduse õpetajad,Jõgeva maakond,3
396,LABOUR_DEMAND,2341,Alghariduse õpetajad,Järva maakond,3
396,LABOUR_DEMAND,2341,Alghariduse õpetajad,Lääne maakond,3
396,LABOUR_DEMAND,2341,Alghariduse õpetajad,Lääne-Viru maakond,3
396,LABOUR_DEMAND,2341,Alghariduse õpetajad,Põlva maakond,3
396,LABOUR_DEMAND,2341,Alghariduse õpetajad,Pärnu maakond,3
396,LABOUR_DEMAND,2341,Alghariduse õpetajad,Rapla maakond,3
396,LABOUR_DEMAND,2341,Alghariduse õpetajad,Saare maakond,3
396,LABOUR_DEMAND,2341,Alghariduse õpetajad,Tartu maakond,3
396,LABOUR_DEMAND,2341,Alghariduse õpetajad,Valga maakond,3
396,LABOUR_DEMAND,2341,Alghariduse õpetajad,Viljandi maakond,3
396,LABOUR_DEMAND,2341,Alghariduse õpetajad,Võru maakond,3
396,LABOUR_DEMAND,2342,Lasteaiaõpetajad,Kogu Eesti,3
396,LABOUR_DEMAND,2342,Lasteaiaõpetajad,Harju maakond,3
396,LABOUR_DEMAND,2342,Lasteaiaõpetajad,Hiiu maakond,3
396,LABOUR_DEMAND,2342,Lasteaiaõpetajad,Ida-Viru maakond,3
396,LABOUR_DEMAND,2342,Lasteaiaõpetajad,Jõgeva maakond,3
396,LABOUR_DEMAND,2342,Lasteaiaõpetajad,Järva maakond,3
396,LABOUR_DEMAND,2342,Lasteaiaõpetajad,Lääne maakond,3
396,LABOUR_DEMAND,2342,Lasteaiaõpetajad,Lääne-Viru maakond,3
396,LABOUR_DEMAND,2342,Lasteaiaõpetajad,Põlva maakond,3
396,LABOUR_DEMAND,2342,Lasteaiaõpetajad,Pärnu maakond,3
396,LABOUR_DEMAND,2342,Lasteaiaõpetajad,Rapla maakond,3
396,LABOUR_DEMAND,2342,Lasteaiaõpetajad,Saare maakond,3
396,LABOUR_DEMAND,2342,Lasteaiaõpetajad,Tartu maakond,3
396,LABOUR_DEMAND,2342,Lasteaiaõpetajad,Valga maakond,3
396,LABOUR_DEMAND,2342,Lasteaiaõpetajad,Viljandi maakond,3
396,LABOUR_DEMAND,2342,Lasteaiaõpetajad,Võru maakond,3
396,LABOUR_DEMAND,2351,Õppemetoodika tippspetsialistid,Rapla maakond,3
396,LABOUR_DEMAND,2352,Eripedagoogid,Kogu Eesti,3
396,LABOUR_DEMAND,2352,Eripedagoogid,Harju maakond,3
396,LABOUR_DEMAND,2352,Eripedagoogid,Ida-Viru maakond,3
396,LABOUR_DEMAND,2352,Eripedagoogid,Jõgeva maakond,3
396,LABOUR_DEMAND,2352,Eripedagoogid,Järva maakond,3
396,LABOUR_DEMAND,2352,Eripedagoogid,Lääne maakond,3
396,LABOUR_DEMAND,2352,Eripedagoogid,Lääne-Viru maakond,3
396,LABOUR_DEMAND,2352,Eripedagoogid,Põlva maakond,3
396,LABOUR_DEMAND,2352,Eripedagoogid,Pärnu maakond,3
396,LABOUR_DEMAND,2352,Eripedagoogid,Rapla maakond,2
396,LABOUR_DEMAND,2352,Eripedagoogid,Tartu maakond,3
396,LABOUR_DEMAND,2352,Eripedagoogid,Valga maakond,3
396,LABOUR_DEMAND,2352,Eripedagoogid,Viljandi maakond,3
396,LABOUR_DEMAND,2352,Eripedagoogid,Võru maakond,3
396,LABOUR_DEMAND,2353,Muud keeleõpetajad,Kogu Eesti,3
396,LABOUR_DEMAND,2353,Muud keeleõpetajad,Harju maakond,3
396,LABOUR_DEMAND,2353,Muud keeleõpetajad,Ida-Viru maakond,3
396,LABOUR_DEMAND,2353,Muud keeleõpetajad,Jõgeva maakond,3
396,LABOUR_DEMAND,2353,Muud keeleõpetajad,Järva maakond,3
396,LABOUR_DEMAND,2353,Muud keeleõpetajad,Lääne-Viru maakond,3
396,LABOUR_DEMAND,2353,Muud keeleõpetajad,Põlva maakond,3
396,LABOUR_DEMAND,2353,Muud keeleõpetajad,Pärnu maakond,3
396,LABOUR_DEMAND,2353,Muud keeleõpetajad,Rapla maakond,3
396,LABOUR_DEMAND,2353,Muud keeleõpetajad,Saare maakond,3
396,LABOUR_DEMAND,2353,Muud keeleõpetajad,Tartu maakond,3
396,LABOUR_DEMAND,2353,Muud keeleõpetajad,Valga maakond,3
396,LABOUR_DEMAND,2353,Muud keeleõpetajad,Viljandi maakond,3
396,LABOUR_DEMAND,2353,Muud keeleõpetajad,Võru maakond,3
396,LABOUR_DEMAND,2354,Muud muusikaõpetajad,Valga maakond,3
396,LABOUR_DEMAND,2356,Infotehnoloogia õpetajad ja koolitajad,Saare maakond,3
396,LABOUR_DEMAND,2359,Mujal liigitamata hariduse tippspetsialistid,Kogu Eesti,3
396,LABOUR_DEMAND,2359,Mujal liigitamata hariduse tippspetsialistid,Harju maakond,3
396,LABOUR_DEMAND,2359,Mujal liigitamata hariduse tippspetsialistid,Hiiu maakond,3
396,LABOUR_DEMAND,2359,Mujal liigitamata hariduse tippspetsialistid,Ida-Viru maakond,3
396,LABOUR_DEMAND,2359,Mujal liigitamata hariduse tippspetsialistid,Jõgeva maakond,3
396,LABOUR_DEMAND,2359,Mujal liigitamata hariduse tippspetsialistid,Järva maakond,3
396,LABOUR_DEMAND,2359,Mujal liigitamata hariduse tippspetsialistid,Lääne maakond,3
396,LABOUR_DEMAND,2359,Mujal liigitamata hariduse tippspetsialistid,Lääne-Viru maakond,3
396,LABOUR_DEMAND,2359,Mujal liigitamata hariduse tippspetsialistid,Põlva maakond,3
396,LABOUR_DEMAND,2359,Mujal liigitamata hariduse tippspetsialistid,Pärnu maakond,3
396,LABOUR_DEMAND,2359,Mujal liigitamata hariduse tippspetsialistid,Rapla maakond,3
396,LABOUR_DEMAND,2359,Mujal liigitamata hariduse tippspetsialistid,Saare maakond,3
396,LABOUR_DEMAND,2359,Mujal liigitamata hariduse tippspetsialistid,Tartu maakond,3
396,LABOUR_DEMAND,2359,Mujal liigitamata hariduse tippspetsialistid,Valga maakond,3
396,LABOUR_DEMAND,2359,Mujal liigitamata hariduse tippspetsialistid,Võru maakond,3
396,LABOUR_DEMAND,2411,Raamatupidajad,Kogu Eesti,3
396,LABOUR_DEMAND,2411,Raamatupidajad,Harju maakond,3
396,LABOUR_DEMAND,2411,Raamatupidajad,Hiiu maakond,3
396,LABOUR_DEMAND,2411,Raamatupidajad,Ida-Viru maakond,3
396,LABOUR_DEMAND,2411,Raamatupidajad,Jõgeva maakond,3
396,LABOUR_DEMAND,2411,Raamatupidajad,Järva maakond,3
396,LABOUR_DEMAND,2411,Raamatupidajad,Lääne maakond,3
396,LABOUR_DEMAND,2411,Raamatupidajad,Lääne-Viru maakond,3
396,LABOUR_DEMAND,2411,Raamatupidajad,Põlva maakond,3
396,LABOUR_DEMAND,2411,Raamatupidajad,Pärnu maakond,3
396,LABOUR_DEMAND,2411,Raamatupidajad,Rapla maakond,3
396,LABOUR_DEMAND,2411,Raamatupidajad,Saare maakond,3
396,LABOUR_DEMAND,2411,Raamatupidajad,Tartu maakond,3
396,LABOUR_DEMAND,2411,Raamatupidajad,Valga maakond,3
396,LABOUR_DEMAND,2411,Raamatupidajad,Viljandi maakond,3
396,LABOUR_DEMAND,2411,Raamatupidajad,Võru maakond,3
396,LABOUR_DEMAND,2412,Finants- ja investeerimisnõustajad,Kogu Eesti,3
396,LABOUR_DEMAND,2412,Finants- ja investeerimisnõustajad,Harju maakond,3
396,LABOUR_DEMAND,2412,Finants- ja investeerimisnõustajad,Ida-Viru maakond,3
396,LABOUR_DEMAND,2412,Finants- ja investeerimisnõustajad,Pärnu maakond,3
396,LABOUR_DEMAND,2412,Finants- ja investeerimisnõustajad,Tartu maakond,3
396,LABOUR_DEMAND,2413,Finantsanalüütikud,Kogu Eesti,3
396,LABOUR_DEMAND,2413,Finantsanalüütikud,Harju maakond,3
396,LABOUR_DEMAND,2421,Juhtimis- ja korraldusvaldkonna analüütikud,Kogu Eesti,3
396,LABOUR_DEMAND,2421,Juhtimis- ja korraldusvaldkonna analüütikud,Harju maakond,3
396,LABOUR_DEMAND,2421,Juhtimis- ja korraldusvaldkonna analüütikud,Hiiu maakond,3
396,LABOUR_DEMAND,2421,Juhtimis- ja korraldusvaldkonna analüütikud,Ida-Viru maakond,3
396,LABOUR_DEMAND,2421,Juhtimis- ja korraldusvaldkonna analüütikud,Jõgeva maakond,3
396,LABOUR_DEMAND,2421,Juhtimis- ja korraldusvaldkonna analüütikud,Järva maakond,3
396,LABOUR_DEMAND,2421,Juhtimis- ja korraldusvaldkonna analüütikud,Lääne maakond,3
396,LABOUR_DEMAND,2421,Juhtimis- ja korraldusvaldkonna analüütikud,Lääne-Viru maakond,3
396,LABOUR_DEMAND,2421,Juhtimis- ja korraldusvaldkonna analüütikud,Põlva maakond,3
396,LABOUR_DEMAND,2421,Juhtimis- ja korraldusvaldkonna analüütikud,Pärnu maakond,3
396,LABOUR_DEMAND,2421,Juhtimis- ja korraldusvaldkonna analüütikud,Rapla maakond,3
396,LABOUR_DEMAND,2421,Juhtimis- ja korraldusvaldkonna analüütikud,Saare maakond,3
396,LABOUR_DEMAND,2421,Juhtimis- ja korraldusvaldkonna analüütikud,Tartu maakond,3
396,LABOUR_DEMAND,2421,Juhtimis- ja korraldusvaldkonna analüütikud,Valga maakond,3
396,LABOUR_DEMAND,2421,Juhtimis- ja korraldusvaldkonna analüütikud,Viljandi maakond,3
396,LABOUR_DEMAND,2421,Juhtimis- ja korraldusvaldkonna analüütikud,Võru maakond,3
396,LABOUR_DEMAND,2422,Äri- ja avaliku halduse tippspetsialistid,Kogu Eesti,3
396,LABOUR_DEMAND,2422,Äri- ja avaliku halduse tippspetsialistid,Harju maakond,3
396,LABOUR_DEMAND,2422,Äri- ja avaliku halduse tippspetsialistid,Ida-Viru maakond,3
396,LABOUR_DEMAND,2422,Äri- ja avaliku halduse tippspetsialistid,Lääne maakond,3
396,LABOUR_DEMAND,2422,Äri- ja avaliku halduse tippspetsialistid,Tartu maakond,3
396,LABOUR_DEMAND,2423,Personali- ja karjääri tippspetsialistid,Kogu Eesti,3
396,LABOUR_DEMAND,2423,Personali- ja karjääri tippspetsialistid,Harju maakond,3
396,LABOUR_DEMAND,2423,Personali- ja karjääri tippspetsialistid,Hiiu maakond,3
396,LABOUR_DEMAND,2423,Personali- ja karjääri tippspetsialistid,Ida-Viru maakond,3
396,LABOUR_DEMAND,2423,Personali- ja karjääri tippspetsialistid,Jõgeva maakond,3
396,LABOUR_DEMAND,2423,Personali- ja karjääri tippspetsialistid,Järva maakond,3
396,LABOUR_DEMAND,2423,Personali- ja karjääri tippspetsialistid,Lääne maakond,3
396,LABOUR_DEMAND,2423,Personali- ja karjääri tippspetsialistid,Lääne-Viru maakond,3
396,LABOUR_DEMAND,2423,Personali- ja karjääri tippspetsialistid,Põlva maakond,3
396,LABOUR_DEMAND,2423,Personali- ja karjääri tippspetsialistid,Pärnu maakond,3
396,LABOUR_DEMAND,2423,Personali- ja karjääri tippspetsialistid,Rapla maakond,3
396,LABOUR_DEMAND,2423,Personali- ja karjääri tippspetsialistid,Saare maakond,3
396,LABOUR_DEMAND,2423,Personali- ja karjääri tippspetsialistid,Tartu maakond,3
396,LABOUR_DEMAND,2423,Personali- ja karjääri tippspetsialistid,Valga maakond,3
396,LABOUR_DEMAND,2423,Personali- ja karjääri tippspetsialistid,Viljandi maakond,3
396,LABOUR_DEMAND,2423,Personali- ja karjääri tippspetsialistid,Võru maakond,3
396,LABOUR_DEMAND,2424,Töötajate koolitus- ja täiendõppe tippspetsialistid,Kogu Eesti,3
396,LABOUR_DEMAND,2424,Töötajate koolitus- ja täiendõppe tippspetsialistid,Harju maakond,3
396,LABOUR_DEMAND,2424,Töötajate koolitus- ja täiendõppe tippspetsialistid,Hiiu maakond,3
396,LABOUR_DEMAND,2424,Töötajate koolitus- ja täiendõppe tippspetsialistid,Lääne maakond,3
396,LABOUR_DEMAND,2424,Töötajate koolitus- ja täiendõppe tippspetsialistid,Viljandi maakond,3
396,LABOUR_DEMAND,2431,Reklaami- ja turunduse tippspetsialistid,Kogu Eesti,3
396,LABOUR_DEMAND,2431,Reklaami- ja turunduse tippspetsialistid,Harju maakond,3
396,LABOUR_DEMAND,2431,Reklaami- ja turunduse tippspetsialistid,Hiiu maakond,3
396,LABOUR_DEMAND,2431,Reklaami- ja turunduse tippspetsialistid,Ida-Viru maakond,3
396,LABOUR_DEMAND,2431,Reklaami- ja turunduse tippspetsialistid,Järva maakond,3
396,LABOUR_DEMAND,2431,Reklaami- ja turunduse tippspetsialistid,Lääne maakond,3
396,LABOUR_DEMAND,2431,Reklaami- ja turunduse tippspetsialistid,Lääne-Viru maakond,3
396,LABOUR_DEMAND,2431,Reklaami- ja turunduse tippspetsialistid,Põlva maakond,3
396,LABOUR_DEMAND,2431,Reklaami- ja turunduse tippspetsialistid,Rapla maakond,3
396,LABOUR_DEMAND,2431,Reklaami- ja turunduse tippspetsialistid,Saare maakond,3
396,LABOUR_DEMAND,2431,Reklaami- ja turunduse tippspetsialistid,Tartu maakond,3
396,LABOUR_DEMAND,2431,Reklaami- ja turunduse tippspetsialistid,Valga maakond,3
396,LABOUR_DEMAND,2431,Reklaami- ja turunduse tippspetsialistid,Viljandi maakond,3
396,LABOUR_DEMAND,2431,Reklaami- ja turunduse tippspetsialistid,Võru maakond,3
396,LABOUR_DEMAND,2432,Avalike suhete tippspetsialistid,Kogu Eesti,3
396,LABOUR_DEMAND,2432,Avalike suhete tippspetsialistid,Harju maakond,3
396,LABOUR_DEMAND,2432,Avalike suhete tippspetsialistid,Ida-Viru maakond,3
396,LABOUR_DEMAND,2432,Avalike suhete tippspetsialistid,Põlva maakond,3
396,LABOUR_DEMAND,2432,Avalike suhete tippspetsialistid,Võru maakond,3
396,LABOUR_DEMAND,2433,Tehnika- (v.a info- ja kommunikatsioonitehnoloogia) ja meditsiiniseadmete müügi tippspetsialistid,Kogu Eesti,3
396,LABOUR_DEMAND,2433,Tehnika- (v.a info- ja kommunikatsioonitehnoloogia) ja meditsiiniseadmete müügi tippspetsialistid,Harju maakond,3
396,LABOUR_DEMAND,2433,Tehnika- (v.a info- ja kommunikatsioonitehnoloogia) ja meditsiiniseadmete müügi tippspetsialistid,Tartu maakond,3
396,LABOUR_DEMAND,2511,Süsteemianalüütikud,Kogu Eesti,3
396,LABOUR_DEMAND,2511,Süsteemianalüütikud,Harju maakond,3
396,LABOUR_DEMAND,2511,Süsteemianalüütikud,Ida-Viru maakond,3
396,LABOUR_DEMAND,2511,Süsteemianalüütikud,Pärnu maakond,3
396,LABOUR_DEMAND,2511,Süsteemianalüütikud,Rapla maakond,3
396,LABOUR_DEMAND,2511,Süsteemianalüütikud,Tartu maakond,3
396,LABOUR_DEMAND,2512,Tarkvara arendajad,Kogu Eesti,3
396,LABOUR_DEMAND,2512,Tarkvara arendajad,Harju maakond,3
396,LABOUR_DEMAND,2512,Tarkvara arendajad,Ida-Viru maakond,3
396,LABOUR_DEMAND,2512,Tarkvara arendajad,Järva maakond,3
396,LABOUR_DEMAND,2512,Tarkvara arendajad,Pärnu maakond,3
396,LABOUR_DEMAND,2512,Tarkvara arendajad,Saare maakond,3
396,LABOUR_DEMAND,2512,Tarkvara arendajad,Tartu maakond,3
396,LABOUR_DEMAND,2512,Tarkvara arendajad,Viljandi maakond,3
396,LABOUR_DEMAND,2512,Tarkvara arendajad,Võru maakond,3
396,LABOUR_DEMAND,2513,Veebi- ja multimeediaarendajad,Kogu Eesti,3
396,LABOUR_DEMAND,2513,Veebi- ja multimeediaarendajad,Harju maakond,3
396,LABOUR_DEMAND,2513,Veebi- ja multimeediaarendajad,Pärnu maakond,3
396,LABOUR_DEMAND,2513,Veebi- ja multimeediaarendajad,Rapla maakond,3
396,LABOUR_DEMAND,2513,Veebi- ja multimeediaarendajad,Tartu maakond,3
396,LABOUR_DEMAND,2514,Rakenduste programmeerijad,Kogu Eesti,3
396,LABOUR_DEMAND,2514,Rakenduste programmeerijad,Harju maakond,3
396,LABOUR_DEMAND,2514,Rakenduste programmeerijad,Ida-Viru maakond,3
396,LABOUR_DEMAND,2514,Rakenduste programmeerijad,Pärnu maakond,3
396,LABOUR_DEMAND,2514,Rakenduste programmeerijad,Tartu maakond,3
396,LABOUR_DEMAND,2519,Tarkvara ja rakenduste mujal liigitamata arendajad ning analüütikud,Kogu Eesti,3
396,LABOUR_DEMAND,2519,Tarkvara ja rakenduste mujal liigitamata arendajad ning analüütikud,Harju maakond,3
396,LABOUR_DEMAND,2519,Tarkvara ja rakenduste mujal liigitamata arendajad ning analüütikud,Ida-Viru maakond,3
396,LABOUR_DEMAND,2519,Tarkvara ja rakenduste mujal liigitamata arendajad ning analüütikud,Pärnu maakond,3
396,LABOUR_DEMAND,2519,Tarkvara ja rakenduste mujal liigitamata arendajad ning analüütikud,Tartu maakond,3
396,LABOUR_DEMAND,2522,Süsteemiadministraatorid,Kogu Eesti,3
396,LABOUR_DEMAND,2522,Süsteemiadministraatorid,Harju maakond,3
396,LABOUR_DEMAND,2522,Süsteemiadministraatorid,Ida-Viru maakond,3
396,LABOUR_DEMAND,2522,Süsteemiadministraatorid,Pärnu maakond,3
396,LABOUR_DEMAND,2522,Süsteemiadministraatorid,Tartu maakond,3
396,LABOUR_DEMAND,2522,Süsteemiadministraatorid,Viljandi maakond,3
396,LABOUR_DEMAND,2611,"Advokaadid, prokurörid ja haldusjuristid",Kogu Eesti,3
396,LABOUR_DEMAND,2611,"Advokaadid, prokurörid ja haldusjuristid",Harju maakond,3
396,LABOUR_DEMAND,2611,"Advokaadid, prokurörid ja haldusjuristid",Ida-Viru maakond,3
396,LABOUR_DEMAND,2611,"Advokaadid, prokurörid ja haldusjuristid",Jõgeva maakond,3
396,LABOUR_DEMAND,2611,"Advokaadid, prokurörid ja haldusjuristid",Järva maakond,3
396,LABOUR_DEMAND,2611,"Advokaadid, prokurörid ja haldusjuristid",Lääne maakond,3
396,LABOUR_DEMAND,2611,"Advokaadid, prokurörid ja haldusjuristid",Rapla maakond,3
396,LABOUR_DEMAND,2611,"Advokaadid, prokurörid ja haldusjuristid",Saare maakond,3
396,LABOUR_DEMAND,2611,"Advokaadid, prokurörid ja haldusjuristid",Tartu maakond,3
396,LABOUR_DEMAND,2611,"Advokaadid, prokurörid ja haldusjuristid",Valga maakond,3
396,LABOUR_DEMAND,2611,"Advokaadid, prokurörid ja haldusjuristid",Viljandi maakond,3
396,LABOUR_DEMAND,2619,Mujal õigusvaldkonnas liigitamata tippspetsialistid,Kogu Eesti,3
396,LABOUR_DEMAND,2619,Mujal õigusvaldkonnas liigitamata tippspetsialistid,Harju maakond,3
396,LABOUR_DEMAND,2619,Mujal õigusvaldkonnas liigitamata tippspetsialistid,Ida-Viru maakond,3
396,LABOUR_DEMAND,2619,Mujal õigusvaldkonnas liigitamata tippspetsialistid,Rapla maakond,3
396,LABOUR_DEMAND,2619,Mujal õigusvaldkonnas liigitamata tippspetsialistid,Tartu maakond,3
396,LABOUR_DEMAND,2621,Arhivaarid ja kuraatorid,Võru maakond,3
396,LABOUR_DEMAND,2622,Raamatukoguhoidjad jms teabe tippspetsialistid,Hiiu maakond,3
396,LABOUR_DEMAND,2622,Raamatukoguhoidjad jms teabe tippspetsialistid,Saare maakond,3
396,LABOUR_DEMAND,2622,Raamatukoguhoidjad jms teabe tippspetsialistid,Valga maakond,3
396,LABOUR_DEMAND,2634,Psühholoogid,Kogu Eesti,3
396,LABOUR_DEMAND,2634,Psühholoogid,Harju maakond,3
396,LABOUR_DEMAND,2634,Psühholoogid,Ida-Viru maakond,3
396,LABOUR_DEMAND,2634,Psühholoogid,Jõgeva maakond,3
396,LABOUR_DEMAND,2634,Psühholoogid,Järva maakond,3
396,LABOUR_DEMAND,2634,Psühholoogid,Lääne maakond,3
396,LABOUR_DEMAND,2634,Psühholoogid,Põlva maakond,3
396,LABOUR_DEMAND,2634,Psühholoogid,Pärnu maakond,3
396,LABOUR_DEMAND,2634,Psühholoogid,Tartu maakond,3
396,LABOUR_DEMAND,2634,Psühholoogid,Valga maakond,3
396,LABOUR_DEMAND,2634,Psühholoogid,Viljandi maakond,3
396,LABOUR_DEMAND,2635,Sotsiaaltöötajad ja nõustajad,Kogu Eesti,3
396,LABOUR_DEMAND,2635,Sotsiaaltöötajad ja nõustajad,Harju maakond,3
396,LABOUR_DEMAND,2635,Sotsiaaltöötajad ja nõustajad,Hiiu maakond,3
396,LABOUR_DEMAND,2635,Sotsiaaltöötajad ja nõustajad,Ida-Viru maakond,3
396,LABOUR_DEMAND,2635,Sotsiaaltöötajad ja nõustajad,Jõgeva maakond,3
396,LABOUR_DEMAND,2635,Sotsiaaltöötajad ja nõustajad,Järva maakond,3
396,LABOUR_DEMAND,2635,Sotsiaaltöötajad ja nõustajad,Lääne maakond,3
396,LABOUR_DEMAND,2635,Sotsiaaltöötajad ja nõustajad,Lääne-Viru maakond,3
396,LABOUR_DEMAND,2635,Sotsiaaltöötajad ja nõustajad,Põlva maakond,3
396,LABOUR_DEMAND,2635,Sotsiaaltöötajad ja nõustajad,Pärnu maakond,3
396,LABOUR_DEMAND,2635,Sotsiaaltöötajad ja nõustajad,Rapla maakond,3
396,LABOUR_DEMAND,2635,Sotsiaaltöötajad ja nõustajad,Saare maakond,3
396,LABOUR_DEMAND,2635,Sotsiaaltöötajad ja nõustajad,Tartu maakond,3
396,LABOUR_DEMAND,2635,Sotsiaaltöötajad ja nõustajad,Valga maakond,3
396,LABOUR_DEMAND,2635,Sotsiaaltöötajad ja nõustajad,Viljandi maakond,3
396,LABOUR_DEMAND,2635,Sotsiaaltöötajad ja nõustajad,Võru maakond,3
396,LABOUR_DEMAND,2642,Ajakirjanikud,Kogu Eesti,3
396,LABOUR_DEMAND,2642,Ajakirjanikud,Harju maakond,3
396,LABOUR_DEMAND,2642,Ajakirjanikud,Ida-Viru maakond,3
396,LABOUR_DEMAND,2642,Ajakirjanikud,Lääne maakond,3
396,LABOUR_DEMAND,2642,Ajakirjanikud,Pärnu maakond,3
396,LABOUR_DEMAND,2642,Ajakirjanikud,Rapla maakond,3
396,LABOUR_DEMAND,2642,Ajakirjanikud,Tartu maakond,3
396,LABOUR_DEMAND,2643,"Tõlkijad, tõlgid jm keeleteadlased",Kogu Eesti,4
396,LABOUR_DEMAND,2643,"Tõlkijad, tõlgid jm keeleteadlased",Harju maakond,4
396,LABOUR_DEMAND,2643,"Tõlkijad, tõlgid jm keeleteadlased",Tartu maakond,3
396,LABOUR_DEMAND,3111,Keemia- ja füüsikateaduste tehnikud,Jõgeva maakond,3
396,LABOUR_DEMAND,3112,Ehitustehnikud,Kogu Eesti,3
396,LABOUR_DEMAND,3112,Ehitustehnikud,Harju maakond,3
396,LABOUR_DEMAND,3112,Ehitustehnikud,Ida-Viru maakond,3
396,LABOUR_DEMAND,3112,Ehitustehnikud,Saare maakond,3
396,LABOUR_DEMAND,3112,Ehitustehnikud,Tartu maakond,3
396,LABOUR_DEMAND,3113,Elektrotehniliste alade tehnikud,Kogu Eesti,3
396,LABOUR_DEMAND,3113,Elektrotehniliste alade tehnikud,Harju maakond,3
396,LABOUR_DEMAND,3113,Elektrotehniliste alade tehnikud,Ida-Viru maakond,3
396,LABOUR_DEMAND,3113,Elektrotehniliste alade tehnikud,Jõgeva maakond,3
396,LABOUR_DEMAND,3113,Elektrotehniliste alade tehnikud,Tartu maakond,3
396,LABOUR_DEMAND,3114,Elektroonikatehnikud,Kogu Eesti,3
396,LABOUR_DEMAND,3114,Elektroonikatehnikud,Harju maakond,3
396,LABOUR_DEMAND,3114,Elektroonikatehnikud,Ida-Viru maakond,3
396,LABOUR_DEMAND,3115,Masinaehitustehnikud,Kogu Eesti,3
396,LABOUR_DEMAND,3115,Masinaehitustehnikud,Harju maakond,3
396,LABOUR_DEMAND,3115,Masinaehitustehnikud,Hiiu maakond,3
396,LABOUR_DEMAND,3115,Masinaehitustehnikud,Ida-Viru maakond,3
396,LABOUR_DEMAND,3115,Masinaehitustehnikud,Jõgeva maakond,3
396,LABOUR_DEMAND,3115,Masinaehitustehnikud,Järva maakond,3
396,LABOUR_DEMAND,3115,Masinaehitustehnikud,Lääne maakond,3
396,LABOUR_DEMAND,3115,Masinaehitustehnikud,Lääne-Viru maakond,3
396,LABOUR_DEMAND,3115,Masinaehitustehnikud,Põlva maakond,3
396,LABOUR_DEMAND,3115,Masinaehitustehnikud,Pärnu maakond,3
396,LABOUR_DEMAND,3115,Masinaehitustehnikud,Rapla maakond,3
396,LABOUR_DEMAND,3115,Masinaehitustehnikud,Saare maakond,3
396,LABOUR_DEMAND,3115,Masinaehitustehnikud,Tartu maakond,3
396,LABOUR_DEMAND,3115,Masinaehitustehnikud,Valga maakond,3
396,LABOUR_DEMAND,3115,Masinaehitustehnikud,Viljandi maakond,3
396,LABOUR_DEMAND,3115,Masinaehitustehnikud,Võru maakond,3
396,LABOUR_DEMAND,3122,Tööstuse töödejuhatajad,Kogu Eesti,3
396,LABOUR_DEMAND,3122,Tööstuse töödejuhatajad,Harju maakond,3
396,LABOUR_DEMAND,3122,Tööstuse töödejuhatajad,Hiiu maakond,3
396,LABOUR_DEMAND,3122,Tööstuse töödejuhatajad,Ida-Viru maakond,3
396,LABOUR_DEMAND,3122,Tööstuse töödejuhatajad,Jõgeva maakond,3
396,LABOUR_DEMAND,3122,Tööstuse töödejuhatajad,Järva maakond,3
396,LABOUR_DEMAND,3122,Tööstuse töödejuhatajad,Lääne maakond,3
396,LABOUR_DEMAND,3122,Tööstuse töödejuhatajad,Lääne-Viru maakond,3
396,LABOUR_DEMAND,3122,Tööstuse töödejuhatajad,Põlva maakond,3
396,LABOUR_DEMAND,3122,Tööstuse töödejuhatajad,Pärnu maakond,3
396,LABOUR_DEMAND,3122,Tööstuse töödejuhatajad,Rapla maakond,3
396,LABOUR_DEMAND,3122,Tööstuse töödejuhatajad,Saare maakond,3
396,LABOUR_DEMAND,3122,Tööstuse töödejuhatajad,Tartu maakond,3
396,LABOUR_DEMAND,3122,Tööstuse töödejuhatajad,Valga maakond,3
396,LABOUR_DEMAND,3122,Tööstuse töödejuhatajad,Viljandi maakond,3
396,LABOUR_DEMAND,3122,Tööstuse töödejuhatajad,Võru maakond,3
396,LABOUR_DEMAND,3123,Ehituse töödejuhatajad,Kogu Eesti,3
396,LABOUR_DEMAND,3123,Ehituse töödejuhatajad,Harju maakond,3
396,LABOUR_DEMAND,3123,Ehituse töödejuhatajad,Hiiu maakond,3
396,LABOUR_DEMAND,3123,Ehituse töödejuhatajad,Ida-Viru maakond,3
396,LABOUR_DEMAND,3123,Ehituse töödejuhatajad,Jõgeva maakond,3
396,LABOUR_DEMAND,3123,Ehituse töödejuhatajad,Järva maakond,3
396,LABOUR_DEMAND,3123,Ehituse töödejuhatajad,Lääne maakond,3
396,LABOUR_DEMAND,3123,Ehituse töödejuhatajad,Lääne-Viru maakond,3
396,LABOUR_DEMAND,3123,Ehituse töödejuhatajad,Põlva maakond,3
396,LABOUR_DEMAND,3123,Ehituse töödejuhatajad,Pärnu maakond,3
396,LABOUR_DEMAND,3123,Ehituse töödejuhatajad,Rapla maakond,3
396,LABOUR_DEMAND,3123,Ehituse töödejuhatajad,Saare maakond,3
396,LABOUR_DEMAND,3123,Ehituse töödejuhatajad,Tartu maakond,3
396,LABOUR_DEMAND,3123,Ehituse töödejuhatajad,Valga maakond,3
396,LABOUR_DEMAND,3123,Ehituse töödejuhatajad,Viljandi maakond,3
396,LABOUR_DEMAND,3123,Ehituse töödejuhatajad,Võru maakond,3
396,LABOUR_DEMAND,3132,Jäätmepõletustehaste ja veepuhastusjaamade operaatorid,Lääne-Viru maakond,3
396,LABOUR_DEMAND,3132,Jäätmepõletustehaste ja veepuhastusjaamade operaatorid,Pärnu maakond,3
396,LABOUR_DEMAND,3132,Jäätmepõletustehaste ja veepuhastusjaamade operaatorid,Valga maakond,3
396,LABOUR_DEMAND,3135,Metallurgiatööstuse protsessijuhtimistehnikud,Valga maakond,3
396,LABOUR_DEMAND,3139,Mujal liigitamata protsessijuhtimistehnikud,Jõgeva maakond,3
396,LABOUR_DEMAND,3139,Mujal liigitamata protsessijuhtimistehnikud,Rapla maakond,3
396,LABOUR_DEMAND,3151,Laevamehaanikud,Hiiu maakond,3
396,LABOUR_DEMAND,3152,Laeva tekiohvitserid ja lootsid,Hiiu maakond,3
396,LABOUR_DEMAND,3152,Laeva tekiohvitserid ja lootsid,Lääne maakond,3
396,LABOUR_DEMAND,3152,Laeva tekiohvitserid ja lootsid,Saare maakond,3
396,LABOUR_DEMAND,3221,Õenduse keskastme spetsialistid,Kogu Eesti,3
396,LABOUR_DEMAND,3221,Õenduse keskastme spetsialistid,Harju maakond,2
396,LABOUR_DEMAND,3221,Õenduse keskastme spetsialistid,Hiiu maakond,3
396,LABOUR_DEMAND,3221,Õenduse keskastme spetsialistid,Ida-Viru maakond,3
396,LABOUR_DEMAND,3221,Õenduse keskastme spetsialistid,Jõgeva maakond,3
396,LABOUR_DEMAND,3221,Õenduse keskastme spetsialistid,Järva maakond,3
396,LABOUR_DEMAND,3221,Õenduse keskastme spetsialistid,Lääne maakond,3
396,LABOUR_DEMAND,3221,Õenduse keskastme spetsialistid,Lääne-Viru maakond,3
396,LABOUR_DEMAND,3221,Õenduse keskastme spetsialistid,Põlva maakond,3
396,LABOUR_DEMAND,3221,Õenduse keskastme spetsialistid,Pärnu maakond,3
396,LABOUR_DEMAND,3221,Õenduse keskastme spetsialistid,Rapla maakond,3
396,LABOUR_DEMAND,3221,Õenduse keskastme spetsialistid,Saare maakond,3
396,LABOUR_DEMAND,3221,Õenduse keskastme spetsialistid,Tartu maakond,3
396,LABOUR_DEMAND,3221,Õenduse keskastme spetsialistid,Valga maakond,3
396,LABOUR_DEMAND,3221,Õenduse keskastme spetsialistid,Viljandi maakond,3
396,LABOUR_DEMAND,3221,Õenduse keskastme spetsialistid,Võru maakond,3
396,LABOUR_DEMAND,3251,Hambaraviõed ja hambaravi keskastme spetsialistid,Saare maakond,3
396,LABOUR_DEMAND,3255,Abifüsioterapeudid,Kogu Eesti,3
396,LABOUR_DEMAND,3255,Abifüsioterapeudid,Harju maakond,3
396,LABOUR_DEMAND,3255,Abifüsioterapeudid,Lääne maakond,3
396,LABOUR_DEMAND,3313,Raamatupidamise keskastme spetsialistid,Kogu Eesti,4
396,LABOUR_DEMAND,3313,Raamatupidamise keskastme spetsialistid,Harju maakond,4
396,LABOUR_DEMAND,3313,Raamatupidamise keskastme spetsialistid,Hiiu maakond,3
396,LABOUR_DEMAND,3313,Raamatupidamise keskastme spetsialistid,Ida-Viru maakond,3
396,LABOUR_DEMAND,3313,Raamatupidamise keskastme spetsialistid,Jõgeva maakond,3
396,LABOUR_DEMAND,3313,Raamatupidamise keskastme spetsialistid,Järva maakond,3
396,LABOUR_DEMAND,3313,Raamatupidamise keskastme spetsialistid,Lääne maakond,3
396,LABOUR_DEMAND,3313,Raamatupidamise keskastme spetsialistid,Lääne-Viru maakond,3
396,LABOUR_DEMAND,3313,Raamatupidamise keskastme spetsialistid,Põlva maakond,3
396,LABOUR_DEMAND,3313,Raamatupidamise keskastme spetsialistid,Pärnu maakond,3
396,LABOUR_DEMAND,3313,Raamatupidamise keskastme spetsialistid,Rapla maakond,3
396,LABOUR_DEMAND,3313,Raamatupidamise keskastme spetsialistid,Saare maakond,3
396,LABOUR_DEMAND,3313,Raamatupidamise keskastme spetsialistid,Tartu maakond,3
396,LABOUR_DEMAND,3313,Raamatupidamise keskastme spetsialistid,Valga maakond,3
396,LABOUR_DEMAND,3313,Raamatupidamise keskastme spetsialistid,Viljandi maakond,3
396,LABOUR_DEMAND,3313,Raamatupidamise keskastme spetsialistid,Võru maakond,3
396,LABOUR_DEMAND,3315,Hindajad ja kahjuhindajad,Pärnu maakond,3
396,LABOUR_DEMAND,3322,Müügiesindajad,Kogu Eesti,3
396,LABOUR_DEMAND,3322,Müügiesindajad,Harju maakond,3
396,LABOUR_DEMAND,3322,Müügiesindajad,Hiiu maakond,3
396,LABOUR_DEMAND,3322,Müügiesindajad,Ida-Viru maakond,3
396,LABOUR_DEMAND,3322,Müügiesindajad,Jõgeva maakond,3
396,LABOUR_DEMAND,3322,Müügiesindajad,Järva maakond,3
396,LABOUR_DEMAND,3322,Müügiesindajad,Lääne maakond,3
396,LABOUR_DEMAND,3322,Müügiesindajad,Lääne-Viru maakond,3
396,LABOUR_DEMAND,3322,Müügiesindajad,Põlva maakond,3
396,LABOUR_DEMAND,3322,Müügiesindajad,Pärnu maakond,3
396,LABOUR_DEMAND,3322,Müügiesindajad,Saare maakond,3
396,LABOUR_DEMAND,3322,Müügiesindajad,Tartu maakond,3
396,LABOUR_DEMAND,3322,Müügiesindajad,Valga maakond,3
396,LABOUR_DEMAND,3322,Müügiesindajad,Viljandi maakond,3
396,LABOUR_DEMAND,3322,Müügiesindajad,Võru maakond,3
396,LABOUR_DEMAND,3323,Varustajad,Kogu Eesti,3
396,LABOUR_DEMAND,3323,Varustajad,Harju maakond,3
396,LABOUR_DEMAND,3323,Varustajad,Hiiu maakond,3
396,LABOUR_DEMAND,3323,Varustajad,Ida-Viru maakond,3
396,LABOUR_DEMAND,3323,Varustajad,Järva maakond,3
396,LABOUR_DEMAND,3323,Varustajad,Lääne maakond,3
396,LABOUR_DEMAND,3323,Varustajad,Lääne-Viru maakond,3
396,LABOUR_DEMAND,3323,Varustajad,Põlva maakond,3
396,LABOUR_DEMAND,3323,Varustajad,Pärnu maakond,3
396,LABOUR_DEMAND,3323,Varustajad,Saare maakond,3
396,LABOUR_DEMAND,3323,Varustajad,Tartu maakond,3
396,LABOUR_DEMAND,3323,Varustajad,Valga maakond,3
396,LABOUR_DEMAND,3323,Varustajad,Viljandi maakond,3
396,LABOUR_DEMAND,3323,Varustajad,Võru maakond,3
396,LABOUR_DEMAND,3333,Töövahendajad,Kogu Eesti,4
396,LABOUR_DEMAND,3333,Töövahendajad,Harju maakond,4
396,LABOUR_DEMAND,3333,Töövahendajad,Ida-Viru maakond,4
396,LABOUR_DEMAND,3333,Töövahendajad,Pärnu maakond,3
396,LABOUR_DEMAND,3333,Töövahendajad,Saare maakond,3
396,LABOUR_DEMAND,3333,Töövahendajad,Tartu maakond,3
396,LABOUR_DEMAND,3334,Kinnisvaramaaklerid ja -haldajad,Kogu Eesti,3
396,LABOUR_DEMAND,3334,Kinnisvaramaaklerid ja -haldajad,Harju maakond,3
396,LABOUR_DEMAND,3334,Kinnisvaramaaklerid ja -haldajad,Hiiu maakond,3
396,LABOUR_DEMAND,3334,Kinnisvaramaaklerid ja -haldajad,Ida-Viru maakond,3
396,LABOUR_DEMAND,3334,Kinnisvaramaaklerid ja -haldajad,Jõgeva maakond,3
396,LABOUR_DEMAND,3334,Kinnisvaramaaklerid ja -haldajad,Järva maakond,3
396,LABOUR_DEMAND,3334,Kinnisvaramaaklerid ja -haldajad,Lääne maakond,3
396,LABOUR_DEMAND,3334,Kinnisvaramaaklerid ja -haldajad,Lääne-Viru maakond,3
396,LABOUR_DEMAND,3334,Kinnisvaramaaklerid ja -haldajad,Põlva maakond,3
396,LABOUR_DEMAND,3334,Kinnisvaramaaklerid ja -haldajad,Pärnu maakond,3
396,LABOUR_DEMAND,3334,Kinnisvaramaaklerid ja -haldajad,Rapla maakond,3
396,LABOUR_DEMAND,3334,Kinnisvaramaaklerid ja -haldajad,Saare maakond,3
396,LABOUR_DEMAND,3334,Kinnisvaramaaklerid ja -haldajad,Tartu maakond,3
396,LABOUR_DEMAND,3334,Kinnisvaramaaklerid ja -haldajad,Valga maakond,3
396,LABOUR_DEMAND,3334,Kinnisvaramaaklerid ja -haldajad,Viljandi maakond,3
396,LABOUR_DEMAND,3334,Kinnisvaramaaklerid ja -haldajad,Võru maakond,3
396,LABOUR_DEMAND,3341,Juhtivametnikud,Kogu Eesti,4
396,LABOUR_DEMAND,3341,Juhtivametnikud,Harju maakond,4
396,LABOUR_DEMAND,3341,Juhtivametnikud,Ida-Viru maakond,3
396,LABOUR_DEMAND,3341,Juhtivametnikud,Pärnu maakond,3
396,LABOUR_DEMAND,3341,Juhtivametnikud,Tartu maakond,3
396,LABOUR_DEMAND,3343,Sekretärid-asjaajajad ja sekretärid-juhiabid,Kogu Eesti,4
396,LABOUR_DEMAND,3343,Sekretärid-asjaajajad ja sekretärid-juhiabid,Harju maakond,4
396,LABOUR_DEMAND,3343,Sekretärid-asjaajajad ja sekretärid-juhiabid,Hiiu maakond,3
396,LABOUR_DEMAND,3343,Sekretärid-asjaajajad ja sekretärid-juhiabid,Ida-Viru maakond,3
396,LABOUR_DEMAND,3343,Sekretärid-asjaajajad ja sekretärid-juhiabid,Jõgeva maakond,3
396,LABOUR_DEMAND,3343,Sekretärid-asjaajajad ja sekretärid-juhiabid,Järva maakond,3
396,LABOUR_DEMAND,3343,Sekretärid-asjaajajad ja sekretärid-juhiabid,Lääne maakond,3
396,LABOUR_DEMAND,3343,Sekretärid-asjaajajad ja sekretärid-juhiabid,Lääne-Viru maakond,4
396,LABOUR_DEMAND,3343,Sekretärid-asjaajajad ja sekretärid-juhiabid,Põlva maakond,3
396,LABOUR_DEMAND,3343,Sekretärid-asjaajajad ja sekretärid-juhiabid,Pärnu maakond,3
396,LABOUR_DEMAND,3343,Sekretärid-asjaajajad ja sekretärid-juhiabid,Rapla maakond,3
396,LABOUR_DEMAND,3343,Sekretärid-asjaajajad ja sekretärid-juhiabid,Saare maakond,3
396,LABOUR_DEMAND,3343,Sekretärid-asjaajajad ja sekretärid-juhiabid,Tartu maakond,3
396,LABOUR_DEMAND,3343,Sekretärid-asjaajajad ja sekretärid-juhiabid,Valga maakond,3
396,LABOUR_DEMAND,3343,Sekretärid-asjaajajad ja sekretärid-juhiabid,Viljandi maakond,3
396,LABOUR_DEMAND,3343,Sekretärid-asjaajajad ja sekretärid-juhiabid,Võru maakond,3
396,LABOUR_DEMAND,3344,Meditsiinialal töötavad sekretärid,Viljandi maakond,3
396,LABOUR_DEMAND,3351,Tolli- ja piiriinspektorid,Ida-Viru maakond,3
396,LABOUR_DEMAND,3359,Mujal liigitamata valitsuse haldusalade ametnikud,Kogu Eesti,4
396,LABOUR_DEMAND,3359,Mujal liigitamata valitsuse haldusalade ametnikud,Harju maakond,4
396,LABOUR_DEMAND,3359,Mujal liigitamata valitsuse haldusalade ametnikud,Hiiu maakond,3
396,LABOUR_DEMAND,3359,Mujal liigitamata valitsuse haldusalade ametnikud,Ida-Viru maakond,3
396,LABOUR_DEMAND,3359,Mujal liigitamata valitsuse haldusalade ametnikud,Jõgeva maakond,3
396,LABOUR_DEMAND,3359,Mujal liigitamata valitsuse haldusalade ametnikud,Järva maakond,3
396,LABOUR_DEMAND,3359,Mujal liigitamata valitsuse haldusalade ametnikud,Lääne maakond,3
396,LABOUR_DEMAND,3359,Mujal liigitamata valitsuse haldusalade ametnikud,Lääne-Viru maakond,3
396,LABOUR_DEMAND,3359,Mujal liigitamata valitsuse haldusalade ametnikud,Põlva maakond,3
396,LABOUR_DEMAND,3359,Mujal liigitamata valitsuse haldusalade ametnikud,Pärnu maakond,4
396,LABOUR_DEMAND,3359,Mujal liigitamata valitsuse haldusalade ametnikud,Rapla maakond,3
396,LABOUR_DEMAND,3359,Mujal liigitamata valitsuse haldusalade ametnikud,Saare maakond,3
396,LABOUR_DEMAND,3359,Mujal liigitamata valitsuse haldusalade ametnikud,Tartu maakond,3
396,LABOUR_DEMAND,3359,Mujal liigitamata valitsuse haldusalade ametnikud,Valga maakond,3
396,LABOUR_DEMAND,3359,Mujal liigitamata valitsuse haldusalade ametnikud,Viljandi maakond,3
396,LABOUR_DEMAND,3359,Mujal liigitamata valitsuse haldusalade ametnikud,Võru maakond,3
396,LABOUR_DEMAND,3412,Sotsiaaltöö keskastme spetsialistid,Kogu Eesti,3
396,LABOUR_DEMAND,3412,Sotsiaaltöö keskastme spetsialistid,Harju maakond,3
396,LABOUR_DEMAND,3412,Sotsiaaltöö keskastme spetsialistid,Hiiu maakond,3
396,LABOUR_DEMAND,3412,Sotsiaaltöö keskastme spetsialistid,Ida-Viru maakond,3
396,LABOUR_DEMAND,3412,Sotsiaaltöö keskastme spetsialistid,Jõgeva maakond,3
396,LABOUR_DEMAND,3412,Sotsiaaltöö keskastme spetsialistid,Järva maakond,3
396,LABOUR_DEMAND,3412,Sotsiaaltöö keskastme spetsialistid,Lääne maakond,3
396,LABOUR_DEMAND,3412,Sotsiaaltöö keskastme spetsialistid,Lääne-Viru maakond,3
396,LABOUR_DEMAND,3412,Sotsiaaltöö keskastme spetsialistid,Põlva maakond,3
396,LABOUR_DEMAND,3412,Sotsiaaltöö keskastme spetsialistid,Pärnu maakond,3
396,LABOUR_DEMAND,3412,Sotsiaaltöö keskastme spetsialistid,Rapla maakond,3
396,LABOUR_DEMAND,3412,Sotsiaaltöö keskastme spetsialistid,Saare maakond,3
396,LABOUR_DEMAND,3412,Sotsiaaltöö keskastme spetsialistid,Tartu maakond,3
396,LABOUR_DEMAND,3412,Sotsiaaltöö keskastme spetsialistid,Valga maakond,2
396,LABOUR_DEMAND,3412,Sotsiaaltöö keskastme spetsialistid,Viljandi maakond,3
396,LABOUR_DEMAND,3412,Sotsiaaltöö keskastme spetsialistid,Võru maakond,3
396,LABOUR_DEMAND,3422,"Treenerid, spordikohtunikud ja -ametnikud",Kogu Eesti,3
396,LABOUR_DEMAND,3422,"Treenerid, spordikohtunikud ja -ametnikud",Harju maakond,3
396,LABOUR_DEMAND,3422,"Treenerid, spordikohtunikud ja -ametnikud",Järva maakond,3
396,LABOUR_DEMAND,3422,"Treenerid, spordikohtunikud ja -ametnikud",Lääne maakond,3
396,LABOUR_DEMAND,3422,"Treenerid, spordikohtunikud ja -ametnikud",Lääne-Viru maakond,3
396,LABOUR_DEMAND,3422,"Treenerid, spordikohtunikud ja -ametnikud",Põlva maakond,3
396,LABOUR_DEMAND,3422,"Treenerid, spordikohtunikud ja -ametnikud",Rapla maakond,3
396,LABOUR_DEMAND,3422,"Treenerid, spordikohtunikud ja -ametnikud",Saare maakond,3
396,LABOUR_DEMAND,3422,"Treenerid, spordikohtunikud ja -ametnikud",Tartu maakond,3
396,LABOUR_DEMAND,3422,"Treenerid, spordikohtunikud ja -ametnikud",Viljandi maakond,3
396,LABOUR_DEMAND,3422,"Treenerid, spordikohtunikud ja -ametnikud",Võru maakond,3
396,LABOUR_DEMAND,3433,"Galeriide, muuseumide ja raamatukogude tehnilised töötajad",Hiiu maakond,3
396,LABOUR_DEMAND,3434,Peakokad,Kogu Eesti,3
396,LABOUR_DEMAND,3434,Peakokad,Harju maakond,3
396,LABOUR_DEMAND,3434,Peakokad,Ida-Viru maakond,3
396,LABOUR_DEMAND,3434,Peakokad,Jõgeva maakond,3
396,LABOUR_DEMAND,3434,Peakokad,Järva maakond,3
396,LABOUR_DEMAND,3434,Peakokad,Lääne maakond,3
396,LABOUR_DEMAND,3434,Peakokad,Lääne-Viru maakond,3
396,LABOUR_DEMAND,3434,Peakokad,Pärnu maakond,3
396,LABOUR_DEMAND,3434,Peakokad,Saare maakond,3
396,LABOUR_DEMAND,3434,Peakokad,Tartu maakond,3
396,LABOUR_DEMAND,3435,Muud kunsti- ja kultuuriala keskastme spetsialistid,Hiiu maakond,3
396,LABOUR_DEMAND,3435,Muud kunsti- ja kultuuriala keskastme spetsialistid,Jõgeva maakond,3
396,LABOUR_DEMAND,3435,Muud kunsti- ja kultuuriala keskastme spetsialistid,Tartu maakond,3
396,LABOUR_DEMAND,3435,Muud kunsti- ja kultuuriala keskastme spetsialistid,Viljandi maakond,3
396,LABOUR_DEMAND,3512,Info- ja kommunikatsioonitehnoloogia kasutajatoe tehnikud,Kogu Eesti,3
396,LABOUR_DEMAND,3512,Info- ja kommunikatsioonitehnoloogia kasutajatoe tehnikud,Harju maakond,3
396,LABOUR_DEMAND,3512,Info- ja kommunikatsioonitehnoloogia kasutajatoe tehnikud,Hiiu maakond,3
396,LABOUR_DEMAND,3512,Info- ja kommunikatsioonitehnoloogia kasutajatoe tehnikud,Ida-Viru maakond,3
396,LABOUR_DEMAND,3512,Info- ja kommunikatsioonitehnoloogia kasutajatoe tehnikud,Jõgeva maakond,3
396,LABOUR_DEMAND,3512,Info- ja kommunikatsioonitehnoloogia kasutajatoe tehnikud,Järva maakond,3
396,LABOUR_DEMAND,3512,Info- ja kommunikatsioonitehnoloogia kasutajatoe tehnikud,Lääne maakond,3
396,LABOUR_DEMAND,3512,Info- ja kommunikatsioonitehnoloogia kasutajatoe tehnikud,Lääne-Viru maakond,3
396,LABOUR_DEMAND,3512,Info- ja kommunikatsioonitehnoloogia kasutajatoe tehnikud,Põlva maakond,3
396,LABOUR_DEMAND,3512,Info- ja kommunikatsioonitehnoloogia kasutajatoe tehnikud,Pärnu maakond,3
396,LABOUR_DEMAND,3512,Info- ja kommunikatsioonitehnoloogia kasutajatoe tehnikud,Rapla maakond,3
396,LABOUR_DEMAND,3512,Info- ja kommunikatsioonitehnoloogia kasutajatoe tehnikud,Saare maakond,3
396,LABOUR_DEMAND,3512,Info- ja kommunikatsioonitehnoloogia kasutajatoe tehnikud,Tartu maakond,3
396,LABOUR_DEMAND,3512,Info- ja kommunikatsioonitehnoloogia kasutajatoe tehnikud,Valga maakond,3
396,LABOUR_DEMAND,3512,Info- ja kommunikatsioonitehnoloogia kasutajatoe tehnikud,Viljandi maakond,3
396,LABOUR_DEMAND,3512,Info- ja kommunikatsioonitehnoloogia kasutajatoe tehnikud,Võru maakond,3
396,LABOUR_DEMAND,3513,Arvutivõrkude ja süsteemide tehnikud,Lääne maakond,3
396,LABOUR_DEMAND,3521,Ringhäälingu ja audiovisuaalala tehnikud,Viljandi maakond,3
396,LABOUR_DEMAND,3522,Telekommunikatsiooni tehnikud,Kogu Eesti,3
396,LABOUR_DEMAND,3522,Telekommunikatsiooni tehnikud,Harju maakond,3
396,LABOUR_DEMAND,4120,Üldsekretärid,Rapla maakond,3
396,LABOUR_DEMAND,4132,Andmesisestajad,Kogu Eesti,4
396,LABOUR_DEMAND,4132,Andmesisestajad,Harju maakond,4
396,LABOUR_DEMAND,4132,Andmesisestajad,Hiiu maakond,3
396,LABOUR_DEMAND,4132,Andmesisestajad,Ida-Viru maakond,3
396,LABOUR_DEMAND,4132,Andmesisestajad,Jõgeva maakond,3
396,LABOUR_DEMAND,4132,Andmesisestajad,Järva maakond,3
396,LABOUR_DEMAND,4132,Andmesisestajad,Lääne maakond,3
396,LABOUR_DEMAND,4132,Andmesisestajad,Lääne-Viru maakond,3
396,LABOUR_DEMAND,4132,Andmesisestajad,Põlva maakond,3
396,LABOUR_DEMAND,4132,Andmesisestajad,Pärnu maakond,4
396,LABOUR_DEMAND,4132,Andmesisestajad,Rapla maakond,4
396,LABOUR_DEMAND,4132,Andmesisestajad,Saare maakond,3
396,LABOUR_DEMAND,4132,Andmesisestajad,Tartu maakond,3
396,LABOUR_DEMAND,4132,Andmesisestajad,Valga maakond,3
396,LABOUR_DEMAND,4132,Andmesisestajad,Viljandi maakond,3
396,LABOUR_DEMAND,4132,Andmesisestajad,Võru maakond,3
396,LABOUR_DEMAND,4212,"Kihlvedude vahendajad, krupjeed jm hasartmängude vahendajad",Kogu Eesti,3
396,LABOUR_DEMAND,4212,"Kihlvedude vahendajad, krupjeed jm hasartmängude vahendajad",Harju maakond,3
396,LABOUR_DEMAND,4213,Pandimajapidajad ja rahalaenajad,Valga maakond,3
396,LABOUR_DEMAND,4222,Infotelefonide operaatorid,Kogu Eesti,4
396,LABOUR_DEMAND,4222,Infotelefonide operaatorid,Harju maakond,4
396,LABOUR_DEMAND,4222,Infotelefonide operaatorid,Jõgeva maakond,3
396,LABOUR_DEMAND,4222,Infotelefonide operaatorid,Rapla maakond,3
396,LABOUR_DEMAND,4222,Infotelefonide operaatorid,Tartu maakond,3
396,LABOUR_DEMAND,4224,Hotellide administraatorid,Kogu Eesti,3
396,LABOUR_DEMAND,4224,Hotellide administraatorid,Harju maakond,3
396,LABOUR_DEMAND,4224,Hotellide administraatorid,Hiiu maakond,3
396,LABOUR_DEMAND,4224,Hotellide administraatorid,Ida-Viru maakond,3
396,LABOUR_DEMAND,4224,Hotellide administraatorid,Jõgeva maakond,3
396,LABOUR_DEMAND,4224,Hotellide administraatorid,Järva maakond,3
396,LABOUR_DEMAND,4224,Hotellide administraatorid,Lääne maakond,3
396,LABOUR_DEMAND,4224,Hotellide administraatorid,Lääne-Viru maakond,3
396,LABOUR_DEMAND,4224,Hotellide administraatorid,Põlva maakond,3
396,LABOUR_DEMAND,4224,Hotellide administraatorid,Pärnu maakond,3
396,LABOUR_DEMAND,4224,Hotellide administraatorid,Rapla maakond,3
396,LABOUR_DEMAND,4224,Hotellide administraatorid,Saare maakond,3
396,LABOUR_DEMAND,4224,Hotellide administraatorid,Tartu maakond,3
396,LABOUR_DEMAND,4224,Hotellide administraatorid,Valga maakond,3
396,LABOUR_DEMAND,4224,Hotellide administraatorid,Viljandi maakond,3
396,LABOUR_DEMAND,4224,Hotellide administraatorid,Võru maakond,3
396,LABOUR_DEMAND,4225,Infopunktide töötajad,Kogu Eesti,3
396,LABOUR_DEMAND,4225,Infopunktide töötajad,Harju maakond,3
396,LABOUR_DEMAND,4225,Infopunktide töötajad,Lääne maakond,3
396,LABOUR_DEMAND,4225,Infopunktide töötajad,Lääne-Viru maakond,3
396,LABOUR_DEMAND,4225,Infopunktide töötajad,Pärnu maakond,4
396,LABOUR_DEMAND,4225,Infopunktide töötajad,Rapla maakond,3
396,LABOUR_DEMAND,4225,Infopunktide töötajad,Tartu maakond,3
396,LABOUR_DEMAND,4225,Infopunktide töötajad,Võru maakond,3
396,LABOUR_DEMAND,4226,Administraatorid (üldiselt),Kogu Eesti,3
396,LABOUR_DEMAND,4226,Administraatorid (üldiselt),Harju maakond,3
396,LABOUR_DEMAND,4226,Administraatorid (üldiselt),Järva maakond,3
396,LABOUR_DEMAND,4226,Administraatorid (üldiselt),Rapla maakond,3
396,LABOUR_DEMAND,4226,Administraatorid (üldiselt),Saare maakond,3
396,LABOUR_DEMAND,4227,Uuringute sh turu-uuringute küsitlejad,Valga maakond,3
396,LABOUR_DEMAND,4311,Arve- ja raamatupidamisametnikud,Kogu Eesti,4
396,LABOUR_DEMAND,4311,Arve- ja raamatupidamisametnikud,Harju maakond,4
396,LABOUR_DEMAND,4311,Arve- ja raamatupidamisametnikud,Ida-Viru maakond,3
396,LABOUR_DEMAND,4311,Arve- ja raamatupidamisametnikud,Jõgeva maakond,3
396,LABOUR_DEMAND,4311,Arve- ja raamatupidamisametnikud,Järva maakond,3
396,LABOUR_DEMAND,4311,Arve- ja raamatupidamisametnikud,Lääne maakond,3
396,LABOUR_DEMAND,4311,Arve- ja raamatupidamisametnikud,Pärnu maakond,3
396,LABOUR_DEMAND,4311,Arve- ja raamatupidamisametnikud,Rapla maakond,4
396,LABOUR_DEMAND,4311,Arve- ja raamatupidamisametnikud,Saare maakond,3
396,LABOUR_DEMAND,4311,Arve- ja raamatupidamisametnikud,Tartu maakond,3
396,LABOUR_DEMAND,4311,Arve- ja raamatupidamisametnikud,Valga maakond,3
396,LABOUR_DEMAND,4311,Arve- ja raamatupidamisametnikud,Viljandi maakond,3
396,LABOUR_DEMAND,4321,Laoametnikud,Kogu Eesti,3
396,LABOUR_DEMAND,4321,Laoametnikud,Harju maakond,3
396,LABOUR_DEMAND,4321,Laoametnikud,Hiiu maakond,3
396,LABOUR_DEMAND,4321,Laoametnikud,Ida-Viru maakond,3
396,LABOUR_DEMAND,4321,Laoametnikud,Jõgeva maakond,3
396,LABOUR_DEMAND,4321,Laoametnikud,Järva maakond,3
396,LABOUR_DEMAND,4321,Laoametnikud,Lääne maakond,3
396,LABOUR_DEMAND,4321,Laoametnikud,Lääne-Viru maakond,3
396,LABOUR_DEMAND,4321,Laoametnikud,Põlva maakond,3
396,LABOUR_DEMAND,4321,Laoametnikud,Pärnu maakond,3
396,LABOUR_DEMAND,4321,Laoametnikud,Rapla maakond,3
396,LABOUR_DEMAND,4321,Laoametnikud,Saare maakond,3
396,LABOUR_DEMAND,4321,Laoametnikud,Tartu maakond,3
396,LABOUR_DEMAND,4321,Laoametnikud,Valga maakond,3
396,LABOUR_DEMAND,4321,Laoametnikud,Viljandi maakond,3
396,LABOUR_DEMAND,4321,Laoametnikud,Võru maakond,3
396,LABOUR_DEMAND,4322,Tootmisega seotud ametnikud,Järva maakond,3
396,LABOUR_DEMAND,4322,Tootmisega seotud ametnikud,Tartu maakond,3
396,LABOUR_DEMAND,4322,Tootmisega seotud ametnikud,Valga maakond,3
396,LABOUR_DEMAND,4323,Transpordiametnikud,Kogu Eesti,3
396,LABOUR_DEMAND,4323,Transpordiametnikud,Harju maakond,3
396,LABOUR_DEMAND,4323,Transpordiametnikud,Ida-Viru maakond,3
396,LABOUR_DEMAND,4323,Transpordiametnikud,Jõgeva maakond,3
396,LABOUR_DEMAND,4323,Transpordiametnikud,Järva maakond,3
396,LABOUR_DEMAND,4323,Transpordiametnikud,Lääne maakond,3
396,LABOUR_DEMAND,4323,Transpordiametnikud,Lääne-Viru maakond,3
396,LABOUR_DEMAND,4323,Transpordiametnikud,Põlva maakond,3
396,LABOUR_DEMAND,4323,Transpordiametnikud,Pärnu maakond,3
396,LABOUR_DEMAND,4323,Transpordiametnikud,Rapla maakond,3
396,LABOUR_DEMAND,4323,Transpordiametnikud,Tartu maakond,3
396,LABOUR_DEMAND,4323,Transpordiametnikud,Viljandi maakond,3
396,LABOUR_DEMAND,4323,Transpordiametnikud,Võru maakond,3
396,LABOUR_DEMAND,4412,Posti sorteerijad ja kättetoimetajad,Kogu Eesti,3
396,LABOUR_DEMAND,4412,Posti sorteerijad ja kättetoimetajad,Harju maakond,3
396,LABOUR_DEMAND,4412,Posti sorteerijad ja kättetoimetajad,Ida-Viru maakond,3
396,LABOUR_DEMAND,4412,Posti sorteerijad ja kättetoimetajad,Jõgeva maakond,3
396,LABOUR_DEMAND,4412,Posti sorteerijad ja kättetoimetajad,Järva maakond,3
396,LABOUR_DEMAND,4412,Posti sorteerijad ja kättetoimetajad,Lääne maakond,3
396,LABOUR_DEMAND,4412,Posti sorteerijad ja kättetoimetajad,Lääne-Viru maakond,3
396,LABOUR_DEMAND,4412,Posti sorteerijad ja kättetoimetajad,Põlva maakond,3
396,LABOUR_DEMAND,4412,Posti sorteerijad ja kättetoimetajad,Pärnu maakond,3
396,LABOUR_DEMAND,4412,Posti sorteerijad ja kättetoimetajad,Rapla maakond,3
396,LABOUR_DEMAND,4412,Posti sorteerijad ja kättetoimetajad,Saare maakond,3
396,LABOUR_DEMAND,4412,Posti sorteerijad ja kättetoimetajad,Tartu maakond,3
396,LABOUR_DEMAND,4412,Posti sorteerijad ja kättetoimetajad,Valga maakond,3
396,LABOUR_DEMAND,4412,Posti sorteerijad ja kättetoimetajad,Viljandi maakond,3
396,LABOUR_DEMAND,4412,Posti sorteerijad ja kättetoimetajad,Võru maakond,3
396,LABOUR_DEMAND,5112,Kontrolörid ja konduktorid,Saare maakond,3
396,LABOUR_DEMAND,5113,Giidid,Hiiu maakond,3
396,LABOUR_DEMAND,5120,Kokad,Kogu Eesti,3
396,LABOUR_DEMAND,5120,Kokad,Harju maakond,3
396,LABOUR_DEMAND,5120,Kokad,Hiiu maakond,3
396,LABOUR_DEMAND,5120,Kokad,Ida-Viru maakond,3
396,LABOUR_DEMAND,5120,Kokad,Jõgeva maakond,3
396,LABOUR_DEMAND,5120,Kokad,Järva maakond,3
396,LABOUR_DEMAND,5120,Kokad,Lääne maakond,3
396,LABOUR_DEMAND,5120,Kokad,Lääne-Viru maakond,3
396,LABOUR_DEMAND,5120,Kokad,Põlva maakond,3
396,LABOUR_DEMAND,5120,Kokad,Pärnu maakond,3
396,LABOUR_DEMAND,5120,Kokad,Rapla maakond,3
396,LABOUR_DEMAND,5120,Kokad,Saare maakond,3
396,LABOUR_DEMAND,5120,Kokad,Tartu maakond,3
396,LABOUR_DEMAND,5120,Kokad,Valga maakond,3
396,LABOUR_DEMAND,5120,Kokad,Viljandi maakond,3
396,LABOUR_DEMAND,5120,Kokad,Võru maakond,3
396,LABOUR_DEMAND,5131,Kelnerid ja ettekandjad,Kogu Eesti,3
396,LABOUR_DEMAND,5131,Kelnerid ja ettekandjad,Harju maakond,3
396,LABOUR_DEMAND,5131,Kelnerid ja ettekandjad,Hiiu maakond,3
396,LABOUR_DEMAND,5131,Kelnerid ja ettekandjad,Ida-Viru maakond,2
396,LABOUR_DEMAND,5131,Kelnerid ja ettekandjad,Jõgeva maakond,3
396,LABOUR_DEMAND,5131,Kelnerid ja ettekandjad,Järva maakond,3
396,LABOUR_DEMAND,5131,Kelnerid ja ettekandjad,Lääne maakond,3
396,LABOUR_DEMAND,5131,Kelnerid ja ettekandjad,Lääne-Viru maakond,3
396,LABOUR_DEMAND,5131,Kelnerid ja ettekandjad,Põlva maakond,3
396,LABOUR_DEMAND,5131,Kelnerid ja ettekandjad,Pärnu maakond,3
396,LABOUR_DEMAND,5131,Kelnerid ja ettekandjad,Rapla maakond,3
396,LABOUR_DEMAND,5131,Kelnerid ja ettekandjad,Saare maakond,3
396,LABOUR_DEMAND,5131,Kelnerid ja ettekandjad,Tartu maakond,3
396,LABOUR_DEMAND,5131,Kelnerid ja ettekandjad,Valga maakond,3
396,LABOUR_DEMAND,5131,Kelnerid ja ettekandjad,Viljandi maakond,3
396,LABOUR_DEMAND,5131,Kelnerid ja ettekandjad,Võru maakond,3
396,LABOUR_DEMAND,5132,Baarmenid,Kogu Eesti,3
396,LABOUR_DEMAND,5132,Baarmenid,Harju maakond,3
396,LABOUR_DEMAND,5132,Baarmenid,Hiiu maakond,3
396,LABOUR_DEMAND,5132,Baarmenid,Ida-Viru maakond,3
396,LABOUR_DEMAND,5132,Baarmenid,Jõgeva maakond,3
396,LABOUR_DEMAND,5132,Baarmenid,Järva maakond,3
396,LABOUR_DEMAND,5132,Baarmenid,Lääne maakond,3
396,LABOUR_DEMAND,5132,Baarmenid,Põlva maakond,3
396,LABOUR_DEMAND,5132,Baarmenid,Pärnu maakond,3
396,LABOUR_DEMAND,5132,Baarmenid,Saare maakond,3
396,LABOUR_DEMAND,5132,Baarmenid,Tartu maakond,3
396,LABOUR_DEMAND,5132,Baarmenid,Võru maakond,3
396,LABOUR_DEMAND,5141,Juuksurid,Kogu Eesti,3
396,LABOUR_DEMAND,5141,Juuksurid,Harju maakond,3
396,LABOUR_DEMAND,5141,Juuksurid,Ida-Viru maakond,3
396,LABOUR_DEMAND,5141,Juuksurid,Lääne maakond,3
396,LABOUR_DEMAND,5141,Juuksurid,Lääne-Viru maakond,3
396,LABOUR_DEMAND,5141,Juuksurid,Rapla maakond,3
396,LABOUR_DEMAND,5141,Juuksurid,Tartu maakond,3
396,LABOUR_DEMAND,5142,Kosmeetikud jms alade töötajad,Kogu Eesti,3
396,LABOUR_DEMAND,5142,Kosmeetikud jms alade töötajad,Harju maakond,3
396,LABOUR_DEMAND,5142,Kosmeetikud jms alade töötajad,Ida-Viru maakond,3
396,LABOUR_DEMAND,5142,Kosmeetikud jms alade töötajad,Jõgeva maakond,3
396,LABOUR_DEMAND,5142,Kosmeetikud jms alade töötajad,Järva maakond,3
396,LABOUR_DEMAND,5142,Kosmeetikud jms alade töötajad,Lääne maakond,3
396,LABOUR_DEMAND,5142,Kosmeetikud jms alade töötajad,Lääne-Viru maakond,3
396,LABOUR_DEMAND,5142,Kosmeetikud jms alade töötajad,Pärnu maakond,3
396,LABOUR_DEMAND,5142,Kosmeetikud jms alade töötajad,Rapla maakond,3
396,LABOUR_DEMAND,5142,Kosmeetikud jms alade töötajad,Saare maakond,3
396,LABOUR_DEMAND,5142,Kosmeetikud jms alade töötajad,Tartu maakond,3
396,LABOUR_DEMAND,5142,Kosmeetikud jms alade töötajad,Viljandi maakond,3
396,LABOUR_DEMAND,5142,Kosmeetikud jms alade töötajad,Võru maakond,3
396,LABOUR_DEMAND,5151,"Ametiasutuste, hotellide ja muude asutuste koristus- ja majapidamistööde juhatajad",Kogu Eesti,3
396,LABOUR_DEMAND,5151,"Ametiasutuste, hotellide ja muude asutuste koristus- ja majapidamistööde juhatajad",Harju maakond,3
396,LABOUR_DEMAND,5151,"Ametiasutuste, hotellide ja muude asutuste koristus- ja majapidamistööde juhatajad",Lääne maakond,3
396,LABOUR_DEMAND,5151,"Ametiasutuste, hotellide ja muude asutuste koristus- ja majapidamistööde juhatajad",Lääne-Viru maakond,3
396,LABOUR_DEMAND,5151,"Ametiasutuste, hotellide ja muude asutuste koristus- ja majapidamistööde juhatajad",Põlva maakond,3
396,LABOUR_DEMAND,5151,"Ametiasutuste, hotellide ja muude asutuste koristus- ja majapidamistööde juhatajad",Pärnu maakond,3
396,LABOUR_DEMAND,5151,"Ametiasutuste, hotellide ja muude asutuste koristus- ja majapidamistööde juhatajad",Rapla maakond,3
396,LABOUR_DEMAND,5151,"Ametiasutuste, hotellide ja muude asutuste koristus- ja majapidamistööde juhatajad",Saare maakond,3
396,LABOUR_DEMAND,5151,"Ametiasutuste, hotellide ja muude asutuste koristus- ja majapidamistööde juhatajad",Viljandi maakond,3
396,LABOUR_DEMAND,5151,"Ametiasutuste, hotellide ja muude asutuste koristus- ja majapidamistööde juhatajad",Võru maakond,3
396,LABOUR_DEMAND,5153,Majahoidjad,Järva maakond,3
396,LABOUR_DEMAND,5164,Lemmikloomade hooldajad,Lääne maakond,3
396,LABOUR_DEMAND,5164,Lemmikloomade hooldajad,Põlva maakond,3
396,LABOUR_DEMAND,5165,Sõiduinstruktorid,Tartu maakond,3
396,LABOUR_DEMAND,5165,Sõiduinstruktorid,Valga maakond,3
396,LABOUR_DEMAND,5169,Mujal liigitamata isikuteenindajad,Tartu maakond,3
396,LABOUR_DEMAND,5211,Kioski- ja turumüüjad,Kogu Eesti,3
396,LABOUR_DEMAND,5211,Kioski- ja turumüüjad,Harju maakond,3
396,LABOUR_DEMAND,5211,Kioski- ja turumüüjad,Ida-Viru maakond,3
396,LABOUR_DEMAND,5211,Kioski- ja turumüüjad,Lääne maakond,3
396,LABOUR_DEMAND,5211,Kioski- ja turumüüjad,Põlva maakond,3
396,LABOUR_DEMAND,5211,Kioski- ja turumüüjad,Pärnu maakond,3
396,LABOUR_DEMAND,5211,Kioski- ja turumüüjad,Tartu maakond,3
396,LABOUR_DEMAND,5211,Kioski- ja turumüüjad,Viljandi maakond,3
396,LABOUR_DEMAND,5222,Müüjate vahetuseülemad,Kogu Eesti,3
396,LABOUR_DEMAND,5222,Müüjate vahetuseülemad,Harju maakond,3
396,LABOUR_DEMAND,5222,Müüjate vahetuseülemad,Hiiu maakond,3
396,LABOUR_DEMAND,5222,Müüjate vahetuseülemad,Jõgeva maakond,3
396,LABOUR_DEMAND,5222,Müüjate vahetuseülemad,Järva maakond,3
396,LABOUR_DEMAND,5222,Müüjate vahetuseülemad,Lääne maakond,3
396,LABOUR_DEMAND,5222,Müüjate vahetuseülemad,Lääne-Viru maakond,3
396,LABOUR_DEMAND,5222,Müüjate vahetuseülemad,Põlva maakond,3
396,LABOUR_DEMAND,5222,Müüjate vahetuseülemad,Pärnu maakond,3
396,LABOUR_DEMAND,5222,Müüjate vahetuseülemad,Rapla maakond,3
396,LABOUR_DEMAND,5222,Müüjate vahetuseülemad,Saare maakond,3
396,LABOUR_DEMAND,5222,Müüjate vahetuseülemad,Tartu maakond,3
396,LABOUR_DEMAND,5222,Müüjate vahetuseülemad,Valga maakond,3
396,LABOUR_DEMAND,5222,Müüjate vahetuseülemad,Viljandi maakond,3
396,LABOUR_DEMAND,5222,Müüjate vahetuseülemad,Võru maakond,3
396,LABOUR_DEMAND,5223,Poemüüjad,Kogu Eesti,3
396,LABOUR_DEMAND,5223,Poemüüjad,Harju maakond,3
396,LABOUR_DEMAND,5223,Poemüüjad,Hiiu maakond,3
396,LABOUR_DEMAND,5223,Poemüüjad,Ida-Viru maakond,3
396,LABOUR_DEMAND,5223,Poemüüjad,Jõgeva maakond,3
396,LABOUR_DEMAND,5223,Poemüüjad,Järva maakond,3
396,LABOUR_DEMAND,5223,Poemüüjad,Lääne maakond,3
396,LABOUR_DEMAND,5223,Poemüüjad,Lääne-Viru maakond,3
396,LABOUR_DEMAND,5223,Poemüüjad,Põlva maakond,3
396,LABOUR_DEMAND,5223,Poemüüjad,Pärnu maakond,2
396,LABOUR_DEMAND,5223,Poemüüjad,Rapla maakond,3
396,LABOUR_DEMAND,5223,Poemüüjad,Saare maakond,3
396,LABOUR_DEMAND,5223,Poemüüjad,Tartu maakond,3
396,LABOUR_DEMAND,5223,Poemüüjad,Valga maakond,3
396,LABOUR_DEMAND,5223,Poemüüjad,Viljandi maakond,3
396,LABOUR_DEMAND,5223,Poemüüjad,Võru maakond,3
396,LABOUR_DEMAND,5230,Kassapidajad ja piletimüüjad,Kogu Eesti,3
396,LABOUR_DEMAND,5230,Kassapidajad ja piletimüüjad,Harju maakond,3
396,LABOUR_DEMAND,5230,Kassapidajad ja piletimüüjad,Ida-Viru maakond,3
396,LABOUR_DEMAND,5230,Kassapidajad ja piletimüüjad,Jõgeva maakond,3
396,LABOUR_DEMAND,5230,Kassapidajad ja piletimüüjad,Järva maakond,3
396,LABOUR_DEMAND,5230,Kassapidajad ja piletimüüjad,Lääne maakond,3
396,LABOUR_DEMAND,5230,Kassapidajad ja piletimüüjad,Lääne-Viru maakond,3
396,LABOUR_DEMAND,5230,Kassapidajad ja piletimüüjad,Põlva maakond,3
396,LABOUR_DEMAND,5230,Kassapidajad ja piletimüüjad,Pärnu maakond,3
396,LABOUR_DEMAND,5230,Kassapidajad ja piletimüüjad,Saare maakond,3
396,LABOUR_DEMAND,5230,Kassapidajad ja piletimüüjad,Tartu maakond,3
396,LABOUR_DEMAND,5230,Kassapidajad ja piletimüüjad,Valga maakond,3
396,LABOUR_DEMAND,5230,Kassapidajad ja piletimüüjad,Viljandi maakond,3
396,LABOUR_DEMAND,5230,Kassapidajad ja piletimüüjad,Võru maakond,3
396,LABOUR_DEMAND,5244,Telefonimüügi agendid,Kogu Eesti,3
396,LABOUR_DEMAND,5244,Telefonimüügi agendid,Harju maakond,3
396,LABOUR_DEMAND,5244,Telefonimüügi agendid,Jõgeva maakond,3
396,LABOUR_DEMAND,5244,Telefonimüügi agendid,Järva maakond,3
396,LABOUR_DEMAND,5244,Telefonimüügi agendid,Lääne maakond,3
396,LABOUR_DEMAND,5244,Telefonimüügi agendid,Lääne-Viru maakond,3
396,LABOUR_DEMAND,5244,Telefonimüügi agendid,Pärnu maakond,3
396,LABOUR_DEMAND,5244,Telefonimüügi agendid,Saare maakond,3
396,LABOUR_DEMAND,5244,Telefonimüügi agendid,Tartu maakond,3
396,LABOUR_DEMAND,5244,Telefonimüügi agendid,Valga maakond,3
396,LABOUR_DEMAND,5244,Telefonimüügi agendid,Viljandi maakond,3
396,LABOUR_DEMAND,5244,Telefonimüügi agendid,Võru maakond,3
396,LABOUR_DEMAND,5245,Tanklatöötajad,Kogu Eesti,3
396,LABOUR_DEMAND,5245,Tanklatöötajad,Harju maakond,3
396,LABOUR_DEMAND,5245,Tanklatöötajad,Jõgeva maakond,3
396,LABOUR_DEMAND,5245,Tanklatöötajad,Järva maakond,3
396,LABOUR_DEMAND,5245,Tanklatöötajad,Lääne maakond,3
396,LABOUR_DEMAND,5245,Tanklatöötajad,Põlva maakond,3
396,LABOUR_DEMAND,5245,Tanklatöötajad,Pärnu maakond,3
396,LABOUR_DEMAND,5245,Tanklatöötajad,Rapla maakond,3
396,LABOUR_DEMAND,5245,Tanklatöötajad,Tartu maakond,3
396,LABOUR_DEMAND,5245,Tanklatöötajad,Valga maakond,3
396,LABOUR_DEMAND,5245,Tanklatöötajad,Viljandi maakond,3
396,LABOUR_DEMAND,5246,Toitlustuse letitöötajad,Kogu Eesti,3
396,LABOUR_DEMAND,5246,Toitlustuse letitöötajad,Harju maakond,3
396,LABOUR_DEMAND,5246,Toitlustuse letitöötajad,Hiiu maakond,3
396,LABOUR_DEMAND,5246,Toitlustuse letitöötajad,Ida-Viru maakond,3
396,LABOUR_DEMAND,5246,Toitlustuse letitöötajad,Jõgeva maakond,3
396,LABOUR_DEMAND,5246,Toitlustuse letitöötajad,Järva maakond,3
396,LABOUR_DEMAND,5246,Toitlustuse letitöötajad,Lääne maakond,3
396,LABOUR_DEMAND,5246,Toitlustuse letitöötajad,Lääne-Viru maakond,3
396,LABOUR_DEMAND,5246,Toitlustuse letitöötajad,Põlva maakond,3
396,LABOUR_DEMAND,5246,Toitlustuse letitöötajad,Pärnu maakond,3
396,LABOUR_DEMAND,5246,Toitlustuse letitöötajad,Rapla maakond,3
396,LABOUR_DEMAND,5246,Toitlustuse letitöötajad,Saare maakond,3
396,LABOUR_DEMAND,5246,Toitlustuse letitöötajad,Tartu maakond,3
396,LABOUR_DEMAND,5246,Toitlustuse letitöötajad,Valga maakond,3
396,LABOUR_DEMAND,5246,Toitlustuse letitöötajad,Viljandi maakond,3
396,LABOUR_DEMAND,5246,Toitlustuse letitöötajad,Võru maakond,3
396,LABOUR_DEMAND,5311,Lapsehoidjad kodus või lasteasutuses,Kogu Eesti,3
396,LABOUR_DEMAND,5311,Lapsehoidjad kodus või lasteasutuses,Harju maakond,3
396,LABOUR_DEMAND,5311,Lapsehoidjad kodus või lasteasutuses,Ida-Viru maakond,3
396,LABOUR_DEMAND,5311,Lapsehoidjad kodus või lasteasutuses,Jõgeva maakond,3
396,LABOUR_DEMAND,5311,Lapsehoidjad kodus või lasteasutuses,Lääne maakond,3
396,LABOUR_DEMAND,5311,Lapsehoidjad kodus või lasteasutuses,Lääne-Viru maakond,3
396,LABOUR_DEMAND,5311,Lapsehoidjad kodus või lasteasutuses,Põlva maakond,3
396,LABOUR_DEMAND,5311,Lapsehoidjad kodus või lasteasutuses,Rapla maakond,3
396,LABOUR_DEMAND,5311,Lapsehoidjad kodus või lasteasutuses,Saare maakond,3
396,LABOUR_DEMAND,5311,Lapsehoidjad kodus või lasteasutuses,Tartu maakond,3
396,LABOUR_DEMAND,5311,Lapsehoidjad kodus või lasteasutuses,Valga maakond,3
396,LABOUR_DEMAND,5311,Lapsehoidjad kodus või lasteasutuses,Viljandi maakond,3
396,LABOUR_DEMAND,5312,Õpetajaabid kodus või lasteasutuses,Kogu Eesti,3
396,LABOUR_DEMAND,5312,Õpetajaabid kodus või lasteasutuses,Harju maakond,2
396,LABOUR_DEMAND,5312,Õpetajaabid kodus või lasteasutuses,Hiiu maakond,3
396,LABOUR_DEMAND,5312,Õpetajaabid kodus või lasteasutuses,Ida-Viru maakond,3
396,LABOUR_DEMAND,5312,Õpetajaabid kodus või lasteasutuses,Jõgeva maakond,3
396,LABOUR_DEMAND,5312,Õpetajaabid kodus või lasteasutuses,Järva maakond,3
396,LABOUR_DEMAND,5312,Õpetajaabid kodus või lasteasutuses,Lääne maakond,3
396,LABOUR_DEMAND,5312,Õpetajaabid kodus või lasteasutuses,Lääne-Viru maakond,3
396,LABOUR_DEMAND,5312,Õpetajaabid kodus või lasteasutuses,Põlva maakond,3
396,LABOUR_DEMAND,5312,Õpetajaabid kodus või lasteasutuses,Pärnu maakond,3
396,LABOUR_DEMAND,5312,Õpetajaabid kodus või lasteasutuses,Rapla maakond,3
396,LABOUR_DEMAND,5312,Õpetajaabid kodus või lasteasutuses,Saare maakond,3
396,LABOUR_DEMAND,5312,Õpetajaabid kodus või lasteasutuses,Tartu maakond,3
396,LABOUR_DEMAND,5312,Õpetajaabid kodus või lasteasutuses,Valga maakond,3
396,LABOUR_DEMAND,5312,Õpetajaabid kodus või lasteasutuses,Viljandi maakond,3
396,LABOUR_DEMAND,5312,Õpetajaabid kodus või lasteasutuses,Võru maakond,3
396,LABOUR_DEMAND,5321,Hooldajad tervishoiuasutustes,Kogu Eesti,3
396,LABOUR_DEMAND,5321,Hooldajad tervishoiuasutustes,Harju maakond,3
396,LABOUR_DEMAND,5321,Hooldajad tervishoiuasutustes,Hiiu maakond,3
396,LABOUR_DEMAND,5321,Hooldajad tervishoiuasutustes,Ida-Viru maakond,3
396,LABOUR_DEMAND,5321,Hooldajad tervishoiuasutustes,Jõgeva maakond,2
396,LABOUR_DEMAND,5321,Hooldajad tervishoiuasutustes,Järva maakond,3
396,LABOUR_DEMAND,5321,Hooldajad tervishoiuasutustes,Lääne maakond,3
396,LABOUR_DEMAND,5321,Hooldajad tervishoiuasutustes,Lääne-Viru maakond,3
396,LABOUR_DEMAND,5321,Hooldajad tervishoiuasutustes,Põlva maakond,3
396,LABOUR_DEMAND,5321,Hooldajad tervishoiuasutustes,Pärnu maakond,2
396,LABOUR_DEMAND,5321,Hooldajad tervishoiuasutustes,Rapla maakond,3
396,LABOUR_DEMAND,5321,Hooldajad tervishoiuasutustes,Saare maakond,3
396,LABOUR_DEMAND,5321,Hooldajad tervishoiuasutustes,Tartu maakond,3
396,LABOUR_DEMAND,5321,Hooldajad tervishoiuasutustes,Valga maakond,3
396,LABOUR_DEMAND,5321,Hooldajad tervishoiuasutustes,Viljandi maakond,3
396,LABOUR_DEMAND,5321,Hooldajad tervishoiuasutustes,Võru maakond,3
396,LABOUR_DEMAND,5322,Hooldajad kodus,Kogu Eesti,2
396,LABOUR_DEMAND,5322,Hooldajad kodus,Harju maakond,2
396,LABOUR_DEMAND,5322,Hooldajad kodus,Hiiu maakond,3
396,LABOUR_DEMAND,5322,Hooldajad kodus,Ida-Viru maakond,3
396,LABOUR_DEMAND,5322,Hooldajad kodus,Jõgeva maakond,3
396,LABOUR_DEMAND,5322,Hooldajad kodus,Järva maakond,3
396,LABOUR_DEMAND,5322,Hooldajad kodus,Lääne maakond,3
396,LABOUR_DEMAND,5322,Hooldajad kodus,Lääne-Viru maakond,3
396,LABOUR_DEMAND,5322,Hooldajad kodus,Põlva maakond,3
396,LABOUR_DEMAND,5322,Hooldajad kodus,Pärnu maakond,2
396,LABOUR_DEMAND,5322,Hooldajad kodus,Rapla maakond,3
396,LABOUR_DEMAND,5322,Hooldajad kodus,Saare maakond,3
396,LABOUR_DEMAND,5322,Hooldajad kodus,Tartu maakond,3
396,LABOUR_DEMAND,5322,Hooldajad kodus,Valga maakond,3
396,LABOUR_DEMAND,5322,Hooldajad kodus,Viljandi maakond,3
396,LABOUR_DEMAND,5322,Hooldajad kodus,Võru maakond,3
396,LABOUR_DEMAND,5411,Päästjad ja tuletõrjujad,Kogu Eesti,3
396,LABOUR_DEMAND,5411,Päästjad ja tuletõrjujad,Harju maakond,3
396,LABOUR_DEMAND,5411,Päästjad ja tuletõrjujad,Hiiu maakond,3
396,LABOUR_DEMAND,5411,Päästjad ja tuletõrjujad,Ida-Viru maakond,3
396,LABOUR_DEMAND,5411,Päästjad ja tuletõrjujad,Jõgeva maakond,3
396,LABOUR_DEMAND,5411,Päästjad ja tuletõrjujad,Järva maakond,3
396,LABOUR_DEMAND,5411,Päästjad ja tuletõrjujad,Lääne maakond,3
396,LABOUR_DEMAND,5411,Päästjad ja tuletõrjujad,Lääne-Viru maakond,3
396,LABOUR_DEMAND,5411,Päästjad ja tuletõrjujad,Põlva maakond,3
396,LABOUR_DEMAND,5411,Päästjad ja tuletõrjujad,Pärnu maakond,3
396,LABOUR_DEMAND,5411,Päästjad ja tuletõrjujad,Rapla maakond,3
396,LABOUR_DEMAND,5411,Päästjad ja tuletõrjujad,Saare maakond,3
396,LABOUR_DEMAND,5411,Päästjad ja tuletõrjujad,Tartu maakond,3
396,LABOUR_DEMAND,5411,Päästjad ja tuletõrjujad,Valga maakond,3
396,LABOUR_DEMAND,5411,Päästjad ja tuletõrjujad,Viljandi maakond,3
396,LABOUR_DEMAND,5411,Päästjad ja tuletõrjujad,Võru maakond,3
396,LABOUR_DEMAND,5412,Politseinikud,Kogu Eesti,3
396,LABOUR_DEMAND,5412,Politseinikud,Harju maakond,3
396,LABOUR_DEMAND,5412,Politseinikud,Hiiu maakond,3
396,LABOUR_DEMAND,5412,Politseinikud,Ida-Viru maakond,3
396,LABOUR_DEMAND,5412,Politseinikud,Jõgeva maakond,3
396,LABOUR_DEMAND,5412,Politseinikud,Järva maakond,3
396,LABOUR_DEMAND,5412,Politseinikud,Lääne maakond,3
396,LABOUR_DEMAND,5412,Politseinikud,Lääne-Viru maakond,3
396,LABOUR_DEMAND,5412,Politseinikud,Põlva maakond,3
396,LABOUR_DEMAND,5412,Politseinikud,Pärnu maakond,3
396,LABOUR_DEMAND,5412,Politseinikud,Rapla maakond,3
396,LABOUR_DEMAND,5412,Politseinikud,Saare maakond,3
396,LABOUR_DEMAND,5412,Politseinikud,Tartu maakond,3
396,LABOUR_DEMAND,5412,Politseinikud,Valga maakond,3
396,LABOUR_DEMAND,5412,Politseinikud,Viljandi maakond,3
396,LABOUR_DEMAND,5412,Politseinikud,Võru maakond,3
396,LABOUR_DEMAND,5413,Vangivalvurid,Ida-Viru maakond,3
396,LABOUR_DEMAND,5413,Vangivalvurid,Tartu maakond,3
396,LABOUR_DEMAND,5414,Turvatöötajad,Kogu Eesti,3
396,LABOUR_DEMAND,5414,Turvatöötajad,Harju maakond,3
396,LABOUR_DEMAND,5414,Turvatöötajad,Hiiu maakond,3
396,LABOUR_DEMAND,5414,Turvatöötajad,Ida-Viru maakond,3
396,LABOUR_DEMAND,5414,Turvatöötajad,Jõgeva maakond,3
396,LABOUR_DEMAND,5414,Turvatöötajad,Järva maakond,3
396,LABOUR_DEMAND,5414,Turvatöötajad,Lääne maakond,3
396,LABOUR_DEMAND,5414,Turvatöötajad,Lääne-Viru maakond,3
396,LABOUR_DEMAND,5414,Turvatöötajad,Põlva maakond,3
396,LABOUR_DEMAND,5414,Turvatöötajad,Pärnu maakond,3
396,LABOUR_DEMAND,5414,Turvatöötajad,Rapla maakond,3
396,LABOUR_DEMAND,5414,Turvatöötajad,Saare maakond,3
396,LABOUR_DEMAND,5414,Turvatöötajad,Tartu maakond,3
396,LABOUR_DEMAND,5414,Turvatöötajad,Valga maakond,3
396,LABOUR_DEMAND,5414,Turvatöötajad,Viljandi maakond,3
396,LABOUR_DEMAND,5414,Turvatöötajad,Võru maakond,3
396,LABOUR_DEMAND,5419,Mujal liigitamata kaitseteenindajad,Kogu Eesti,3
396,LABOUR_DEMAND,5419,Mujal liigitamata kaitseteenindajad,Harju maakond,3
396,LABOUR_DEMAND,5419,Mujal liigitamata kaitseteenindajad,Järva maakond,3
396,LABOUR_DEMAND,5419,Mujal liigitamata kaitseteenindajad,Valga maakond,3
396,LABOUR_DEMAND,6112,Puuvilja- ja marjakasvatajad,Põlva maakond,3
396,LABOUR_DEMAND,6113,"Aednikud, puukooli töötajad ja istikukasvatajad",Kogu Eesti,3
396,LABOUR_DEMAND,6113,"Aednikud, puukooli töötajad ja istikukasvatajad",Harju maakond,3
396,LABOUR_DEMAND,6113,"Aednikud, puukooli töötajad ja istikukasvatajad",Jõgeva maakond,3
396,LABOUR_DEMAND,6113,"Aednikud, puukooli töötajad ja istikukasvatajad",Järva maakond,3
396,LABOUR_DEMAND,6113,"Aednikud, puukooli töötajad ja istikukasvatajad",Lääne-Viru maakond,3
396,LABOUR_DEMAND,6113,"Aednikud, puukooli töötajad ja istikukasvatajad",Põlva maakond,3
396,LABOUR_DEMAND,6113,"Aednikud, puukooli töötajad ja istikukasvatajad",Pärnu maakond,3
396,LABOUR_DEMAND,6113,"Aednikud, puukooli töötajad ja istikukasvatajad",Rapla maakond,3
396,LABOUR_DEMAND,6113,"Aednikud, puukooli töötajad ja istikukasvatajad",Saare maakond,3
396,LABOUR_DEMAND,6113,"Aednikud, puukooli töötajad ja istikukasvatajad",Tartu maakond,3
396,LABOUR_DEMAND,6113,"Aednikud, puukooli töötajad ja istikukasvatajad",Valga maakond,3
396,LABOUR_DEMAND,6113,"Aednikud, puukooli töötajad ja istikukasvatajad",Viljandi maakond,3
396,LABOUR_DEMAND,6113,"Aednikud, puukooli töötajad ja istikukasvatajad",Võru maakond,3
396,LABOUR_DEMAND,6121,Loomakasvatajad,Kogu Eesti,3
396,LABOUR_DEMAND,6121,Loomakasvatajad,Harju maakond,3
396,LABOUR_DEMAND,6121,Loomakasvatajad,Jõgeva maakond,3
396,LABOUR_DEMAND,6121,Loomakasvatajad,Järva maakond,3
396,LABOUR_DEMAND,6121,Loomakasvatajad,Lääne maakond,3
396,LABOUR_DEMAND,6121,Loomakasvatajad,Lääne-Viru maakond,3
396,LABOUR_DEMAND,6121,Loomakasvatajad,Põlva maakond,3
396,LABOUR_DEMAND,6121,Loomakasvatajad,Pärnu maakond,3
396,LABOUR_DEMAND,6121,Loomakasvatajad,Rapla maakond,3
396,LABOUR_DEMAND,6121,Loomakasvatajad,Saare maakond,3
396,LABOUR_DEMAND,6121,Loomakasvatajad,Tartu maakond,3
396,LABOUR_DEMAND,6121,Loomakasvatajad,Valga maakond,3
396,LABOUR_DEMAND,6121,Loomakasvatajad,Viljandi maakond,3
396,LABOUR_DEMAND,6121,Loomakasvatajad,Võru maakond,3
396,LABOUR_DEMAND,6122,Linnukasvatajad,Lääne-Viru maakond,3
396,LABOUR_DEMAND,6210,Metsanduse jms oskustöötajad,Kogu Eesti,3
396,LABOUR_DEMAND,6210,Metsanduse jms oskustöötajad,Hiiu maakond,3
396,LABOUR_DEMAND,6210,Metsanduse jms oskustöötajad,Ida-Viru maakond,3
396,LABOUR_DEMAND,6210,Metsanduse jms oskustöötajad,Jõgeva maakond,3
396,LABOUR_DEMAND,6210,Metsanduse jms oskustöötajad,Järva maakond,3
396,LABOUR_DEMAND,6210,Metsanduse jms oskustöötajad,Lääne maakond,3
396,LABOUR_DEMAND,6210,Metsanduse jms oskustöötajad,Lääne-Viru maakond,3
396,LABOUR_DEMAND,6210,Metsanduse jms oskustöötajad,Põlva maakond,3
396,LABOUR_DEMAND,6210,Metsanduse jms oskustöötajad,Pärnu maakond,3
396,LABOUR_DEMAND,6210,Metsanduse jms oskustöötajad,Rapla maakond,3
396,LABOUR_DEMAND,6210,Metsanduse jms oskustöötajad,Saare maakond,3
396,LABOUR_DEMAND,6210,Metsanduse jms oskustöötajad,Tartu maakond,3
396,LABOUR_DEMAND,6210,Metsanduse jms oskustöötajad,Valga maakond,3
396,LABOUR_DEMAND,6210,Metsanduse jms oskustöötajad,Viljandi maakond,3
396,LABOUR_DEMAND,6210,Metsanduse jms oskustöötajad,Võru maakond,3
396,LABOUR_DEMAND,6222,Sisevete- ja rannapüügikalurid,Hiiu maakond,3
396,LABOUR_DEMAND,7111,Üldehitajad,Kogu Eesti,3
396,LABOUR_DEMAND,7111,Üldehitajad,Harju maakond,3
396,LABOUR_DEMAND,7111,Üldehitajad,Hiiu maakond,3
396,LABOUR_DEMAND,7111,Üldehitajad,Ida-Viru maakond,3
396,LABOUR_DEMAND,7111,Üldehitajad,Jõgeva maakond,3
396,LABOUR_DEMAND,7111,Üldehitajad,Järva maakond,3
396,LABOUR_DEMAND,7111,Üldehitajad,Lääne maakond,3
396,LABOUR_DEMAND,7111,Üldehitajad,Lääne-Viru maakond,3
396,LABOUR_DEMAND,7111,Üldehitajad,Põlva maakond,3
396,LABOUR_DEMAND,7111,Üldehitajad,Pärnu maakond,3
396,LABOUR_DEMAND,7111,Üldehitajad,Rapla maakond,3
396,LABOUR_DEMAND,7111,Üldehitajad,Saare maakond,2
396,LABOUR_DEMAND,7111,Üldehitajad,Tartu maakond,3
396,LABOUR_DEMAND,7111,Üldehitajad,Valga maakond,3
396,LABOUR_DEMAND,7111,Üldehitajad,Viljandi maakond,3
396,LABOUR_DEMAND,7111,Üldehitajad,Võru maakond,3
396,LABOUR_DEMAND,7112,Müürsepad jms töötajad,Kogu Eesti,3
396,LABOUR_DEMAND,7112,Müürsepad jms töötajad,Harju maakond,3
396,LABOUR_DEMAND,7112,Müürsepad jms töötajad,Ida-Viru maakond,3
396,LABOUR_DEMAND,7112,Müürsepad jms töötajad,Jõgeva maakond,3
396,LABOUR_DEMAND,7112,Müürsepad jms töötajad,Lääne maakond,3
396,LABOUR_DEMAND,7112,Müürsepad jms töötajad,Pärnu maakond,3
396,LABOUR_DEMAND,7112,Müürsepad jms töötajad,Rapla maakond,3
396,LABOUR_DEMAND,7112,Müürsepad jms töötajad,Saare maakond,3
396,LABOUR_DEMAND,7112,Müürsepad jms töötajad,Tartu maakond,3
396,LABOUR_DEMAND,7112,Müürsepad jms töötajad,Viljandi maakond,3
396,LABOUR_DEMAND,7112,Müürsepad jms töötajad,Võru maakond,3
396,LABOUR_DEMAND,7113,"Kiviraidurid, tahujad jms töötajad",Lääne maakond,3
396,LABOUR_DEMAND,7113,"Kiviraidurid, tahujad jms töötajad",Rapla maakond,3
396,LABOUR_DEMAND,7114,"Betoonijad, betoonpindade viimistlejad jms alade töötajad",Kogu Eesti,3
396,LABOUR_DEMAND,7114,"Betoonijad, betoonpindade viimistlejad jms alade töötajad",Harju maakond,3
396,LABOUR_DEMAND,7114,"Betoonijad, betoonpindade viimistlejad jms alade töötajad",Ida-Viru maakond,3
396,LABOUR_DEMAND,7114,"Betoonijad, betoonpindade viimistlejad jms alade töötajad",Lääne maakond,3
396,LABOUR_DEMAND,7114,"Betoonijad, betoonpindade viimistlejad jms alade töötajad",Lääne-Viru maakond,3
396,LABOUR_DEMAND,7114,"Betoonijad, betoonpindade viimistlejad jms alade töötajad",Pärnu maakond,3
396,LABOUR_DEMAND,7114,"Betoonijad, betoonpindade viimistlejad jms alade töötajad",Rapla maakond,2
396,LABOUR_DEMAND,7114,"Betoonijad, betoonpindade viimistlejad jms alade töötajad",Tartu maakond,3
396,LABOUR_DEMAND,7114,"Betoonijad, betoonpindade viimistlejad jms alade töötajad",Valga maakond,3
396,LABOUR_DEMAND,7114,"Betoonijad, betoonpindade viimistlejad jms alade töötajad",Võru maakond,3
396,LABOUR_DEMAND,7115,Puusepad,Kogu Eesti,3
396,LABOUR_DEMAND,7115,Puusepad,Harju maakond,3
396,LABOUR_DEMAND,7115,Puusepad,Hiiu maakond,3
396,LABOUR_DEMAND,7115,Puusepad,Ida-Viru maakond,3
396,LABOUR_DEMAND,7115,Puusepad,Jõgeva maakond,3
396,LABOUR_DEMAND,7115,Puusepad,Järva maakond,3
396,LABOUR_DEMAND,7115,Puusepad,Lääne maakond,3
396,LABOUR_DEMAND,7115,Puusepad,Lääne-Viru maakond,3
396,LABOUR_DEMAND,7115,Puusepad,Põlva maakond,3
396,LABOUR_DEMAND,7115,Puusepad,Pärnu maakond,3
396,LABOUR_DEMAND,7115,Puusepad,Rapla maakond,3
396,LABOUR_DEMAND,7115,Puusepad,Saare maakond,3
396,LABOUR_DEMAND,7115,Puusepad,Tartu maakond,3
396,LABOUR_DEMAND,7115,Puusepad,Valga maakond,3
396,LABOUR_DEMAND,7115,Puusepad,Viljandi maakond,3
396,LABOUR_DEMAND,7115,Puusepad,Võru maakond,3
396,LABOUR_DEMAND,7119,Mujal liigitamata üldehitustöölised,Kogu Eesti,3
396,LABOUR_DEMAND,7119,Mujal liigitamata üldehitustöölised,Harju maakond,3
396,LABOUR_DEMAND,7119,Mujal liigitamata üldehitustöölised,Hiiu maakond,3
396,LABOUR_DEMAND,7119,Mujal liigitamata üldehitustöölised,Ida-Viru maakond,3
396,LABOUR_DEMAND,7119,Mujal liigitamata üldehitustöölised,Jõgeva maakond,3
396,LABOUR_DEMAND,7119,Mujal liigitamata üldehitustöölised,Järva maakond,3
396,LABOUR_DEMAND,7119,Mujal liigitamata üldehitustöölised,Lääne maakond,3
396,LABOUR_DEMAND,7119,Mujal liigitamata üldehitustöölised,Lääne-Viru maakond,3
396,LABOUR_DEMAND,7119,Mujal liigitamata üldehitustöölised,Põlva maakond,3
396,LABOUR_DEMAND,7119,Mujal liigitamata üldehitustöölised,Pärnu maakond,3
396,LABOUR_DEMAND,7119,Mujal liigitamata üldehitustöölised,Rapla maakond,3
396,LABOUR_DEMAND,7119,Mujal liigitamata üldehitustöölised,Saare maakond,2
396,LABOUR_DEMAND,7119,Mujal liigitamata üldehitustöölised,Tartu maakond,3
396,LABOUR_DEMAND,7119,Mujal liigitamata üldehitustöölised,Valga maakond,3
396,LABOUR_DEMAND,7119,Mujal liigitamata üldehitustöölised,Viljandi maakond,3
396,LABOUR_DEMAND,7119,Mujal liigitamata üldehitustöölised,Võru maakond,3
396,LABOUR_DEMAND,7121,Katusekatjad,Kogu Eesti,3
396,LABOUR_DEMAND,7121,Katusekatjad,Harju maakond,3
396,LABOUR_DEMAND,7121,Katusekatjad,Järva maakond,3
396,LABOUR_DEMAND,7121,Katusekatjad,Lääne-Viru maakond,3
396,LABOUR_DEMAND,7121,Katusekatjad,Rapla maakond,3
396,LABOUR_DEMAND,7121,Katusekatjad,Saare maakond,3
396,LABOUR_DEMAND,7121,Katusekatjad,Tartu maakond,3
396,LABOUR_DEMAND,7121,Katusekatjad,Valga maakond,3
396,LABOUR_DEMAND,7122,Põrandategijad ja plaatijad,Kogu Eesti,3
396,LABOUR_DEMAND,7122,Põrandategijad ja plaatijad,Harju maakond,3
396,LABOUR_DEMAND,7122,Põrandategijad ja plaatijad,Järva maakond,3
396,LABOUR_DEMAND,7122,Põrandategijad ja plaatijad,Lääne maakond,3
396,LABOUR_DEMAND,7122,Põrandategijad ja plaatijad,Pärnu maakond,3
396,LABOUR_DEMAND,7122,Põrandategijad ja plaatijad,Rapla maakond,3
396,LABOUR_DEMAND,7122,Põrandategijad ja plaatijad,Viljandi maakond,3
396,LABOUR_DEMAND,7122,Põrandategijad ja plaatijad,Võru maakond,3
396,LABOUR_DEMAND,7124,Isoleerijad,Ida-Viru maakond,3
396,LABOUR_DEMAND,7126,Torulukksepad,Kogu Eesti,3
396,LABOUR_DEMAND,7126,Torulukksepad,Harju maakond,3
396,LABOUR_DEMAND,7126,Torulukksepad,Ida-Viru maakond,3
396,LABOUR_DEMAND,7126,Torulukksepad,Jõgeva maakond,3
396,LABOUR_DEMAND,7126,Torulukksepad,Järva maakond,3
396,LABOUR_DEMAND,7126,Torulukksepad,Lääne maakond,3
396,LABOUR_DEMAND,7126,Torulukksepad,Lääne-Viru maakond,3
396,LABOUR_DEMAND,7126,Torulukksepad,Põlva maakond,3
396,LABOUR_DEMAND,7126,Torulukksepad,Pärnu maakond,3
396,LABOUR_DEMAND,7126,Torulukksepad,Rapla maakond,3
396,LABOUR_DEMAND,7126,Torulukksepad,Saare maakond,2
396,LABOUR_DEMAND,7126,Torulukksepad,Tartu maakond,3
396,LABOUR_DEMAND,7126,Torulukksepad,Valga maakond,3
396,LABOUR_DEMAND,7126,Torulukksepad,Viljandi maakond,3
396,LABOUR_DEMAND,7126,Torulukksepad,Võru maakond,3
396,LABOUR_DEMAND,7127,Õhukonditsioneeride ja külmutusseadmete mehaanikud,Viljandi maakond,3
396,LABOUR_DEMAND,7131,Maalrid jms töötajad,Kogu Eesti,3
396,LABOUR_DEMAND,7131,Maalrid jms töötajad,Harju maakond,3
396,LABOUR_DEMAND,7131,Maalrid jms töötajad,Hiiu maakond,3
396,LABOUR_DEMAND,7131,Maalrid jms töötajad,Ida-Viru maakond,3
396,LABOUR_DEMAND,7131,Maalrid jms töötajad,Jõgeva maakond,3
396,LABOUR_DEMAND,7131,Maalrid jms töötajad,Järva maakond,3
396,LABOUR_DEMAND,7131,Maalrid jms töötajad,Lääne maakond,3
396,LABOUR_DEMAND,7131,Maalrid jms töötajad,Lääne-Viru maakond,3
396,LABOUR_DEMAND,7131,Maalrid jms töötajad,Põlva maakond,3
396,LABOUR_DEMAND,7131,Maalrid jms töötajad,Pärnu maakond,3
396,LABOUR_DEMAND,7131,Maalrid jms töötajad,Rapla maakond,3
396,LABOUR_DEMAND,7131,Maalrid jms töötajad,Saare maakond,3
396,LABOUR_DEMAND,7131,Maalrid jms töötajad,Tartu maakond,3
396,LABOUR_DEMAND,7131,Maalrid jms töötajad,Valga maakond,3
396,LABOUR_DEMAND,7131,Maalrid jms töötajad,Viljandi maakond,3
396,LABOUR_DEMAND,7131,Maalrid jms töötajad,Võru maakond,3
396,LABOUR_DEMAND,7132,Pihustusseadmetega värvijad-lakkijad,Kogu Eesti,3
396,LABOUR_DEMAND,7132,Pihustusseadmetega värvijad-lakkijad,Harju maakond,3
396,LABOUR_DEMAND,7132,Pihustusseadmetega värvijad-lakkijad,Ida-Viru maakond,3
396,LABOUR_DEMAND,7132,Pihustusseadmetega värvijad-lakkijad,Jõgeva maakond,3
396,LABOUR_DEMAND,7132,Pihustusseadmetega värvijad-lakkijad,Järva maakond,3
396,LABOUR_DEMAND,7132,Pihustusseadmetega värvijad-lakkijad,Lääne maakond,3
396,LABOUR_DEMAND,7132,Pihustusseadmetega värvijad-lakkijad,Lääne-Viru maakond,3
396,LABOUR_DEMAND,7132,Pihustusseadmetega värvijad-lakkijad,Pärnu maakond,3
396,LABOUR_DEMAND,7132,Pihustusseadmetega värvijad-lakkijad,Rapla maakond,3
396,LABOUR_DEMAND,7132,Pihustusseadmetega värvijad-lakkijad,Tartu maakond,3
396,LABOUR_DEMAND,7132,Pihustusseadmetega värvijad-lakkijad,Valga maakond,3
396,LABOUR_DEMAND,7132,Pihustusseadmetega värvijad-lakkijad,Viljandi maakond,3
396,LABOUR_DEMAND,7132,Pihustusseadmetega värvijad-lakkijad,Võru maakond,3
396,LABOUR_DEMAND,7133,Ehitustarindite puhastajad,Ida-Viru maakond,3
396,LABOUR_DEMAND,7212,Keevitajad ja leeklõikajad,Kogu Eesti,3
396,LABOUR_DEMAND,7212,Keevitajad ja leeklõikajad,Harju maakond,3
396,LABOUR_DEMAND,7212,Keevitajad ja leeklõikajad,Ida-Viru maakond,3
396,LABOUR_DEMAND,7212,Keevitajad ja leeklõikajad,Jõgeva maakond,3
396,LABOUR_DEMAND,7212,Keevitajad ja leeklõikajad,Järva maakond,3
396,LABOUR_DEMAND,7212,Keevitajad ja leeklõikajad,Lääne maakond,3
396,LABOUR_DEMAND,7212,Keevitajad ja leeklõikajad,Lääne-Viru maakond,3
396,LABOUR_DEMAND,7212,Keevitajad ja leeklõikajad,Põlva maakond,3
396,LABOUR_DEMAND,7212,Keevitajad ja leeklõikajad,Pärnu maakond,3
396,LABOUR_DEMAND,7212,Keevitajad ja leeklõikajad,Rapla maakond,3
396,LABOUR_DEMAND,7212,Keevitajad ja leeklõikajad,Saare maakond,3
396,LABOUR_DEMAND,7212,Keevitajad ja leeklõikajad,Tartu maakond,3
396,LABOUR_DEMAND,7212,Keevitajad ja leeklõikajad,Valga maakond,3
396,LABOUR_DEMAND,7212,Keevitajad ja leeklõikajad,Viljandi maakond,3
396,LABOUR_DEMAND,7212,Keevitajad ja leeklõikajad,Võru maakond,3
396,LABOUR_DEMAND,7213,Metalli töötlejad,Ida-Viru maakond,3
396,LABOUR_DEMAND,7213,Metalli töötlejad,Järva maakond,3
396,LABOUR_DEMAND,7213,Metalli töötlejad,Põlva maakond,3
396,LABOUR_DEMAND,7213,Metalli töötlejad,Võru maakond,3
396,LABOUR_DEMAND,7214,Metallkonstruktsioonide valmistajad ja montöörid,Kogu Eesti,3
396,LABOUR_DEMAND,7214,Metallkonstruktsioonide valmistajad ja montöörid,Harju maakond,3
396,LABOUR_DEMAND,7214,Metallkonstruktsioonide valmistajad ja montöörid,Ida-Viru maakond,3
396,LABOUR_DEMAND,7214,Metallkonstruktsioonide valmistajad ja montöörid,Järva maakond,3
396,LABOUR_DEMAND,7214,Metallkonstruktsioonide valmistajad ja montöörid,Lääne maakond,3
396,LABOUR_DEMAND,7214,Metallkonstruktsioonide valmistajad ja montöörid,Rapla maakond,3
396,LABOUR_DEMAND,7214,Metallkonstruktsioonide valmistajad ja montöörid,Saare maakond,3
396,LABOUR_DEMAND,7214,Metallkonstruktsioonide valmistajad ja montöörid,Valga maakond,3
396,LABOUR_DEMAND,7214,Metallkonstruktsioonide valmistajad ja montöörid,Viljandi maakond,3
396,LABOUR_DEMAND,7214,Metallkonstruktsioonide valmistajad ja montöörid,Võru maakond,3
396,LABOUR_DEMAND,7222,Tööriistavalmistajad jms alade töötajad,Kogu Eesti,3
396,LABOUR_DEMAND,7222,Tööriistavalmistajad jms alade töötajad,Harju maakond,3
396,LABOUR_DEMAND,7222,Tööriistavalmistajad jms alade töötajad,Ida-Viru maakond,3
396,LABOUR_DEMAND,7222,Tööriistavalmistajad jms alade töötajad,Jõgeva maakond,3
396,LABOUR_DEMAND,7222,Tööriistavalmistajad jms alade töötajad,Järva maakond,3
396,LABOUR_DEMAND,7222,Tööriistavalmistajad jms alade töötajad,Lääne maakond,3
396,LABOUR_DEMAND,7222,Tööriistavalmistajad jms alade töötajad,Lääne-Viru maakond,3
396,LABOUR_DEMAND,7222,Tööriistavalmistajad jms alade töötajad,Põlva maakond,3
396,LABOUR_DEMAND,7222,Tööriistavalmistajad jms alade töötajad,Pärnu maakond,3
396,LABOUR_DEMAND,7222,Tööriistavalmistajad jms alade töötajad,Rapla maakond,3
396,LABOUR_DEMAND,7222,Tööriistavalmistajad jms alade töötajad,Tartu maakond,3
396,LABOUR_DEMAND,7222,Tööriistavalmistajad jms alade töötajad,Valga maakond,3
396,LABOUR_DEMAND,7222,Tööriistavalmistajad jms alade töötajad,Viljandi maakond,3
396,LABOUR_DEMAND,7222,Tööriistavalmistajad jms alade töötajad,Võru maakond,3
396,LABOUR_DEMAND,7223,Metallitöötluspinkide seadistajad ja operaatorid,Kogu Eesti,3
396,LABOUR_DEMAND,7223,Metallitöötluspinkide seadistajad ja operaatorid,Harju maakond,3
396,LABOUR_DEMAND,7223,Metallitöötluspinkide seadistajad ja operaatorid,Ida-Viru maakond,3
396,LABOUR_DEMAND,7223,Metallitöötluspinkide seadistajad ja operaatorid,Jõgeva maakond,3
396,LABOUR_DEMAND,7223,Metallitöötluspinkide seadistajad ja operaatorid,Järva maakond,3
396,LABOUR_DEMAND,7223,Metallitöötluspinkide seadistajad ja operaatorid,Lääne maakond,3
396,LABOUR_DEMAND,7223,Metallitöötluspinkide seadistajad ja operaatorid,Lääne-Viru maakond,3
396,LABOUR_DEMAND,7223,Metallitöötluspinkide seadistajad ja operaatorid,Pärnu maakond,3
396,LABOUR_DEMAND,7223,Metallitöötluspinkide seadistajad ja operaatorid,Rapla maakond,3
396,LABOUR_DEMAND,7223,Metallitöötluspinkide seadistajad ja operaatorid,Tartu maakond,3
396,LABOUR_DEMAND,7223,Metallitöötluspinkide seadistajad ja operaatorid,Valga maakond,3
396,LABOUR_DEMAND,7223,Metallitöötluspinkide seadistajad ja operaatorid,Viljandi maakond,3
396,LABOUR_DEMAND,7223,Metallitöötluspinkide seadistajad ja operaatorid,Võru maakond,3
396,LABOUR_DEMAND,7224,"Metallilihvijad ja -poleerijad, tööriistateritajad",Kogu Eesti,3
396,LABOUR_DEMAND,7224,"Metallilihvijad ja -poleerijad, tööriistateritajad",Harju maakond,3
396,LABOUR_DEMAND,7224,"Metallilihvijad ja -poleerijad, tööriistateritajad",Ida-Viru maakond,3
396,LABOUR_DEMAND,7224,"Metallilihvijad ja -poleerijad, tööriistateritajad",Jõgeva maakond,3
396,LABOUR_DEMAND,7224,"Metallilihvijad ja -poleerijad, tööriistateritajad",Lääne maakond,3
396,LABOUR_DEMAND,7224,"Metallilihvijad ja -poleerijad, tööriistateritajad",Lääne-Viru maakond,3
396,LABOUR_DEMAND,7224,"Metallilihvijad ja -poleerijad, tööriistateritajad",Pärnu maakond,3
396,LABOUR_DEMAND,7224,"Metallilihvijad ja -poleerijad, tööriistateritajad",Rapla maakond,3
396,LABOUR_DEMAND,7224,"Metallilihvijad ja -poleerijad, tööriistateritajad",Tartu maakond,3
396,LABOUR_DEMAND,7224,"Metallilihvijad ja -poleerijad, tööriistateritajad",Viljandi maakond,3
396,LABOUR_DEMAND,7231,Mootorsõidukite mehaanikud ja lukksepad,Kogu Eesti,3
396,LABOUR_DEMAND,7231,Mootorsõidukite mehaanikud ja lukksepad,Harju maakond,3
396,LABOUR_DEMAND,7231,Mootorsõidukite mehaanikud ja lukksepad,Hiiu maakond,3
396,LABOUR_DEMAND,7231,Mootorsõidukite mehaanikud ja lukksepad,Ida-Viru maakond,3
396,LABOUR_DEMAND,7231,Mootorsõidukite mehaanikud ja lukksepad,Jõgeva maakond,3
396,LABOUR_DEMAND,7231,Mootorsõidukite mehaanikud ja lukksepad,Järva maakond,3
396,LABOUR_DEMAND,7231,Mootorsõidukite mehaanikud ja lukksepad,Lääne maakond,3
396,LABOUR_DEMAND,7231,Mootorsõidukite mehaanikud ja lukksepad,Lääne-Viru maakond,3
396,LABOUR_DEMAND,7231,Mootorsõidukite mehaanikud ja lukksepad,Põlva maakond,3
396,LABOUR_DEMAND,7231,Mootorsõidukite mehaanikud ja lukksepad,Pärnu maakond,3
396,LABOUR_DEMAND,7231,Mootorsõidukite mehaanikud ja lukksepad,Rapla maakond,3
396,LABOUR_DEMAND,7231,Mootorsõidukite mehaanikud ja lukksepad,Saare maakond,3
396,LABOUR_DEMAND,7231,Mootorsõidukite mehaanikud ja lukksepad,Tartu maakond,3
396,LABOUR_DEMAND,7231,Mootorsõidukite mehaanikud ja lukksepad,Valga maakond,3
396,LABOUR_DEMAND,7231,Mootorsõidukite mehaanikud ja lukksepad,Viljandi maakond,3
396,LABOUR_DEMAND,7231,Mootorsõidukite mehaanikud ja lukksepad,Võru maakond,3
396,LABOUR_DEMAND,7233,Põllumajandus- ja tööstusmasinate mehaanikud ja lukksepad,Kogu Eesti,3
396,LABOUR_DEMAND,7233,Põllumajandus- ja tööstusmasinate mehaanikud ja lukksepad,Harju maakond,3
396,LABOUR_DEMAND,7233,Põllumajandus- ja tööstusmasinate mehaanikud ja lukksepad,Hiiu maakond,3
396,LABOUR_DEMAND,7233,Põllumajandus- ja tööstusmasinate mehaanikud ja lukksepad,Ida-Viru maakond,3
396,LABOUR_DEMAND,7233,Põllumajandus- ja tööstusmasinate mehaanikud ja lukksepad,Jõgeva maakond,3
396,LABOUR_DEMAND,7233,Põllumajandus- ja tööstusmasinate mehaanikud ja lukksepad,Järva maakond,3
396,LABOUR_DEMAND,7233,Põllumajandus- ja tööstusmasinate mehaanikud ja lukksepad,Lääne maakond,3
396,LABOUR_DEMAND,7233,Põllumajandus- ja tööstusmasinate mehaanikud ja lukksepad,Lääne-Viru maakond,3
396,LABOUR_DEMAND,7233,Põllumajandus- ja tööstusmasinate mehaanikud ja lukksepad,Põlva maakond,3
396,LABOUR_DEMAND,7233,Põllumajandus- ja tööstusmasinate mehaanikud ja lukksepad,Pärnu maakond,3
396,LABOUR_DEMAND,7233,Põllumajandus- ja tööstusmasinate mehaanikud ja lukksepad,Rapla maakond,3
396,LABOUR_DEMAND,7233,Põllumajandus- ja tööstusmasinate mehaanikud ja lukksepad,Saare maakond,3
396,LABOUR_DEMAND,7233,Põllumajandus- ja tööstusmasinate mehaanikud ja lukksepad,Tartu maakond,3
396,LABOUR_DEMAND,7233,Põllumajandus- ja tööstusmasinate mehaanikud ja lukksepad,Valga maakond,3
396,LABOUR_DEMAND,7233,Põllumajandus- ja tööstusmasinate mehaanikud ja lukksepad,Viljandi maakond,3
396,LABOUR_DEMAND,7233,Põllumajandus- ja tööstusmasinate mehaanikud ja lukksepad,Võru maakond,3
396,LABOUR_DEMAND,7315,"Klaasimeistrid, -lõikajad, -lihvijad ja -viimistlejad",Lääne maakond,3
396,LABOUR_DEMAND,7319,Mujal liigitamata käsitöölised,Kogu Eesti,3
396,LABOUR_DEMAND,7319,Mujal liigitamata käsitöölised,Harju maakond,3
396,LABOUR_DEMAND,7319,Mujal liigitamata käsitöölised,Ida-Viru maakond,3
396,LABOUR_DEMAND,7319,Mujal liigitamata käsitöölised,Järva maakond,3
396,LABOUR_DEMAND,7319,Mujal liigitamata käsitöölised,Põlva maakond,3
396,LABOUR_DEMAND,7319,Mujal liigitamata käsitöölised,Pärnu maakond,3
396,LABOUR_DEMAND,7319,Mujal liigitamata käsitöölised,Rapla maakond,3
396,LABOUR_DEMAND,7319,Mujal liigitamata käsitöölised,Saare maakond,3
396,LABOUR_DEMAND,7319,Mujal liigitamata käsitöölised,Tartu maakond,3
396,LABOUR_DEMAND,7319,Mujal liigitamata käsitöölised,Viljandi maakond,3
396,LABOUR_DEMAND,7319,Mujal liigitamata käsitöölised,Võru maakond,3
396,LABOUR_DEMAND,7323,Trükitööde viimistlejad ja köitjad,Viljandi maakond,3
396,LABOUR_DEMAND,7411,Ehituselektrikud,Kogu Eesti,3
396,LABOUR_DEMAND,7411,Ehituselektrikud,Harju maakond,3
396,LABOUR_DEMAND,7411,Ehituselektrikud,Hiiu maakond,3
396,LABOUR_DEMAND,7411,Ehituselektrikud,Ida-Viru maakond,3
396,LABOUR_DEMAND,7411,Ehituselektrikud,Jõgeva maakond,3
396,LABOUR_DEMAND,7411,Ehituselektrikud,Järva maakond,3
396,LABOUR_DEMAND,7411,Ehituselektrikud,Lääne maakond,3
396,LABOUR_DEMAND,7411,Ehituselektrikud,Lääne-Viru maakond,3
396,LABOUR_DEMAND,7411,Ehituselektrikud,Põlva maakond,3
396,LABOUR_DEMAND,7411,Ehituselektrikud,Pärnu maakond,3
396,LABOUR_DEMAND,7411,Ehituselektrikud,Rapla maakond,3
396,LABOUR_DEMAND,7411,Ehituselektrikud,Saare maakond,2
396,LABOUR_DEMAND,7411,Ehituselektrikud,Tartu maakond,3
396,LABOUR_DEMAND,7411,Ehituselektrikud,Valga maakond,3
396,LABOUR_DEMAND,7411,Ehituselektrikud,Viljandi maakond,3
396,LABOUR_DEMAND,7411,Ehituselektrikud,Võru maakond,3
396,LABOUR_DEMAND,7412,Elektriseadmete mehaanikud ja paigaldajad,Kogu Eesti,3
396,LABOUR_DEMAND,7412,Elektriseadmete mehaanikud ja paigaldajad,Harju maakond,3
396,LABOUR_DEMAND,7412,Elektriseadmete mehaanikud ja paigaldajad,Ida-Viru maakond,3
396,LABOUR_DEMAND,7412,Elektriseadmete mehaanikud ja paigaldajad,Saare maakond,2
396,LABOUR_DEMAND,7413,Elektriliinide paigaldajad ja hooldajad,Lääne maakond,3
396,LABOUR_DEMAND,7421,Elektroonikaseadmete mehaanikud ja hooldajad,Kogu Eesti,3
396,LABOUR_DEMAND,7421,Elektroonikaseadmete mehaanikud ja hooldajad,Harju maakond,3
396,LABOUR_DEMAND,7421,Elektroonikaseadmete mehaanikud ja hooldajad,Hiiu maakond,3
396,LABOUR_DEMAND,7511,"Lihunikud, kalatöötlejad jms toiduainete töötlejad",Kogu Eesti,3
396,LABOUR_DEMAND,7511,"Lihunikud, kalatöötlejad jms toiduainete töötlejad",Harju maakond,3
396,LABOUR_DEMAND,7511,"Lihunikud, kalatöötlejad jms toiduainete töötlejad",Hiiu maakond,3
396,LABOUR_DEMAND,7511,"Lihunikud, kalatöötlejad jms toiduainete töötlejad",Ida-Viru maakond,3
396,LABOUR_DEMAND,7511,"Lihunikud, kalatöötlejad jms toiduainete töötlejad",Jõgeva maakond,3
396,LABOUR_DEMAND,7511,"Lihunikud, kalatöötlejad jms toiduainete töötlejad",Lääne maakond,3
396,LABOUR_DEMAND,7511,"Lihunikud, kalatöötlejad jms toiduainete töötlejad",Lääne-Viru maakond,3
396,LABOUR_DEMAND,7511,"Lihunikud, kalatöötlejad jms toiduainete töötlejad",Põlva maakond,3
396,LABOUR_DEMAND,7511,"Lihunikud, kalatöötlejad jms toiduainete töötlejad",Pärnu maakond,3
396,LABOUR_DEMAND,7511,"Lihunikud, kalatöötlejad jms toiduainete töötlejad",Rapla maakond,4
396,LABOUR_DEMAND,7511,"Lihunikud, kalatöötlejad jms toiduainete töötlejad",Saare maakond,3
396,LABOUR_DEMAND,7511,"Lihunikud, kalatöötlejad jms toiduainete töötlejad",Tartu maakond,3
396,LABOUR_DEMAND,7511,"Lihunikud, kalatöötlejad jms toiduainete töötlejad",Valga maakond,3
396,LABOUR_DEMAND,7511,"Lihunikud, kalatöötlejad jms toiduainete töötlejad",Viljandi maakond,3
396,LABOUR_DEMAND,7511,"Lihunikud, kalatöötlejad jms toiduainete töötlejad",Võru maakond,3
396,LABOUR_DEMAND,7512,"Pagarid, kondiitrid ja maiustustevalmistajad",Kogu Eesti,3
396,LABOUR_DEMAND,7512,"Pagarid, kondiitrid ja maiustustevalmistajad",Harju maakond,3
396,LABOUR_DEMAND,7512,"Pagarid, kondiitrid ja maiustustevalmistajad",Ida-Viru maakond,3
396,LABOUR_DEMAND,7512,"Pagarid, kondiitrid ja maiustustevalmistajad",Jõgeva maakond,3
396,LABOUR_DEMAND,7512,"Pagarid, kondiitrid ja maiustustevalmistajad",Järva maakond,3
396,LABOUR_DEMAND,7512,"Pagarid, kondiitrid ja maiustustevalmistajad",Lääne maakond,3
396,LABOUR_DEMAND,7512,"Pagarid, kondiitrid ja maiustustevalmistajad",Lääne-Viru maakond,3
396,LABOUR_DEMAND,7512,"Pagarid, kondiitrid ja maiustustevalmistajad",Põlva maakond,3
396,LABOUR_DEMAND,7512,"Pagarid, kondiitrid ja maiustustevalmistajad",Pärnu maakond,3
396,LABOUR_DEMAND,7512,"Pagarid, kondiitrid ja maiustustevalmistajad",Saare maakond,3
396,LABOUR_DEMAND,7512,"Pagarid, kondiitrid ja maiustustevalmistajad",Tartu maakond,3
396,LABOUR_DEMAND,7512,"Pagarid, kondiitrid ja maiustustevalmistajad",Valga maakond,3
396,LABOUR_DEMAND,7512,"Pagarid, kondiitrid ja maiustustevalmistajad",Viljandi maakond,3
396,LABOUR_DEMAND,7512,"Pagarid, kondiitrid ja maiustustevalmistajad",Võru maakond,3
396,LABOUR_DEMAND,7513,Piimatöötlejad,Põlva maakond,3
396,LABOUR_DEMAND,7513,Piimatöötlejad,Võru maakond,3
396,LABOUR_DEMAND,7514,Puu- ja köögivilja ning marjade töötlejad,Jõgeva maakond,3
396,LABOUR_DEMAND,7514,Puu- ja köögivilja ning marjade töötlejad,Järva maakond,3
396,LABOUR_DEMAND,7515,Toidu ja jookide degusteerijad ja hindajad,Hiiu maakond,3
396,LABOUR_DEMAND,7515,Toidu ja jookide degusteerijad ja hindajad,Tartu maakond,3
396,LABOUR_DEMAND,7521,Puidutöötlejad,Kogu Eesti,3
396,LABOUR_DEMAND,7521,Puidutöötlejad,Harju maakond,3
396,LABOUR_DEMAND,7521,Puidutöötlejad,Ida-Viru maakond,3
396,LABOUR_DEMAND,7521,Puidutöötlejad,Jõgeva maakond,3
396,LABOUR_DEMAND,7521,Puidutöötlejad,Järva maakond,3
396,LABOUR_DEMAND,7521,Puidutöötlejad,Lääne maakond,3
396,LABOUR_DEMAND,7521,Puidutöötlejad,Lääne-Viru maakond,3
396,LABOUR_DEMAND,7521,Puidutöötlejad,Põlva maakond,3
396,LABOUR_DEMAND,7521,Puidutöötlejad,Pärnu maakond,3
396,LABOUR_DEMAND,7521,Puidutöötlejad,Rapla maakond,3
396,LABOUR_DEMAND,7521,Puidutöötlejad,Saare maakond,3
396,LABOUR_DEMAND,7521,Puidutöötlejad,Tartu maakond,3
396,LABOUR_DEMAND,7521,Puidutöötlejad,Valga maakond,3
396,LABOUR_DEMAND,7521,Puidutöötlejad,Viljandi maakond,3
396,LABOUR_DEMAND,7521,Puidutöötlejad,Võru maakond,3
396,LABOUR_DEMAND,7522,Tislerid jms töötajad,Kogu Eesti,3
396,LABOUR_DEMAND,7522,Tislerid jms töötajad,Harju maakond,3
396,LABOUR_DEMAND,7522,Tislerid jms töötajad,Ida-Viru maakond,3
396,LABOUR_DEMAND,7522,Tislerid jms töötajad,Jõgeva maakond,3
396,LABOUR_DEMAND,7522,Tislerid jms töötajad,Järva maakond,3
396,LABOUR_DEMAND,7522,Tislerid jms töötajad,Lääne maakond,3
396,LABOUR_DEMAND,7522,Tislerid jms töötajad,Lääne-Viru maakond,3
396,LABOUR_DEMAND,7522,Tislerid jms töötajad,Põlva maakond,3
396,LABOUR_DEMAND,7522,Tislerid jms töötajad,Pärnu maakond,3
396,LABOUR_DEMAND,7522,Tislerid jms töötajad,Rapla maakond,3
396,LABOUR_DEMAND,7522,Tislerid jms töötajad,Saare maakond,3
396,LABOUR_DEMAND,7522,Tislerid jms töötajad,Tartu maakond,3
396,LABOUR_DEMAND,7522,Tislerid jms töötajad,Valga maakond,3
396,LABOUR_DEMAND,7522,Tislerid jms töötajad,Viljandi maakond,3
396,LABOUR_DEMAND,7522,Tislerid jms töötajad,Võru maakond,3
396,LABOUR_DEMAND,7523,Puidutöötluspinkide seadistajad ja operaatorid,Kogu Eesti,3
396,LABOUR_DEMAND,7523,Puidutöötluspinkide seadistajad ja operaatorid,Ida-Viru maakond,3
396,LABOUR_DEMAND,7523,Puidutöötluspinkide seadistajad ja operaatorid,Jõgeva maakond,3
396,LABOUR_DEMAND,7523,Puidutöötluspinkide seadistajad ja operaatorid,Järva maakond,3
396,LABOUR_DEMAND,7523,Puidutöötluspinkide seadistajad ja operaatorid,Lääne maakond,3
396,LABOUR_DEMAND,7523,Puidutöötluspinkide seadistajad ja operaatorid,Lääne-Viru maakond,3
396,LABOUR_DEMAND,7523,Puidutöötluspinkide seadistajad ja operaatorid,Põlva maakond,3
396,LABOUR_DEMAND,7523,Puidutöötluspinkide seadistajad ja operaatorid,Rapla maakond,3
396,LABOUR_DEMAND,7523,Puidutöötluspinkide seadistajad ja operaatorid,Tartu maakond,3
396,LABOUR_DEMAND,7523,Puidutöötluspinkide seadistajad ja operaatorid,Valga maakond,3
396,LABOUR_DEMAND,7523,Puidutöötluspinkide seadistajad ja operaatorid,Viljandi maakond,3
396,LABOUR_DEMAND,7523,Puidutöötluspinkide seadistajad ja operaatorid,Võru maakond,3
396,LABOUR_DEMAND,7531,"Rätsepad, köösnerid ja kübarategijad",Tartu maakond,3
396,LABOUR_DEMAND,7532,Rõivaste jms toodete lekaalide tegijad ja juurdelõikajad,Valga maakond,3
396,LABOUR_DEMAND,7532,Rõivaste jms toodete lekaalide tegijad ja juurdelõikajad,Võru maakond,3
396,LABOUR_DEMAND,7534,Polsterdajad jms töötajad,Kogu Eesti,3
396,LABOUR_DEMAND,7534,Polsterdajad jms töötajad,Jõgeva maakond,3
396,LABOUR_DEMAND,7534,Polsterdajad jms töötajad,Lääne maakond,3
396,LABOUR_DEMAND,7534,Polsterdajad jms töötajad,Lääne-Viru maakond,3
396,LABOUR_DEMAND,7534,Polsterdajad jms töötajad,Põlva maakond,3
396,LABOUR_DEMAND,7534,Polsterdajad jms töötajad,Pärnu maakond,3
396,LABOUR_DEMAND,7534,Polsterdajad jms töötajad,Valga maakond,3
396,LABOUR_DEMAND,7534,Polsterdajad jms töötajad,Viljandi maakond,3
396,LABOUR_DEMAND,7534,Polsterdajad jms töötajad,Võru maakond,3
396,LABOUR_DEMAND,7536,Kingsepad jms töötajad,Võru maakond,3
396,LABOUR_DEMAND,7543,Toodete (v.a toidud ja joogid) testijad,Kogu Eesti,3
396,LABOUR_DEMAND,7543,Toodete (v.a toidud ja joogid) testijad,Harju maakond,3
396,LABOUR_DEMAND,7543,Toodete (v.a toidud ja joogid) testijad,Ida-Viru maakond,3
396,LABOUR_DEMAND,7543,Toodete (v.a toidud ja joogid) testijad,Lääne maakond,3
396,LABOUR_DEMAND,7543,Toodete (v.a toidud ja joogid) testijad,Pärnu maakond,3
396,LABOUR_DEMAND,7543,Toodete (v.a toidud ja joogid) testijad,Rapla maakond,3
396,LABOUR_DEMAND,7543,Toodete (v.a toidud ja joogid) testijad,Saare maakond,3
396,LABOUR_DEMAND,7543,Toodete (v.a toidud ja joogid) testijad,Valga maakond,3
396,LABOUR_DEMAND,7543,Toodete (v.a toidud ja joogid) testijad,Võru maakond,3
396,LABOUR_DEMAND,7549,Mujal liigitamata oskustöötajad,Ida-Viru maakond,3
396,LABOUR_DEMAND,7549,Mujal liigitamata oskustöötajad,Põlva maakond,3
396,LABOUR_DEMAND,7549,Mujal liigitamata oskustöötajad,Rapla maakond,3
396,LABOUR_DEMAND,7549,Mujal liigitamata oskustöötajad,Saare maakond,3
396,LABOUR_DEMAND,8111,"Kaevurid ja karjääritöölised, mäemasinate operaatorid",Ida-Viru maakond,4
396,LABOUR_DEMAND,8114,"Tsemendi-, kivi- ja muude mineraalide töötlemismasinate operaatorid",Saare maakond,3
396,LABOUR_DEMAND,8122,Metallitöötlusmasinate operaatorid,Võru maakond,3
396,LABOUR_DEMAND,8131,Keemiaseadmete ja -masinate operaatorid,Ida-Viru maakond,3
396,LABOUR_DEMAND,8141,Kummitoodete masinate operaatorid,Saare maakond,3
396,LABOUR_DEMAND,8142,Plasttoodete masinate operaatorid,Hiiu maakond,3
396,LABOUR_DEMAND,8142,Plasttoodete masinate operaatorid,Järva maakond,3
396,LABOUR_DEMAND,8142,Plasttoodete masinate operaatorid,Lääne maakond,3
396,LABOUR_DEMAND,8142,Plasttoodete masinate operaatorid,Saare maakond,3
396,LABOUR_DEMAND,8153,Masinõmblejad,Kogu Eesti,3
396,LABOUR_DEMAND,8153,Masinõmblejad,Harju maakond,3
396,LABOUR_DEMAND,8153,Masinõmblejad,Hiiu maakond,3
396,LABOUR_DEMAND,8153,Masinõmblejad,Ida-Viru maakond,3
396,LABOUR_DEMAND,8153,Masinõmblejad,Jõgeva maakond,3
396,LABOUR_DEMAND,8153,Masinõmblejad,Järva maakond,3
396,LABOUR_DEMAND,8153,Masinõmblejad,Lääne maakond,3
396,LABOUR_DEMAND,8153,Masinõmblejad,Lääne-Viru maakond,3
396,LABOUR_DEMAND,8153,Masinõmblejad,Põlva maakond,3
396,LABOUR_DEMAND,8153,Masinõmblejad,Pärnu maakond,3
396,LABOUR_DEMAND,8153,Masinõmblejad,Rapla maakond,3
396,LABOUR_DEMAND,8153,Masinõmblejad,Saare maakond,3
396,LABOUR_DEMAND,8153,Masinõmblejad,Tartu maakond,3
396,LABOUR_DEMAND,8153,Masinõmblejad,Valga maakond,3
396,LABOUR_DEMAND,8153,Masinõmblejad,Viljandi maakond,3
396,LABOUR_DEMAND,8153,Masinõmblejad,Võru maakond,3
396,LABOUR_DEMAND,8157,Pesumasinate operaatorid,Hiiu maakond,3
396,LABOUR_DEMAND,8157,Pesumasinate operaatorid,Lääne maakond,3
396,LABOUR_DEMAND,8157,Pesumasinate operaatorid,Pärnu maakond,3
396,LABOUR_DEMAND,8157,Pesumasinate operaatorid,Rapla maakond,3
396,LABOUR_DEMAND,8159,"Tekstiili-, karusnahk- ja nahktoodete masinate mujal liigitamata operaatorid",Viljandi maakond,3
396,LABOUR_DEMAND,8160,Toiduainete jms toodete masinate operaatorid,Kogu Eesti,3
396,LABOUR_DEMAND,8160,Toiduainete jms toodete masinate operaatorid,Harju maakond,3
396,LABOUR_DEMAND,8160,Toiduainete jms toodete masinate operaatorid,Ida-Viru maakond,4
396,LABOUR_DEMAND,8160,Toiduainete jms toodete masinate operaatorid,Jõgeva maakond,4
396,LABOUR_DEMAND,8160,Toiduainete jms toodete masinate operaatorid,Järva maakond,3
396,LABOUR_DEMAND,8160,Toiduainete jms toodete masinate operaatorid,Lääne maakond,3
396,LABOUR_DEMAND,8160,Toiduainete jms toodete masinate operaatorid,Lääne-Viru maakond,3
396,LABOUR_DEMAND,8160,Toiduainete jms toodete masinate operaatorid,Põlva maakond,3
396,LABOUR_DEMAND,8160,Toiduainete jms toodete masinate operaatorid,Rapla maakond,2
396,LABOUR_DEMAND,8160,Toiduainete jms toodete masinate operaatorid,Tartu maakond,3
396,LABOUR_DEMAND,8160,Toiduainete jms toodete masinate operaatorid,Valga maakond,3
396,LABOUR_DEMAND,8160,Toiduainete jms toodete masinate operaatorid,Viljandi maakond,3
396,LABOUR_DEMAND,8160,Toiduainete jms toodete masinate operaatorid,Võru maakond,3
396,LABOUR_DEMAND,8171,Tselluloosi- ja paberitootmisseadmete operaatorid,Kogu Eesti,3
396,LABOUR_DEMAND,8171,Tselluloosi- ja paberitootmisseadmete operaatorid,Harju maakond,3
396,LABOUR_DEMAND,8172,Puidutöötlemisseadmete operaatorid,Kogu Eesti,3
396,LABOUR_DEMAND,8172,Puidutöötlemisseadmete operaatorid,Ida-Viru maakond,3
396,LABOUR_DEMAND,8172,Puidutöötlemisseadmete operaatorid,Jõgeva maakond,3
396,LABOUR_DEMAND,8172,Puidutöötlemisseadmete operaatorid,Järva maakond,3
396,LABOUR_DEMAND,8172,Puidutöötlemisseadmete operaatorid,Lääne maakond,3
396,LABOUR_DEMAND,8172,Puidutöötlemisseadmete operaatorid,Lääne-Viru maakond,3
396,LABOUR_DEMAND,8172,Puidutöötlemisseadmete operaatorid,Põlva maakond,3
396,LABOUR_DEMAND,8172,Puidutöötlemisseadmete operaatorid,Pärnu maakond,3
396,LABOUR_DEMAND,8172,Puidutöötlemisseadmete operaatorid,Rapla maakond,3
396,LABOUR_DEMAND,8172,Puidutöötlemisseadmete operaatorid,Tartu maakond,3
396,LABOUR_DEMAND,8172,Puidutöötlemisseadmete operaatorid,Valga maakond,3
396,LABOUR_DEMAND,8172,Puidutöötlemisseadmete operaatorid,Viljandi maakond,3
396,LABOUR_DEMAND,8172,Puidutöötlemisseadmete operaatorid,Võru maakond,3
396,LABOUR_DEMAND,8181,Klaasi- ja keraamikaahjude jms seadmete operaatorid,Lääne maakond,3
396,LABOUR_DEMAND,8181,Klaasi- ja keraamikaahjude jms seadmete operaatorid,Rapla maakond,3
396,LABOUR_DEMAND,8182,Aurumasinate ja -katelde operaatorid,Hiiu maakond,3
396,LABOUR_DEMAND,8182,Aurumasinate ja -katelde operaatorid,Järva maakond,3
396,LABOUR_DEMAND,8182,Aurumasinate ja -katelde operaatorid,Rapla maakond,3
396,LABOUR_DEMAND,8182,Aurumasinate ja -katelde operaatorid,Saare maakond,3
396,LABOUR_DEMAND,8182,Aurumasinate ja -katelde operaatorid,Võru maakond,3
396,LABOUR_DEMAND,8183,"Pakke-, villimis- ja märgistusseadmete operaatorid",Kogu Eesti,3
396,LABOUR_DEMAND,8183,"Pakke-, villimis- ja märgistusseadmete operaatorid",Harju maakond,3
396,LABOUR_DEMAND,8183,"Pakke-, villimis- ja märgistusseadmete operaatorid",Lääne maakond,3
396,LABOUR_DEMAND,8183,"Pakke-, villimis- ja märgistusseadmete operaatorid",Lääne-Viru maakond,3
396,LABOUR_DEMAND,8189,Mujal liigitamata seadme- ja masinaoperaatorid,Kogu Eesti,3
396,LABOUR_DEMAND,8189,Mujal liigitamata seadme- ja masinaoperaatorid,Harju maakond,3
396,LABOUR_DEMAND,8189,Mujal liigitamata seadme- ja masinaoperaatorid,Hiiu maakond,3
396,LABOUR_DEMAND,8189,Mujal liigitamata seadme- ja masinaoperaatorid,Ida-Viru maakond,3
396,LABOUR_DEMAND,8189,Mujal liigitamata seadme- ja masinaoperaatorid,Jõgeva maakond,3
396,LABOUR_DEMAND,8189,Mujal liigitamata seadme- ja masinaoperaatorid,Järva maakond,3
396,LABOUR_DEMAND,8189,Mujal liigitamata seadme- ja masinaoperaatorid,Lääne maakond,3
396,LABOUR_DEMAND,8189,Mujal liigitamata seadme- ja masinaoperaatorid,Lääne-Viru maakond,3
396,LABOUR_DEMAND,8189,Mujal liigitamata seadme- ja masinaoperaatorid,Põlva maakond,3
396,LABOUR_DEMAND,8189,Mujal liigitamata seadme- ja masinaoperaatorid,Pärnu maakond,4
396,LABOUR_DEMAND,8189,Mujal liigitamata seadme- ja masinaoperaatorid,Rapla maakond,3
396,LABOUR_DEMAND,8189,Mujal liigitamata seadme- ja masinaoperaatorid,Saare maakond,3
396,LABOUR_DEMAND,8189,Mujal liigitamata seadme- ja masinaoperaatorid,Tartu maakond,3
396,LABOUR_DEMAND,8189,Mujal liigitamata seadme- ja masinaoperaatorid,Valga maakond,3
396,LABOUR_DEMAND,8189,Mujal liigitamata seadme- ja masinaoperaatorid,Viljandi maakond,3
396,LABOUR_DEMAND,8189,Mujal liigitamata seadme- ja masinaoperaatorid,Võru maakond,3
396,LABOUR_DEMAND,8211,Mehaaniliste seadmete koostajad,Kogu Eesti,3
396,LABOUR_DEMAND,8211,Mehaaniliste seadmete koostajad,Harju maakond,3
396,LABOUR_DEMAND,8212,Elektri- ja elektroonikaseadmete koostajad,Kogu Eesti,3
396,LABOUR_DEMAND,8212,Elektri- ja elektroonikaseadmete koostajad,Harju maakond,3
396,LABOUR_DEMAND,8212,Elektri- ja elektroonikaseadmete koostajad,Hiiu maakond,3
396,LABOUR_DEMAND,8212,Elektri- ja elektroonikaseadmete koostajad,Ida-Viru maakond,3
396,LABOUR_DEMAND,8212,Elektri- ja elektroonikaseadmete koostajad,Järva maakond,3
396,LABOUR_DEMAND,8212,Elektri- ja elektroonikaseadmete koostajad,Lääne maakond,3
396,LABOUR_DEMAND,8212,Elektri- ja elektroonikaseadmete koostajad,Lääne-Viru maakond,2
396,LABOUR_DEMAND,8212,Elektri- ja elektroonikaseadmete koostajad,Pärnu maakond,3
396,LABOUR_DEMAND,8212,Elektri- ja elektroonikaseadmete koostajad,Saare maakond,3
396,LABOUR_DEMAND,8212,Elektri- ja elektroonikaseadmete koostajad,Tartu maakond,3
396,LABOUR_DEMAND,8212,Elektri- ja elektroonikaseadmete koostajad,Viljandi maakond,3
396,LABOUR_DEMAND,8212,Elektri- ja elektroonikaseadmete koostajad,Võru maakond,3
396,LABOUR_DEMAND,8219,Mujal liigitamata koostajad,Kogu Eesti,3
396,LABOUR_DEMAND,8219,Mujal liigitamata koostajad,Harju maakond,3
396,LABOUR_DEMAND,8219,Mujal liigitamata koostajad,Hiiu maakond,3
396,LABOUR_DEMAND,8219,Mujal liigitamata koostajad,Ida-Viru maakond,3
396,LABOUR_DEMAND,8219,Mujal liigitamata koostajad,Jõgeva maakond,3
396,LABOUR_DEMAND,8219,Mujal liigitamata koostajad,Järva maakond,3
396,LABOUR_DEMAND,8219,Mujal liigitamata koostajad,Lääne maakond,3
396,LABOUR_DEMAND,8219,Mujal liigitamata koostajad,Lääne-Viru maakond,3
396,LABOUR_DEMAND,8219,Mujal liigitamata koostajad,Põlva maakond,3
396,LABOUR_DEMAND,8219,Mujal liigitamata koostajad,Pärnu maakond,3
396,LABOUR_DEMAND,8219,Mujal liigitamata koostajad,Rapla maakond,3
396,LABOUR_DEMAND,8219,Mujal liigitamata koostajad,Saare maakond,3
396,LABOUR_DEMAND,8219,Mujal liigitamata koostajad,Tartu maakond,3
396,LABOUR_DEMAND,8219,Mujal liigitamata koostajad,Valga maakond,3
396,LABOUR_DEMAND,8219,Mujal liigitamata koostajad,Viljandi maakond,3
396,LABOUR_DEMAND,8219,Mujal liigitamata koostajad,Võru maakond,3
396,LABOUR_DEMAND,8311,Veduri- ja rongijuhid,Ida-Viru maakond,3
396,LABOUR_DEMAND,8312,Raudtee liiklustöötajad,Ida-Viru maakond,3
396,LABOUR_DEMAND,8322,"Sõiduauto-, takso- ja pakiauto juhid",Kogu Eesti,3
396,LABOUR_DEMAND,8322,"Sõiduauto-, takso- ja pakiauto juhid",Harju maakond,3
396,LABOUR_DEMAND,8322,"Sõiduauto-, takso- ja pakiauto juhid",Hiiu maakond,3
396,LABOUR_DEMAND,8322,"Sõiduauto-, takso- ja pakiauto juhid",Ida-Viru maakond,3
396,LABOUR_DEMAND,8322,"Sõiduauto-, takso- ja pakiauto juhid",Jõgeva maakond,3
396,LABOUR_DEMAND,8322,"Sõiduauto-, takso- ja pakiauto juhid",Järva maakond,3
396,LABOUR_DEMAND,8322,"Sõiduauto-, takso- ja pakiauto juhid",Lääne maakond,3
396,LABOUR_DEMAND,8322,"Sõiduauto-, takso- ja pakiauto juhid",Lääne-Viru maakond,3
396,LABOUR_DEMAND,8322,"Sõiduauto-, takso- ja pakiauto juhid",Põlva maakond,3
396,LABOUR_DEMAND,8322,"Sõiduauto-, takso- ja pakiauto juhid",Pärnu maakond,3
396,LABOUR_DEMAND,8322,"Sõiduauto-, takso- ja pakiauto juhid",Rapla maakond,3
396,LABOUR_DEMAND,8322,"Sõiduauto-, takso- ja pakiauto juhid",Saare maakond,3
396,LABOUR_DEMAND,8322,"Sõiduauto-, takso- ja pakiauto juhid",Tartu maakond,3
396,LABOUR_DEMAND,8322,"Sõiduauto-, takso- ja pakiauto juhid",Valga maakond,3
396,LABOUR_DEMAND,8322,"Sõiduauto-, takso- ja pakiauto juhid",Viljandi maakond,3
396,LABOUR_DEMAND,8322,"Sõiduauto-, takso- ja pakiauto juhid",Võru maakond,3
396,LABOUR_DEMAND,8331,Bussi- ja trammijuhid,Kogu Eesti,3
396,LABOUR_DEMAND,8331,Bussi- ja trammijuhid,Harju maakond,3
396,LABOUR_DEMAND,8331,Bussi- ja trammijuhid,Ida-Viru maakond,3
396,LABOUR_DEMAND,8331,Bussi- ja trammijuhid,Jõgeva maakond,3
396,LABOUR_DEMAND,8331,Bussi- ja trammijuhid,Järva maakond,3
396,LABOUR_DEMAND,8331,Bussi- ja trammijuhid,Lääne maakond,3
396,LABOUR_DEMAND,8331,Bussi- ja trammijuhid,Lääne-Viru maakond,3
396,LABOUR_DEMAND,8331,Bussi- ja trammijuhid,Põlva maakond,3
396,LABOUR_DEMAND,8331,Bussi- ja trammijuhid,Pärnu maakond,3
396,LABOUR_DEMAND,8331,Bussi- ja trammijuhid,Rapla maakond,3
396,LABOUR_DEMAND,8331,Bussi- ja trammijuhid,Tartu maakond,3
396,LABOUR_DEMAND,8331,Bussi- ja trammijuhid,Valga maakond,3
396,LABOUR_DEMAND,8331,Bussi- ja trammijuhid,Võru maakond,3
396,LABOUR_DEMAND,8332,Veoautojuhid,Kogu Eesti,3
396,LABOUR_DEMAND,8332,Veoautojuhid,Harju maakond,3
396,LABOUR_DEMAND,8332,Veoautojuhid,Hiiu maakond,3
396,LABOUR_DEMAND,8332,Veoautojuhid,Ida-Viru maakond,3
396,LABOUR_DEMAND,8332,Veoautojuhid,Jõgeva maakond,3
396,LABOUR_DEMAND,8332,Veoautojuhid,Järva maakond,3
396,LABOUR_DEMAND,8332,Veoautojuhid,Lääne maakond,3
396,LABOUR_DEMAND,8332,Veoautojuhid,Lääne-Viru maakond,3
396,LABOUR_DEMAND,8332,Veoautojuhid,Põlva maakond,3
396,LABOUR_DEMAND,8332,Veoautojuhid,Pärnu maakond,3
396,LABOUR_DEMAND,8332,Veoautojuhid,Rapla maakond,3
396,LABOUR_DEMAND,8332,Veoautojuhid,Saare maakond,3
396,LABOUR_DEMAND,8332,Veoautojuhid,Tartu maakond,3
396,LABOUR_DEMAND,8332,Veoautojuhid,Valga maakond,3
396,LABOUR_DEMAND,8332,Veoautojuhid,Viljandi maakond,3
396,LABOUR_DEMAND,8332,Veoautojuhid,Võru maakond,3
396,LABOUR_DEMAND,8341,Farmi- ja metsatööseadmete juhid,Kogu Eesti,3
396,LABOUR_DEMAND,8341,Farmi- ja metsatööseadmete juhid,Harju maakond,3
396,LABOUR_DEMAND,8341,Farmi- ja metsatööseadmete juhid,Hiiu maakond,5
396,LABOUR_DEMAND,8341,Farmi- ja metsatööseadmete juhid,Ida-Viru maakond,3
396,LABOUR_DEMAND,8341,Farmi- ja metsatööseadmete juhid,Jõgeva maakond,3
396,LABOUR_DEMAND,8341,Farmi- ja metsatööseadmete juhid,Järva maakond,3
396,LABOUR_DEMAND,8341,Farmi- ja metsatööseadmete juhid,Lääne maakond,3
396,LABOUR_DEMAND,8341,Farmi- ja metsatööseadmete juhid,Lääne-Viru maakond,3
396,LABOUR_DEMAND,8341,Farmi- ja metsatööseadmete juhid,Põlva maakond,3
396,LABOUR_DEMAND,8341,Farmi- ja metsatööseadmete juhid,Pärnu maakond,3
396,LABOUR_DEMAND,8341,Farmi- ja metsatööseadmete juhid,Rapla maakond,3
396,LABOUR_DEMAND,8341,Farmi- ja metsatööseadmete juhid,Saare maakond,3
396,LABOUR_DEMAND,8341,Farmi- ja metsatööseadmete juhid,Tartu maakond,3
396,LABOUR_DEMAND,8341,Farmi- ja metsatööseadmete juhid,Valga maakond,3
396,LABOUR_DEMAND,8341,Farmi- ja metsatööseadmete juhid,Viljandi maakond,3
396,LABOUR_DEMAND,8341,Farmi- ja metsatööseadmete juhid,Võru maakond,3
396,LABOUR_DEMAND,8342,"Maaparandus-, tee- jms masinate juhid",Kogu Eesti,3
396,LABOUR_DEMAND,8342,"Maaparandus-, tee- jms masinate juhid",Harju maakond,3
396,LABOUR_DEMAND,8342,"Maaparandus-, tee- jms masinate juhid",Hiiu maakond,3
396,LABOUR_DEMAND,8342,"Maaparandus-, tee- jms masinate juhid",Ida-Viru maakond,3
396,LABOUR_DEMAND,8342,"Maaparandus-, tee- jms masinate juhid",Jõgeva maakond,3
396,LABOUR_DEMAND,8342,"Maaparandus-, tee- jms masinate juhid",Järva maakond,3
396,LABOUR_DEMAND,8342,"Maaparandus-, tee- jms masinate juhid",Lääne maakond,3
396,LABOUR_DEMAND,8342,"Maaparandus-, tee- jms masinate juhid",Lääne-Viru maakond,3
396,LABOUR_DEMAND,8342,"Maaparandus-, tee- jms masinate juhid",Põlva maakond,3
396,LABOUR_DEMAND,8342,"Maaparandus-, tee- jms masinate juhid",Pärnu maakond,2
396,LABOUR_DEMAND,8342,"Maaparandus-, tee- jms masinate juhid",Rapla maakond,3
396,LABOUR_DEMAND,8342,"Maaparandus-, tee- jms masinate juhid",Tartu maakond,3
396,LABOUR_DEMAND,8342,"Maaparandus-, tee- jms masinate juhid",Valga maakond,3
396,LABOUR_DEMAND,8342,"Maaparandus-, tee- jms masinate juhid",Viljandi maakond,3
396,LABOUR_DEMAND,8342,"Maaparandus-, tee- jms masinate juhid",Võru maakond,3
396,LABOUR_DEMAND,8343,"Kraana-, tõstuki- jm tõsteseadmete juhid",Kogu Eesti,3
396,LABOUR_DEMAND,8343,"Kraana-, tõstuki- jm tõsteseadmete juhid",Harju maakond,3
396,LABOUR_DEMAND,8343,"Kraana-, tõstuki- jm tõsteseadmete juhid",Ida-Viru maakond,3
396,LABOUR_DEMAND,8343,"Kraana-, tõstuki- jm tõsteseadmete juhid",Valga maakond,3
396,LABOUR_DEMAND,8344,Autotõstukijuhid,Kogu Eesti,3
396,LABOUR_DEMAND,8344,Autotõstukijuhid,Harju maakond,3
396,LABOUR_DEMAND,8344,Autotõstukijuhid,Ida-Viru maakond,3
396,LABOUR_DEMAND,8344,Autotõstukijuhid,Jõgeva maakond,3
396,LABOUR_DEMAND,8344,Autotõstukijuhid,Järva maakond,3
396,LABOUR_DEMAND,8344,Autotõstukijuhid,Lääne maakond,3
396,LABOUR_DEMAND,8344,Autotõstukijuhid,Lääne-Viru maakond,3
396,LABOUR_DEMAND,8344,Autotõstukijuhid,Põlva maakond,3
396,LABOUR_DEMAND,8344,Autotõstukijuhid,Pärnu maakond,3
396,LABOUR_DEMAND,8344,Autotõstukijuhid,Rapla maakond,3
396,LABOUR_DEMAND,8344,Autotõstukijuhid,Saare maakond,3
396,LABOUR_DEMAND,8344,Autotõstukijuhid,Tartu maakond,3
396,LABOUR_DEMAND,8344,Autotõstukijuhid,Valga maakond,3
396,LABOUR_DEMAND,8344,Autotõstukijuhid,Viljandi maakond,3
396,LABOUR_DEMAND,8344,Autotõstukijuhid,Võru maakond,3
396,LABOUR_DEMAND,8350,Laeva tekimeeskond jms töötajad,Hiiu maakond,3
396,LABOUR_DEMAND,8350,Laeva tekimeeskond jms töötajad,Lääne maakond,3
396,LABOUR_DEMAND,8350,Laeva tekimeeskond jms töötajad,Saare maakond,3
396,LABOUR_DEMAND,9112,"Abilised ning koristajad kontorites, hotellides jms asutustes",Kogu Eesti,3
396,LABOUR_DEMAND,9112,"Abilised ning koristajad kontorites, hotellides jms asutustes",Harju maakond,3
396,LABOUR_DEMAND,9112,"Abilised ning koristajad kontorites, hotellides jms asutustes",Hiiu maakond,3
396,LABOUR_DEMAND,9112,"Abilised ning koristajad kontorites, hotellides jms asutustes",Ida-Viru maakond,2
396,LABOUR_DEMAND,9112,"Abilised ning koristajad kontorites, hotellides jms asutustes",Jõgeva maakond,3
396,LABOUR_DEMAND,9112,"Abilised ning koristajad kontorites, hotellides jms asutustes",Järva maakond,3
396,LABOUR_DEMAND,9112,"Abilised ning koristajad kontorites, hotellides jms asutustes",Lääne maakond,3
396,LABOUR_DEMAND,9112,"Abilised ning koristajad kontorites, hotellides jms asutustes",Lääne-Viru maakond,3
396,LABOUR_DEMAND,9112,"Abilised ning koristajad kontorites, hotellides jms asutustes",Põlva maakond,3
396,LABOUR_DEMAND,9112,"Abilised ning koristajad kontorites, hotellides jms asutustes",Pärnu maakond,3
396,LABOUR_DEMAND,9112,"Abilised ning koristajad kontorites, hotellides jms asutustes",Rapla maakond,3
396,LABOUR_DEMAND,9112,"Abilised ning koristajad kontorites, hotellides jms asutustes",Saare maakond,3
396,LABOUR_DEMAND,9112,"Abilised ning koristajad kontorites, hotellides jms asutustes",Tartu maakond,3
396,LABOUR_DEMAND,9112,"Abilised ning koristajad kontorites, hotellides jms asutustes",Valga maakond,3
396,LABOUR_DEMAND,9112,"Abilised ning koristajad kontorites, hotellides jms asutustes",Viljandi maakond,3
396,LABOUR_DEMAND,9112,"Abilised ning koristajad kontorites, hotellides jms asutustes",Võru maakond,3
396,LABOUR_DEMAND,9121,Pesupesijad ja triikijad,Lääne maakond,3
396,LABOUR_DEMAND,9121,Pesupesijad ja triikijad,Rapla maakond,3
396,LABOUR_DEMAND,9121,Pesupesijad ja triikijad,Saare maakond,3
396,LABOUR_DEMAND,9122,Sõidukipesijad,Kogu Eesti,3
396,LABOUR_DEMAND,9122,Sõidukipesijad,Harju maakond,3
396,LABOUR_DEMAND,9122,Sõidukipesijad,Ida-Viru maakond,3
396,LABOUR_DEMAND,9122,Sõidukipesijad,Jõgeva maakond,3
396,LABOUR_DEMAND,9122,Sõidukipesijad,Lääne maakond,3
396,LABOUR_DEMAND,9122,Sõidukipesijad,Tartu maakond,3
396,LABOUR_DEMAND,9122,Sõidukipesijad,Valga maakond,3
396,LABOUR_DEMAND,9122,Sõidukipesijad,Viljandi maakond,3
396,LABOUR_DEMAND,9211,Taimekasvatuse lihttöölised,Kogu Eesti,3
396,LABOUR_DEMAND,9211,Taimekasvatuse lihttöölised,Ida-Viru maakond,3
396,LABOUR_DEMAND,9211,Taimekasvatuse lihttöölised,Jõgeva maakond,3
396,LABOUR_DEMAND,9211,Taimekasvatuse lihttöölised,Järva maakond,3
396,LABOUR_DEMAND,9211,Taimekasvatuse lihttöölised,Lääne maakond,3
396,LABOUR_DEMAND,9211,Taimekasvatuse lihttöölised,Lääne-Viru maakond,3
396,LABOUR_DEMAND,9211,Taimekasvatuse lihttöölised,Põlva maakond,3
396,LABOUR_DEMAND,9211,Taimekasvatuse lihttöölised,Pärnu maakond,3
396,LABOUR_DEMAND,9211,Taimekasvatuse lihttöölised,Rapla maakond,3
396,LABOUR_DEMAND,9211,Taimekasvatuse lihttöölised,Saare maakond,3
396,LABOUR_DEMAND,9211,Taimekasvatuse lihttöölised,Tartu maakond,3
396,LABOUR_DEMAND,9211,Taimekasvatuse lihttöölised,Valga maakond,3
396,LABOUR_DEMAND,9211,Taimekasvatuse lihttöölised,Viljandi maakond,3
396,LABOUR_DEMAND,9211,Taimekasvatuse lihttöölised,Võru maakond,3
396,LABOUR_DEMAND,9212,"Looma-, linnu- jms kasvatuse lihttöölised",Kogu Eesti,3
396,LABOUR_DEMAND,9212,"Looma-, linnu- jms kasvatuse lihttöölised",Hiiu maakond,3
396,LABOUR_DEMAND,9212,"Looma-, linnu- jms kasvatuse lihttöölised",Jõgeva maakond,3
396,LABOUR_DEMAND,9212,"Looma-, linnu- jms kasvatuse lihttöölised",Järva maakond,3
396,LABOUR_DEMAND,9212,"Looma-, linnu- jms kasvatuse lihttöölised",Lääne maakond,3
396,LABOUR_DEMAND,9212,"Looma-, linnu- jms kasvatuse lihttöölised",Lääne-Viru maakond,3
396,LABOUR_DEMAND,9212,"Looma-, linnu- jms kasvatuse lihttöölised",Põlva maakond,3
396,LABOUR_DEMAND,9212,"Looma-, linnu- jms kasvatuse lihttöölised",Pärnu maakond,3
396,LABOUR_DEMAND,9212,"Looma-, linnu- jms kasvatuse lihttöölised",Rapla maakond,3
396,LABOUR_DEMAND,9212,"Looma-, linnu- jms kasvatuse lihttöölised",Saare maakond,3
396,LABOUR_DEMAND,9212,"Looma-, linnu- jms kasvatuse lihttöölised",Tartu maakond,3
396,LABOUR_DEMAND,9212,"Looma-, linnu- jms kasvatuse lihttöölised",Valga maakond,3
396,LABOUR_DEMAND,9212,"Looma-, linnu- jms kasvatuse lihttöölised",Viljandi maakond,3
396,LABOUR_DEMAND,9212,"Looma-, linnu- jms kasvatuse lihttöölised",Võru maakond,3
396,LABOUR_DEMAND,9213,Põllusaaduste ja loomakasvatuse lihttöölised,Lääne maakond,3
396,LABOUR_DEMAND,9213,Põllusaaduste ja loomakasvatuse lihttöölised,Pärnu maakond,3
396,LABOUR_DEMAND,9213,Põllusaaduste ja loomakasvatuse lihttöölised,Saare maakond,3
396,LABOUR_DEMAND,9213,Põllusaaduste ja loomakasvatuse lihttöölised,Viljandi maakond,3
396,LABOUR_DEMAND,9214,Aianduse lihttöölised,Kogu Eesti,3
396,LABOUR_DEMAND,9214,Aianduse lihttöölised,Harju maakond,3
396,LABOUR_DEMAND,9214,Aianduse lihttöölised,Hiiu maakond,3
396,LABOUR_DEMAND,9214,Aianduse lihttöölised,Ida-Viru maakond,3
396,LABOUR_DEMAND,9214,Aianduse lihttöölised,Jõgeva maakond,3
396,LABOUR_DEMAND,9214,Aianduse lihttöölised,Järva maakond,3
396,LABOUR_DEMAND,9214,Aianduse lihttöölised,Lääne maakond,3
396,LABOUR_DEMAND,9214,Aianduse lihttöölised,Lääne-Viru maakond,3
396,LABOUR_DEMAND,9214,Aianduse lihttöölised,Põlva maakond,3
396,LABOUR_DEMAND,9214,Aianduse lihttöölised,Pärnu maakond,3
396,LABOUR_DEMAND,9214,Aianduse lihttöölised,Rapla maakond,3
396,LABOUR_DEMAND,9214,Aianduse lihttöölised,Saare maakond,3
396,LABOUR_DEMAND,9214,Aianduse lihttöölised,Tartu maakond,3
396,LABOUR_DEMAND,9214,Aianduse lihttöölised,Valga maakond,3
396,LABOUR_DEMAND,9214,Aianduse lihttöölised,Viljandi maakond,3
396,LABOUR_DEMAND,9214,Aianduse lihttöölised,Võru maakond,3
396,LABOUR_DEMAND,9215,Metsanduse lihttöölised,Kogu Eesti,3
396,LABOUR_DEMAND,9215,Metsanduse lihttöölised,Ida-Viru maakond,3
396,LABOUR_DEMAND,9215,Metsanduse lihttöölised,Jõgeva maakond,3
396,LABOUR_DEMAND,9215,Metsanduse lihttöölised,Järva maakond,3
396,LABOUR_DEMAND,9215,Metsanduse lihttöölised,Lääne maakond,3
396,LABOUR_DEMAND,9215,Metsanduse lihttöölised,Lääne-Viru maakond,3
396,LABOUR_DEMAND,9215,Metsanduse lihttöölised,Põlva maakond,3
396,LABOUR_DEMAND,9215,Metsanduse lihttöölised,Pärnu maakond,3
396,LABOUR_DEMAND,9215,Metsanduse lihttöölised,Rapla maakond,4
396,LABOUR_DEMAND,9215,Metsanduse lihttöölised,Saare maakond,3
396,LABOUR_DEMAND,9215,Metsanduse lihttöölised,Valga maakond,3
396,LABOUR_DEMAND,9215,Metsanduse lihttöölised,Viljandi maakond,3
396,LABOUR_DEMAND,9215,Metsanduse lihttöölised,Võru maakond,3
396,LABOUR_DEMAND,9311,Kaevanduse ja karjääri lihttöölised,Ida-Viru maakond,4
396,LABOUR_DEMAND,9311,Kaevanduse ja karjääri lihttöölised,Lääne maakond,3
396,LABOUR_DEMAND,9312,"Teede, tammide jms ehitamise ja korrashoiu lihttöölised",Kogu Eesti,3
396,LABOUR_DEMAND,9312,"Teede, tammide jms ehitamise ja korrashoiu lihttöölised",Harju maakond,3
396,LABOUR_DEMAND,9312,"Teede, tammide jms ehitamise ja korrashoiu lihttöölised",Hiiu maakond,3
396,LABOUR_DEMAND,9312,"Teede, tammide jms ehitamise ja korrashoiu lihttöölised",Ida-Viru maakond,3
396,LABOUR_DEMAND,9312,"Teede, tammide jms ehitamise ja korrashoiu lihttöölised",Jõgeva maakond,3
396,LABOUR_DEMAND,9312,"Teede, tammide jms ehitamise ja korrashoiu lihttöölised",Järva maakond,3
396,LABOUR_DEMAND,9312,"Teede, tammide jms ehitamise ja korrashoiu lihttöölised",Lääne maakond,3
396,LABOUR_DEMAND,9312,"Teede, tammide jms ehitamise ja korrashoiu lihttöölised",Lääne-Viru maakond,3
396,LABOUR_DEMAND,9312,"Teede, tammide jms ehitamise ja korrashoiu lihttöölised",Põlva maakond,3
396,LABOUR_DEMAND,9312,"Teede, tammide jms ehitamise ja korrashoiu lihttöölised",Pärnu maakond,3
396,LABOUR_DEMAND,9312,"Teede, tammide jms ehitamise ja korrashoiu lihttöölised",Rapla maakond,3
396,LABOUR_DEMAND,9312,"Teede, tammide jms ehitamise ja korrashoiu lihttöölised",Saare maakond,3
396,LABOUR_DEMAND,9312,"Teede, tammide jms ehitamise ja korrashoiu lihttöölised",Tartu maakond,3
396,LABOUR_DEMAND,9312,"Teede, tammide jms ehitamise ja korrashoiu lihttöölised",Valga maakond,3
396,LABOUR_DEMAND,9312,"Teede, tammide jms ehitamise ja korrashoiu lihttöölised",Võru maakond,3
396,LABOUR_DEMAND,9313,Hooneehituse lihttöölised,Kogu Eesti,3
396,LABOUR_DEMAND,9313,Hooneehituse lihttöölised,Harju maakond,3
396,LABOUR_DEMAND,9313,Hooneehituse lihttöölised,Hiiu maakond,3
396,LABOUR_DEMAND,9313,Hooneehituse lihttöölised,Ida-Viru maakond,3
396,LABOUR_DEMAND,9313,Hooneehituse lihttöölised,Jõgeva maakond,3
396,LABOUR_DEMAND,9313,Hooneehituse lihttöölised,Järva maakond,3
396,LABOUR_DEMAND,9313,Hooneehituse lihttöölised,Lääne maakond,3
396,LABOUR_DEMAND,9313,Hooneehituse lihttöölised,Lääne-Viru maakond,3
396,LABOUR_DEMAND,9313,Hooneehituse lihttöölised,Põlva maakond,3
396,LABOUR_DEMAND,9313,Hooneehituse lihttöölised,Pärnu maakond,3
396,LABOUR_DEMAND,9313,Hooneehituse lihttöölised,Rapla maakond,4
396,LABOUR_DEMAND,9313,Hooneehituse lihttöölised,Saare maakond,3
396,LABOUR_DEMAND,9313,Hooneehituse lihttöölised,Tartu maakond,3
396,LABOUR_DEMAND,9313,Hooneehituse lihttöölised,Valga maakond,3
396,LABOUR_DEMAND,9313,Hooneehituse lihttöölised,Viljandi maakond,3
396,LABOUR_DEMAND,9313,Hooneehituse lihttöölised,Võru maakond,3
396,LABOUR_DEMAND,9321,Pakkijad,Kogu Eesti,3
396,LABOUR_DEMAND,9321,Pakkijad,Harju maakond,3
396,LABOUR_DEMAND,9321,Pakkijad,Hiiu maakond,3
396,LABOUR_DEMAND,9321,Pakkijad,Ida-Viru maakond,3
396,LABOUR_DEMAND,9321,Pakkijad,Jõgeva maakond,3
396,LABOUR_DEMAND,9321,Pakkijad,Järva maakond,3
396,LABOUR_DEMAND,9321,Pakkijad,Lääne maakond,3
396,LABOUR_DEMAND,9321,Pakkijad,Lääne-Viru maakond,3
396,LABOUR_DEMAND,9321,Pakkijad,Põlva maakond,3
396,LABOUR_DEMAND,9321,Pakkijad,Pärnu maakond,3
396,LABOUR_DEMAND,9321,Pakkijad,Rapla maakond,3
396,LABOUR_DEMAND,9321,Pakkijad,Saare maakond,3
396,LABOUR_DEMAND,9321,Pakkijad,Tartu maakond,3
396,LABOUR_DEMAND,9321,Pakkijad,Valga maakond,3
396,LABOUR_DEMAND,9321,Pakkijad,Viljandi maakond,3
396,LABOUR_DEMAND,9321,Pakkijad,Võru maakond,3
396,LABOUR_DEMAND,9329,Mujal liigitamata tootmislihttöölised,Kogu Eesti,3
396,LABOUR_DEMAND,9329,Mujal liigitamata tootmislihttöölised,Harju maakond,3
396,LABOUR_DEMAND,9329,Mujal liigitamata tootmislihttöölised,Hiiu maakond,3
396,LABOUR_DEMAND,9329,Mujal liigitamata tootmislihttöölised,Ida-Viru maakond,3
396,LABOUR_DEMAND,9329,Mujal liigitamata tootmislihttöölised,Jõgeva maakond,3
396,LABOUR_DEMAND,9329,Mujal liigitamata tootmislihttöölised,Järva maakond,3
396,LABOUR_DEMAND,9329,Mujal liigitamata tootmislihttöölised,Lääne maakond,3
396,LABOUR_DEMAND,9329,Mujal liigitamata tootmislihttöölised,Lääne-Viru maakond,3
396,LABOUR_DEMAND,9329,Mujal liigitamata tootmislihttöölised,Põlva maakond,3
396,LABOUR_DEMAND,9329,Mujal liigitamata tootmislihttöölised,Pärnu maakond,3
396,LABOUR_DEMAND,9329,Mujal liigitamata tootmislihttöölised,Rapla maakond,3
396,LABOUR_DEMAND,9329,Mujal liigitamata tootmislihttöölised,Saare maakond,3
396,LABOUR_DEMAND,9329,Mujal liigitamata tootmislihttöölised,Tartu maakond,3
396,LABOUR_DEMAND,9329,Mujal liigitamata tootmislihttöölised,Valga maakond,3
396,LABOUR_DEMAND,9329,Mujal liigitamata tootmislihttöölised,Viljandi maakond,3
396,LABOUR_DEMAND,9329,Mujal liigitamata tootmislihttöölised,Võru maakond,3
396,LABOUR_DEMAND,9333,Transporditöölised ja laadijad,Kogu Eesti,3
396,LABOUR_DEMAND,9333,Transporditöölised ja laadijad,Harju maakond,3
396,LABOUR_DEMAND,9333,Transporditöölised ja laadijad,Hiiu maakond,3
396,LABOUR_DEMAND,9333,Transporditöölised ja laadijad,Ida-Viru maakond,3
396,LABOUR_DEMAND,9333,Transporditöölised ja laadijad,Jõgeva maakond,3
396,LABOUR_DEMAND,9333,Transporditöölised ja laadijad,Järva maakond,3
396,LABOUR_DEMAND,9333,Transporditöölised ja laadijad,Lääne maakond,3
396,LABOUR_DEMAND,9333,Transporditöölised ja laadijad,Lääne-Viru maakond,3
396,LABOUR_DEMAND,9333,Transporditöölised ja laadijad,Põlva maakond,3
396,LABOUR_DEMAND,9333,Transporditöölised ja laadijad,Pärnu maakond,3
396,LABOUR_DEMAND,9333,Transporditöölised ja laadijad,Rapla maakond,3
396,LABOUR_DEMAND,9333,Transporditöölised ja laadijad,Saare maakond,3
396,LABOUR_DEMAND,9333,Transporditöölised ja laadijad,Tartu maakond,3
396,LABOUR_DEMAND,9333,Transporditöölised ja laadijad,Valga maakond,3
396,LABOUR_DEMAND,9333,Transporditöölised ja laadijad,Viljandi maakond,3
396,LABOUR_DEMAND,9333,Transporditöölised ja laadijad,Võru maakond,3
396,LABOUR_DEMAND,9334,Kaubaladujad,Kogu Eesti,3
396,LABOUR_DEMAND,9334,Kaubaladujad,Harju maakond,3
396,LABOUR_DEMAND,9334,Kaubaladujad,Ida-Viru maakond,3
396,LABOUR_DEMAND,9334,Kaubaladujad,Järva maakond,3
396,LABOUR_DEMAND,9334,Kaubaladujad,Lääne maakond,3
396,LABOUR_DEMAND,9334,Kaubaladujad,Lääne-Viru maakond,3
396,LABOUR_DEMAND,9334,Kaubaladujad,Põlva maakond,4
396,LABOUR_DEMAND,9334,Kaubaladujad,Pärnu maakond,3
396,LABOUR_DEMAND,9334,Kaubaladujad,Rapla maakond,3
396,LABOUR_DEMAND,9334,Kaubaladujad,Saare maakond,3
396,LABOUR_DEMAND,9334,Kaubaladujad,Tartu maakond,3
396,LABOUR_DEMAND,9334,Kaubaladujad,Valga maakond,3
396,LABOUR_DEMAND,9334,Kaubaladujad,Viljandi maakond,3
396,LABOUR_DEMAND,9334,Kaubaladujad,Võru maakond,3
396,LABOUR_DEMAND,9411,Kiirtoitlustuskettide abitöölised,Kogu Eesti,3
396,LABOUR_DEMAND,9411,Kiirtoitlustuskettide abitöölised,Harju maakond,3
396,LABOUR_DEMAND,9411,Kiirtoitlustuskettide abitöölised,Ida-Viru maakond,3
396,LABOUR_DEMAND,9411,Kiirtoitlustuskettide abitöölised,Lääne-Viru maakond,3
396,LABOUR_DEMAND,9411,Kiirtoitlustuskettide abitöölised,Pärnu maakond,3
396,LABOUR_DEMAND,9411,Kiirtoitlustuskettide abitöölised,Rapla maakond,3
396,LABOUR_DEMAND,9411,Kiirtoitlustuskettide abitöölised,Tartu maakond,3
396,LABOUR_DEMAND,9412,Köögiabilised,Kogu Eesti,3
396,LABOUR_DEMAND,9412,Köögiabilised,Harju maakond,3
396,LABOUR_DEMAND,9412,Köögiabilised,Hiiu maakond,3
396,LABOUR_DEMAND,9412,Köögiabilised,Ida-Viru maakond,3
396,LABOUR_DEMAND,9412,Köögiabilised,Jõgeva maakond,3
396,LABOUR_DEMAND,9412,Köögiabilised,Järva maakond,3
396,LABOUR_DEMAND,9412,Köögiabilised,Lääne maakond,3
396,LABOUR_DEMAND,9412,Köögiabilised,Lääne-Viru maakond,3
396,LABOUR_DEMAND,9412,Köögiabilised,Põlva maakond,3
396,LABOUR_DEMAND,9412,Köögiabilised,Pärnu maakond,3
396,LABOUR_DEMAND,9412,Köögiabilised,Rapla maakond,3
396,LABOUR_DEMAND,9412,Köögiabilised,Saare maakond,3
396,LABOUR_DEMAND,9412,Köögiabilised,Tartu maakond,3
396,LABOUR_DEMAND,9412,Köögiabilised,Valga maakond,3
396,LABOUR_DEMAND,9412,Köögiabilised,Viljandi maakond,3
396,LABOUR_DEMAND,9412,Köögiabilised,Võru maakond,3
396,LABOUR_DEMAND,9612,Prügisorteerijad,Kogu Eesti,3
396,LABOUR_DEMAND,9612,Prügisorteerijad,Harju maakond,3
396,LABOUR_DEMAND,9612,Prügisorteerijad,Ida-Viru maakond,3
396,LABOUR_DEMAND,9612,Prügisorteerijad,Järva maakond,3
396,LABOUR_DEMAND,9612,Prügisorteerijad,Lääne maakond,3
396,LABOUR_DEMAND,9612,Prügisorteerijad,Põlva maakond,3
396,LABOUR_DEMAND,9612,Prügisorteerijad,Pärnu maakond,3
396,LABOUR_DEMAND,9612,Prügisorteerijad,Rapla maakond,3
396,LABOUR_DEMAND,9612,Prügisorteerijad,Saare maakond,3
396,LABOUR_DEMAND,9612,Prügisorteerijad,Valga maakond,2
396,LABOUR_DEMAND,9613,Pühkijad jms lihttöölised,Kogu Eesti,3
396,LABOUR_DEMAND,9613,Pühkijad jms lihttöölised,Harju maakond,3
396,LABOUR_DEMAND,9613,Pühkijad jms lihttöölised,Hiiu maakond,3
396,LABOUR_DEMAND,9613,Pühkijad jms lihttöölised,Ida-Viru maakond,3
396,LABOUR_DEMAND,9613,Pühkijad jms lihttöölised,Jõgeva maakond,3
396,LABOUR_DEMAND,9613,Pühkijad jms lihttöölised,Järva maakond,3
396,LABOUR_DEMAND,9613,Pühkijad jms lihttöölised,Lääne maakond,3
396,LABOUR_DEMAND,9613,Pühkijad jms lihttöölised,Lääne-Viru maakond,3
396,LABOUR_DEMAND,9613,Pühkijad jms lihttöölised,Põlva maakond,3
396,LABOUR_DEMAND,9613,Pühkijad jms lihttöölised,Pärnu maakond,3
396,LABOUR_DEMAND,9613,Pühkijad jms lihttöölised,Rapla maakond,3
396,LABOUR_DEMAND,9613,Pühkijad jms lihttöölised,Saare maakond,3
396,LABOUR_DEMAND,9613,Pühkijad jms lihttöölised,Tartu maakond,3
396,LABOUR_DEMAND,9613,Pühkijad jms lihttöölised,Valga maakond,3
396,LABOUR_DEMAND,9613,Pühkijad jms lihttöölised,Viljandi maakond,3
396,LABOUR_DEMAND,9613,Pühkijad jms lihttöölised,Võru maakond,3
396,LABOUR_DEMAND,9622,Halduse abitöölised,Kogu Eesti,3
396,LABOUR_DEMAND,9622,Halduse abitöölised,Harju maakond,3
396,LABOUR_DEMAND,9622,Halduse abitöölised,Hiiu maakond,3
396,LABOUR_DEMAND,9622,Halduse abitöölised,Ida-Viru maakond,3
396,LABOUR_DEMAND,9622,Halduse abitöölised,Jõgeva maakond,3
396,LABOUR_DEMAND,9622,Halduse abitöölised,Järva maakond,3
396,LABOUR_DEMAND,9622,Halduse abitöölised,Lääne maakond,3
396,LABOUR_DEMAND,9622,Halduse abitöölised,Lääne-Viru maakond,3
396,LABOUR_DEMAND,9622,Halduse abitöölised,Põlva maakond,3
396,LABOUR_DEMAND,9622,Halduse abitöölised,Pärnu maakond,3
396,LABOUR_DEMAND,9622,Halduse abitöölised,Rapla maakond,3
396,LABOUR_DEMAND,9622,Halduse abitöölised,Saare maakond,3
396,LABOUR_DEMAND,9622,Halduse abitöölised,Tartu maakond,3
396,LABOUR_DEMAND,9622,Halduse abitöölised,Valga maakond,3
396,LABOUR_DEMAND,9622,Halduse abitöölised,Viljandi maakond,3
396,LABOUR_DEMAND,9622,Halduse abitöölised,Võru maakond,3
396,LABOUR_DEMAND,9624,Veekandjad ja küttepuude kogujad,Jõgeva maakond,3
396,LABOUR_DEMAND,9624,Veekandjad ja küttepuude kogujad,Viljandi maakond,3
396,LABOUR_DEMAND,9629,Mujal liigitamata lihttöölised,Kogu Eesti,3
396,LABOUR_DEMAND,9629,Mujal liigitamata lihttöölised,Harju maakond,3
396,LABOUR_DEMAND,9629,Mujal liigitamata lihttöölised,Hiiu maakond,3
396,LABOUR_DEMAND,9629,Mujal liigitamata lihttöölised,Ida-Viru maakond,3
396,LABOUR_DEMAND,9629,Mujal liigitamata lihttöölised,Jõgeva maakond,3
396,LABOUR_DEMAND,9629,Mujal liigitamata lihttöölised,Järva maakond,3
396,LABOUR_DEMAND,9629,Mujal liigitamata lihttöölised,Lääne maakond,3
396,LABOUR_DEMAND,9629,Mujal liigitamata lihttöölised,Lääne-Viru maakond,3
396,LABOUR_DEMAND,9629,Mujal liigitamata lihttöölised,Põlva maakond,3
396,LABOUR_DEMAND,9629,Mujal liigitamata lihttöölised,Pärnu maakond,3
396,LABOUR_DEMAND,9629,Mujal liigitamata lihttöölised,Rapla maakond,3
396,LABOUR_DEMAND,9629,Mujal liigitamata lihttöölised,Saare maakond,3
396,LABOUR_DEMAND,9629,Mujal liigitamata lihttöölised,Tartu maakond,3
396,LABOUR_DEMAND,9629,Mujal liigitamata lihttöölised,Valga maakond,3
396,LABOUR_DEMAND,9629,Mujal liigitamata lihttöölised,Viljandi maakond,3
396,LABOUR_DEMAND,9629,Mujal liigitamata lihttöölised,Võru maakond,3
